-- MySQL dump 10.13  Distrib 5.7.23, for Linux (x86_64)
--
-- Host: localhost    Database: robo_tmp_db
-- ------------------------------------------------------
-- Server version	5.7.23-0ubuntu0.18.04.1

/*!40101 SET @OLD_CHARACTER_SET_CLIENT=@@CHARACTER_SET_CLIENT */;
/*!40101 SET @OLD_CHARACTER_SET_RESULTS=@@CHARACTER_SET_RESULTS */;
/*!40101 SET @OLD_COLLATION_CONNECTION=@@COLLATION_CONNECTION */;
/*!40101 SET NAMES utf8 */;
/*!40103 SET @OLD_TIME_ZONE=@@TIME_ZONE */;
/*!40103 SET TIME_ZONE='+00:00' */;
/*!40014 SET @OLD_UNIQUE_CHECKS=@@UNIQUE_CHECKS, UNIQUE_CHECKS=0 */;
/*!40014 SET @OLD_FOREIGN_KEY_CHECKS=@@FOREIGN_KEY_CHECKS, FOREIGN_KEY_CHECKS=0 */;
/*!40101 SET @OLD_SQL_MODE=@@SQL_MODE, SQL_MODE='NO_AUTO_VALUE_ON_ZERO' */;
/*!40111 SET @OLD_SQL_NOTES=@@SQL_NOTES, SQL_NOTES=0 */;

--
-- Table structure for table `xlite_access_control_cells`
--

DROP TABLE IF EXISTS `xlite_access_control_cells`;
/*!40101 SET @saved_cs_client     = @@character_set_client */;
/*!40101 SET character_set_client = utf8 */;
CREATE TABLE `xlite_access_control_cells` (
  `id` int(10) unsigned NOT NULL AUTO_INCREMENT,
  `hash` varchar(255) COLLATE utf8_unicode_ci DEFAULT NULL,
  `returnData` varchar(255) COLLATE utf8_unicode_ci NOT NULL,
  `resendMethod` varchar(255) COLLATE utf8_unicode_ci DEFAULT NULL,
  `date` int(11) NOT NULL,
  PRIMARY KEY (`id`),
  UNIQUE KEY `hash` (`hash`)
) ENGINE=InnoDB DEFAULT CHARSET=utf8 COLLATE=utf8_unicode_ci;
/*!40101 SET character_set_client = @saved_cs_client */;

--
-- Dumping data for table `xlite_access_control_cells`
--

LOCK TABLES `xlite_access_control_cells` WRITE;
/*!40000 ALTER TABLE `xlite_access_control_cells` DISABLE KEYS */;
/*!40000 ALTER TABLE `xlite_access_control_cells` ENABLE KEYS */;
UNLOCK TABLES;

--
-- Table structure for table `xlite_access_control_entities`
--

DROP TABLE IF EXISTS `xlite_access_control_entities`;
/*!40101 SET @saved_cs_client     = @@character_set_client */;
/*!40101 SET character_set_client = utf8 */;
CREATE TABLE `xlite_access_control_entities` (
  `id` int(10) unsigned NOT NULL AUTO_INCREMENT,
  `type_id` int(10) unsigned DEFAULT NULL,
  `cell_id` int(10) unsigned DEFAULT NULL,
  `uid` int(10) unsigned NOT NULL,
  PRIMARY KEY (`id`),
  KEY `IDX_A98BAB59C54C8C93` (`type_id`),
  KEY `IDX_A98BAB59CB39D93A` (`cell_id`),
  CONSTRAINT `FK_A98BAB59C54C8C93` FOREIGN KEY (`type_id`) REFERENCES `xlite_access_control_entity_types` (`id`) ON DELETE CASCADE,
  CONSTRAINT `FK_A98BAB59CB39D93A` FOREIGN KEY (`cell_id`) REFERENCES `xlite_access_control_cells` (`id`) ON DELETE CASCADE
) ENGINE=InnoDB DEFAULT CHARSET=utf8 COLLATE=utf8_unicode_ci;
/*!40101 SET character_set_client = @saved_cs_client */;

--
-- Dumping data for table `xlite_access_control_entities`
--

LOCK TABLES `xlite_access_control_entities` WRITE;
/*!40000 ALTER TABLE `xlite_access_control_entities` DISABLE KEYS */;
/*!40000 ALTER TABLE `xlite_access_control_entities` ENABLE KEYS */;
UNLOCK TABLES;

--
-- Table structure for table `xlite_access_control_entity_types`
--

DROP TABLE IF EXISTS `xlite_access_control_entity_types`;
/*!40101 SET @saved_cs_client     = @@character_set_client */;
/*!40101 SET character_set_client = utf8 */;
CREATE TABLE `xlite_access_control_entity_types` (
  `id` int(10) unsigned NOT NULL AUTO_INCREMENT,
  `type` varchar(255) COLLATE utf8_unicode_ci NOT NULL,
  PRIMARY KEY (`id`),
  UNIQUE KEY `type` (`type`)
) ENGINE=InnoDB AUTO_INCREMENT=2 DEFAULT CHARSET=utf8 COLLATE=utf8_unicode_ci;
/*!40101 SET character_set_client = @saved_cs_client */;

--
-- Dumping data for table `xlite_access_control_entity_types`
--

LOCK TABLES `xlite_access_control_entity_types` WRITE;
/*!40000 ALTER TABLE `xlite_access_control_entity_types` DISABLE KEYS */;
INSERT INTO `xlite_access_control_entity_types` VALUES (1,'\\XLite\\Model\\Order');
/*!40000 ALTER TABLE `xlite_access_control_entity_types` ENABLE KEYS */;
UNLOCK TABLES;

--
-- Table structure for table `xlite_access_control_zone_types`
--

DROP TABLE IF EXISTS `xlite_access_control_zone_types`;
/*!40101 SET @saved_cs_client     = @@character_set_client */;
/*!40101 SET character_set_client = utf8 */;
CREATE TABLE `xlite_access_control_zone_types` (
  `id` int(10) unsigned NOT NULL AUTO_INCREMENT,
  `name` varchar(255) COLLATE utf8_unicode_ci NOT NULL,
  PRIMARY KEY (`id`),
  UNIQUE KEY `name` (`name`)
) ENGINE=InnoDB AUTO_INCREMENT=2 DEFAULT CHARSET=utf8 COLLATE=utf8_unicode_ci;
/*!40101 SET character_set_client = @saved_cs_client */;

--
-- Dumping data for table `xlite_access_control_zone_types`
--

LOCK TABLES `xlite_access_control_zone_types` WRITE;
/*!40000 ALTER TABLE `xlite_access_control_zone_types` DISABLE KEYS */;
INSERT INTO `xlite_access_control_zone_types` VALUES (1,'order');
/*!40000 ALTER TABLE `xlite_access_control_zone_types` ENABLE KEYS */;
UNLOCK TABLES;

--
-- Table structure for table `xlite_access_control_zones`
--

DROP TABLE IF EXISTS `xlite_access_control_zones`;
/*!40101 SET @saved_cs_client     = @@character_set_client */;
/*!40101 SET character_set_client = utf8 */;
CREATE TABLE `xlite_access_control_zones` (
  `id` int(10) unsigned NOT NULL AUTO_INCREMENT,
  `cell_id` int(10) unsigned DEFAULT NULL,
  `type_id` int(10) unsigned DEFAULT NULL,
  PRIMARY KEY (`id`),
  UNIQUE KEY `cz` (`cell_id`,`type_id`),
  KEY `IDX_19AE0547CB39D93A` (`cell_id`),
  KEY `IDX_19AE0547C54C8C93` (`type_id`),
  CONSTRAINT `FK_19AE0547C54C8C93` FOREIGN KEY (`type_id`) REFERENCES `xlite_access_control_zone_types` (`id`) ON DELETE CASCADE,
  CONSTRAINT `FK_19AE0547CB39D93A` FOREIGN KEY (`cell_id`) REFERENCES `xlite_access_control_cells` (`id`) ON DELETE CASCADE
) ENGINE=InnoDB DEFAULT CHARSET=utf8 COLLATE=utf8_unicode_ci;
/*!40101 SET character_set_client = @saved_cs_client */;

--
-- Dumping data for table `xlite_access_control_zones`
--

LOCK TABLES `xlite_access_control_zones` WRITE;
/*!40000 ALTER TABLE `xlite_access_control_zones` DISABLE KEYS */;
/*!40000 ALTER TABLE `xlite_access_control_zones` ENABLE KEYS */;
UNLOCK TABLES;

--
-- Table structure for table `xlite_address_field`
--

DROP TABLE IF EXISTS `xlite_address_field`;
/*!40101 SET @saved_cs_client     = @@character_set_client */;
/*!40101 SET character_set_client = utf8 */;
CREATE TABLE `xlite_address_field` (
  `id` int(11) NOT NULL AUTO_INCREMENT,
  `serviceName` varchar(128) COLLATE utf8_unicode_ci NOT NULL,
  `viewGetterName` varchar(128) COLLATE utf8_unicode_ci NOT NULL,
  `schemaClass` varchar(256) COLLATE utf8_unicode_ci NOT NULL,
  `additional` tinyint(1) NOT NULL,
  `required` tinyint(1) NOT NULL,
  `enabled` tinyint(1) NOT NULL,
  `position` int(11) NOT NULL,
  PRIMARY KEY (`id`),
  UNIQUE KEY `UNIQ_2A531832912ABBB5` (`serviceName`)
) ENGINE=InnoDB AUTO_INCREMENT=12 DEFAULT CHARSET=utf8 COLLATE=utf8_unicode_ci;
/*!40101 SET character_set_client = @saved_cs_client */;

--
-- Dumping data for table `xlite_address_field`
--

LOCK TABLES `xlite_address_field` WRITE;
/*!40000 ALTER TABLE `xlite_address_field` DISABLE KEYS */;
INSERT INTO `xlite_address_field` VALUES (1,'title','','\\XLite\\View\\FormField\\Select\\Title',0,0,0,0),(2,'firstname','','\\XLite\\View\\FormField\\Input\\Text',0,1,1,0),(3,'lastname','','\\XLite\\View\\FormField\\Input\\Text',0,1,1,0),(4,'street','','\\XLite\\View\\FormField\\Input\\Text',0,1,1,0),(5,'city','','\\XLite\\View\\FormField\\Input\\Text',0,1,1,0),(6,'country_code','country_name','\\XLite\\View\\FormField\\Select\\Country',0,1,1,0),(7,'state_id','state_name','\\XLite\\View\\FormField\\Select\\State',0,1,1,0),(8,'custom_state','state_name','\\XLite\\View\\FormField\\Input\\Text',0,0,1,0),(9,'zipcode','','\\XLite\\View\\FormField\\Input\\Text',0,1,1,0),(10,'phone','','\\XLite\\View\\FormField\\Input\\Text',0,0,1,0),(11,'type','type_name','\\XLite\\View\\FormField\\Select\\AddressType',0,0,0,0);
/*!40000 ALTER TABLE `xlite_address_field` ENABLE KEYS */;
UNLOCK TABLES;

--
-- Table structure for table `xlite_address_field_translation`
--

DROP TABLE IF EXISTS `xlite_address_field_translation`;
/*!40101 SET @saved_cs_client     = @@character_set_client */;
/*!40101 SET character_set_client = utf8 */;
CREATE TABLE `xlite_address_field_translation` (
  `label_id` int(11) NOT NULL AUTO_INCREMENT,
  `id` int(11) DEFAULT NULL,
  `name` varchar(255) COLLATE utf8_unicode_ci NOT NULL,
  `code` char(2) COLLATE utf8_unicode_ci NOT NULL,
  PRIMARY KEY (`label_id`),
  KEY `IDX_430F4FF2BF396750` (`id`),
  CONSTRAINT `FK_430F4FF2BF396750` FOREIGN KEY (`id`) REFERENCES `xlite_address_field` (`id`) ON DELETE CASCADE
) ENGINE=InnoDB AUTO_INCREMENT=12 DEFAULT CHARSET=utf8 COLLATE=utf8_unicode_ci;
/*!40101 SET character_set_client = @saved_cs_client */;

--
-- Dumping data for table `xlite_address_field_translation`
--

LOCK TABLES `xlite_address_field_translation` WRITE;
/*!40000 ALTER TABLE `xlite_address_field_translation` DISABLE KEYS */;
INSERT INTO `xlite_address_field_translation` VALUES (1,1,'Title','en'),(2,2,'First name','en'),(3,3,'Last name','en'),(4,4,'Address','en'),(5,5,'City','en'),(6,6,'Country','en'),(7,7,'State','en'),(8,8,'State','en'),(9,9,'Zip code','en'),(10,10,'Phone','en'),(11,11,'Address type','en');
/*!40000 ALTER TABLE `xlite_address_field_translation` ENABLE KEYS */;
UNLOCK TABLES;

--
-- Table structure for table `xlite_address_field_value`
--

DROP TABLE IF EXISTS `xlite_address_field_value`;
/*!40101 SET @saved_cs_client     = @@character_set_client */;
/*!40101 SET character_set_client = utf8 */;
CREATE TABLE `xlite_address_field_value` (
  `id` int(11) NOT NULL AUTO_INCREMENT,
  `address_field_id` int(11) DEFAULT NULL,
  `address_id` int(11) DEFAULT NULL,
  `value` varchar(255) COLLATE utf8_unicode_ci DEFAULT NULL,
  PRIMARY KEY (`id`),
  KEY `IDX_620FAD37BAB8F931` (`address_field_id`),
  KEY `IDX_620FAD37F5B7AF75` (`address_id`),
  CONSTRAINT `FK_620FAD37BAB8F931` FOREIGN KEY (`address_field_id`) REFERENCES `xlite_address_field` (`id`) ON DELETE SET NULL,
  CONSTRAINT `FK_620FAD37F5B7AF75` FOREIGN KEY (`address_id`) REFERENCES `xlite_profile_addresses` (`address_id`) ON DELETE CASCADE
) ENGINE=InnoDB AUTO_INCREMENT=61 DEFAULT CHARSET=utf8 COLLATE=utf8_unicode_ci;
/*!40101 SET character_set_client = @saved_cs_client */;

--
-- Dumping data for table `xlite_address_field_value`
--

LOCK TABLES `xlite_address_field_value` WRITE;
/*!40000 ALTER TABLE `xlite_address_field_value` DISABLE KEYS */;
INSERT INTO `xlite_address_field_value` VALUES (1,1,1,'Mr.'),(2,6,1,'US'),(3,2,1,'Guest'),(4,3,1,'Guest'),(5,10,1,'0123456789'),(6,4,1,'51 apt, 87 street'),(7,5,1,'Edmond'),(8,7,1,'595'),(9,6,1,'US'),(10,9,1,'73003'),(11,1,2,'Mr.'),(12,6,2,'US'),(13,2,2,'Guest'),(14,3,2,'Guest'),(15,10,2,'0123456789'),(16,4,2,'51 apt, 87 street'),(17,5,2,'Edmond'),(18,7,2,'595'),(19,6,2,'US'),(20,9,2,'73003'),(21,1,3,'Mr.'),(22,6,3,'US'),(23,2,3,'Guest'),(24,3,3,'Guest'),(25,10,3,'0123456789'),(26,4,3,'51 apt, 87 street'),(27,5,3,'Edmond'),(28,7,3,'595'),(29,6,3,'US'),(30,9,3,'73003'),(31,1,4,'Mr.'),(32,6,4,'US'),(33,2,4,'Guest'),(34,3,4,'Guest'),(35,10,4,'0123456789'),(36,4,4,'51 apt, 87 street'),(37,5,4,'Edmond'),(38,7,4,'595'),(39,6,4,'US'),(40,9,4,'73003'),(41,1,5,'Mr.'),(42,6,5,'US'),(43,2,5,'Guest'),(44,3,5,'Guest'),(45,10,5,'0123456789'),(46,4,5,'51 apt, 87 street'),(47,5,5,'Edmond'),(48,7,5,'595'),(49,6,5,'US'),(50,9,5,'73003'),(51,1,6,'Mr.'),(52,6,6,'US'),(53,2,6,'Guest'),(54,3,6,'Guest'),(55,10,6,'0123456789'),(56,4,6,'51 apt, 87 street'),(57,5,6,'Edmond'),(58,7,6,'595'),(59,6,6,'US'),(60,9,6,'73003');
/*!40000 ALTER TABLE `xlite_address_field_value` ENABLE KEYS */;
UNLOCK TABLES;

--
-- Table structure for table `xlite_attribute_group_translations`
--

DROP TABLE IF EXISTS `xlite_attribute_group_translations`;
/*!40101 SET @saved_cs_client     = @@character_set_client */;
/*!40101 SET character_set_client = utf8 */;
CREATE TABLE `xlite_attribute_group_translations` (
  `label_id` int(11) NOT NULL AUTO_INCREMENT,
  `id` int(10) unsigned DEFAULT NULL,
  `name` varchar(255) COLLATE utf8_unicode_ci NOT NULL,
  `code` char(2) COLLATE utf8_unicode_ci NOT NULL,
  PRIMARY KEY (`label_id`),
  KEY `ci` (`code`,`id`),
  KEY `id` (`id`),
  CONSTRAINT `FK_8C43909EBF396750` FOREIGN KEY (`id`) REFERENCES `xlite_attribute_groups` (`id`) ON DELETE CASCADE
) ENGINE=InnoDB AUTO_INCREMENT=7 DEFAULT CHARSET=utf8 COLLATE=utf8_unicode_ci;
/*!40101 SET character_set_client = @saved_cs_client */;

--
-- Dumping data for table `xlite_attribute_group_translations`
--

LOCK TABLES `xlite_attribute_group_translations` WRITE;
/*!40000 ALTER TABLE `xlite_attribute_group_translations` DISABLE KEYS */;
INSERT INTO `xlite_attribute_group_translations` VALUES (1,1,'Display','en'),(2,2,'Cellular and Wireless','en'),(3,3,'Power and Battery','en'),(4,1,'Дисплей','ru'),(5,2,'Сотовая и беспроводняа связь','ru'),(6,3,'Батарея','ru');
/*!40000 ALTER TABLE `xlite_attribute_group_translations` ENABLE KEYS */;
UNLOCK TABLES;

--
-- Table structure for table `xlite_attribute_groups`
--

DROP TABLE IF EXISTS `xlite_attribute_groups`;
/*!40101 SET @saved_cs_client     = @@character_set_client */;
/*!40101 SET character_set_client = utf8 */;
CREATE TABLE `xlite_attribute_groups` (
  `id` int(10) unsigned NOT NULL AUTO_INCREMENT,
  `product_class_id` int(10) unsigned DEFAULT NULL,
  `position` int(11) NOT NULL,
  PRIMARY KEY (`id`),
  KEY `IDX_59E382E821B06187` (`product_class_id`),
  CONSTRAINT `FK_59E382E821B06187` FOREIGN KEY (`product_class_id`) REFERENCES `xlite_product_classes` (`id`) ON DELETE CASCADE
) ENGINE=InnoDB AUTO_INCREMENT=4 DEFAULT CHARSET=utf8 COLLATE=utf8_unicode_ci;
/*!40101 SET character_set_client = @saved_cs_client */;

--
-- Dumping data for table `xlite_attribute_groups`
--

LOCK TABLES `xlite_attribute_groups` WRITE;
/*!40000 ALTER TABLE `xlite_attribute_groups` DISABLE KEYS */;
INSERT INTO `xlite_attribute_groups` VALUES (1,2,10),(2,2,20),(3,2,30);
/*!40000 ALTER TABLE `xlite_attribute_groups` ENABLE KEYS */;
UNLOCK TABLES;

--
-- Table structure for table `xlite_attribute_option_translations`
--

DROP TABLE IF EXISTS `xlite_attribute_option_translations`;
/*!40101 SET @saved_cs_client     = @@character_set_client */;
/*!40101 SET character_set_client = utf8 */;
CREATE TABLE `xlite_attribute_option_translations` (
  `label_id` int(11) NOT NULL AUTO_INCREMENT,
  `id` int(10) unsigned DEFAULT NULL,
  `name` varchar(255) COLLATE utf8_unicode_ci NOT NULL,
  `code` char(2) COLLATE utf8_unicode_ci NOT NULL,
  PRIMARY KEY (`label_id`),
  KEY `ci` (`code`,`id`),
  KEY `id` (`id`),
  CONSTRAINT `FK_31550B83BF396750` FOREIGN KEY (`id`) REFERENCES `xlite_attribute_options` (`id`) ON DELETE CASCADE
) ENGINE=InnoDB AUTO_INCREMENT=3312 DEFAULT CHARSET=utf8 COLLATE=utf8_unicode_ci;
/*!40101 SET character_set_client = @saved_cs_client */;

--
-- Dumping data for table `xlite_attribute_option_translations`
--

LOCK TABLES `xlite_attribute_option_translations` WRITE;
/*!40000 ALTER TABLE `xlite_attribute_option_translations` DISABLE KEYS */;
INSERT INTO `xlite_attribute_option_translations` VALUES (1,1,'S','en'),(2,2,'M','en'),(3,3,'L','en'),(4,4,'XL','en'),(5,5,'XXL','en'),(8,8,'XXXL','en'),(109,109,'IndependentApparel','en'),(110,110,'YourStyle','en'),(111,111,'MyBestDress','en'),(112,112,'Toyty','en'),(113,113,'FunnyChildren','en'),(114,114,'MindSet','en'),(115,115,'GoodyBrand','en'),(116,116,'iBoutique','en'),(1001,1,'S','ru'),(1002,2,'M','ru'),(1003,3,'L','ru'),(1004,4,'XL','ru'),(1005,5,'XXL','ru'),(1008,8,'XXXL','ru'),(1109,109,'IndependentApparel','ru'),(1110,110,'YourStyle','ru'),(1111,111,'MyBestDress','ru'),(1112,112,'Toyty','ru'),(1113,113,'FunnyChildren','ru'),(1114,114,'MindSet','ru'),(1115,115,'GoodyBrand','ru'),(1116,116,'iBoutique','ru'),(2001,1,'S','ru'),(2002,2,'M','ru'),(2003,3,'L','ru'),(2004,4,'XL','ru'),(2005,5,'XXL','ru'),(2008,8,'XXXL','ru'),(2109,109,'IndependentApparel','ru'),(2110,110,'YourStyle','ru'),(2111,111,'MyBestDress','ru'),(2112,112,'Toyty','ru'),(2113,113,'FunnyChildren','ru'),(2114,114,'MindSet','ru'),(2115,115,'GoodyBrand','ru'),(2116,116,'iBoutique','ru'),(3001,1,'S','ru'),(3002,2,'M','ru'),(3003,3,'L','ru'),(3004,4,'XL','ru'),(3005,5,'XXL','ru'),(3008,8,'XXXL','ru'),(3109,109,'IndependentApparel','ru'),(3110,110,'YourStyle','ru'),(3111,111,'MyBestDress','ru'),(3112,112,'Toyty','ru'),(3113,113,'FunnyChildren','ru'),(3114,114,'MindSet','ru'),(3115,115,'GoodyBrand','ru'),(3116,116,'iBoutique','ru'),(3165,165,'16','en'),(3166,166,'64','en'),(3167,167,'128','en'),(3168,168,'Silver','en'),(3169,169,'Space Gray','en'),(3170,170,'Gold','en'),(3171,171,'A8 chip with 64‑bit architecture','en'),(3173,173,'Retina HD display','en'),(3181,181,'GSM/EDGE/LTE','en'),(3183,183,'Bluetooth 4.2','en'),(3186,186,'32','en'),(3187,187,'A7 chip with 64-bit architecture','en'),(3188,188,'White','en'),(3189,189,'Black','en'),(3196,196,'GSM/EDGE','en'),(3200,200,'A9 chip with 64‑bit architecture','en'),(3209,205,'Rose Gold','en'),(3210,168,'Серебристый','ru'),(3211,169,'Серый космос','ru'),(3212,170,'Золотой','ru'),(3213,188,'Белый','ru'),(3214,189,'Черный','ru'),(3215,205,'Розовое золото','ru'),(3216,165,'16','ru'),(3217,166,'64','ru'),(3218,167,'128','ru'),(3219,186,'32','ru'),(3221,207,'Nano-SIM','ru'),(3223,209,'4','ru'),(3224,210,'1136x640','ru'),(3225,211,'Built-in rechargeable lithium-ion battery','ru'),(3226,212,'Up to 14 hours on 3G','ru'),(3227,213,'Up to 10 days (250 hours)','ru'),(3228,214,'Up to 10 hours','ru'),(3229,215,'Up to 40 hours','ru'),(3231,217,'802.11a/b/g/n/ac','ru'),(3232,218,'One size','en'),(3233,218,'','ru'),(3234,219,'XS','en'),(3262,227,'US 6','en'),(3263,228,'US 7','en'),(3264,229,'US 8','en'),(3265,230,'US 9','en'),(3266,231,'Gray','en'),(3267,232,'Red','en'),(3268,233,'Black','en'),(3269,234,'UK 8','en'),(3270,235,'UK 10','en'),(3271,236,'UK 12','en'),(3272,237,'UK 14','en'),(3273,238,'UK 16','en'),(3280,245,'S','en'),(3281,246,'M','en'),(3282,247,'L','en'),(3283,248,'XL','en'),(3284,249,'256','en'),(3285,250,'Apple A11 Bionic','en'),(3286,251,'Super Retina HD (OLED)','en'),(3287,252,'5.8','en'),(3288,253,'2436x1125','en'),(3289,254,'Bluetooth 5.0','en'),(3290,255,'A11 Bionic + M11','en'),(3291,256,'UK 6','en'),(3292,257,'Uk 8','en'),(3293,258,'Uk 10','en'),(3294,259,'Uk 12','en'),(3295,260,'Uk 14','en'),(3296,261,'Uk 16','en'),(3297,227,'38','ru'),(3298,228,'39','ru'),(3299,229,'40','ru'),(3300,230,'41','ru'),(3301,171,'A8 64‑bit','ru'),(3302,187,'A7 64-bit','ru'),(3303,200,'A9 64‑bit','ru'),(3304,250,'Apple A11 Bionic','ru'),(3305,255,'A11 Bionic + M11','ru'),(3306,173,'Retina HD display','ru'),(3307,251,'Super Retina HD (OLED)','ru'),(3308,252,'5.8','ru'),(3309,253,'2436x1125','ru'),(3310,181,'GSM/EDGE/LTE','ru'),(3311,196,'GSM/EDGE','ru');
/*!40000 ALTER TABLE `xlite_attribute_option_translations` ENABLE KEYS */;
UNLOCK TABLES;

--
-- Table structure for table `xlite_attribute_options`
--

DROP TABLE IF EXISTS `xlite_attribute_options`;
/*!40101 SET @saved_cs_client     = @@character_set_client */;
/*!40101 SET character_set_client = utf8 */;
CREATE TABLE `xlite_attribute_options` (
  `id` int(10) unsigned NOT NULL AUTO_INCREMENT,
  `attribute_id` int(10) unsigned DEFAULT NULL,
  `addToNew` tinyint(1) NOT NULL,
  `position` int(11) NOT NULL,
  PRIMARY KEY (`id`),
  KEY `IDX_2E486F4AB6E62EFA` (`attribute_id`),
  CONSTRAINT `FK_2E486F4AB6E62EFA` FOREIGN KEY (`attribute_id`) REFERENCES `xlite_attributes` (`id`) ON DELETE CASCADE
) ENGINE=InnoDB AUTO_INCREMENT=262 DEFAULT CHARSET=utf8 COLLATE=utf8_unicode_ci;
/*!40101 SET character_set_client = @saved_cs_client */;

--
-- Dumping data for table `xlite_attribute_options`
--

LOCK TABLES `xlite_attribute_options` WRITE;
/*!40000 ALTER TABLE `xlite_attribute_options` DISABLE KEYS */;
INSERT INTO `xlite_attribute_options` VALUES (1,1,1,0),(2,1,1,0),(3,1,1,0),(4,1,1,0),(5,1,1,0),(8,1,1,0),(109,50,0,0),(110,50,0,0),(111,50,0,0),(112,50,0,0),(113,50,0,0),(114,50,0,0),(115,50,0,0),(116,50,0,0),(165,71,1,0),(166,71,1,0),(167,71,0,0),(168,73,0,0),(169,73,0,0),(170,73,0,0),(171,72,0,0),(173,75,0,0),(181,83,0,0),(183,85,0,0),(186,71,0,0),(187,72,0,0),(188,73,0,0),(189,73,0,0),(196,83,0,0),(200,72,0,0),(205,73,0,0),(207,74,0,0),(209,76,0,0),(210,77,0,0),(211,78,0,0),(212,79,0,0),(213,80,0,0),(214,81,0,0),(215,82,0,0),(217,84,0,0),(218,1,0,0),(219,1,0,0),(227,94,1,0),(228,94,1,0),(229,94,1,0),(230,94,1,0),(231,95,0,0),(232,95,0,0),(233,95,0,0),(234,96,0,0),(235,96,0,0),(236,96,0,0),(237,96,0,0),(238,96,0,0),(245,98,0,0),(246,98,0,0),(247,98,0,0),(248,98,0,0),(249,71,0,0),(250,72,0,0),(251,75,0,0),(252,76,0,0),(253,77,0,0),(254,85,0,0),(255,72,0,0),(256,99,0,0),(257,99,0,0),(258,99,0,0),(259,99,0,0),(260,99,0,0),(261,99,0,0);
/*!40000 ALTER TABLE `xlite_attribute_options` ENABLE KEYS */;
UNLOCK TABLES;

--
-- Table structure for table `xlite_attribute_properties`
--

DROP TABLE IF EXISTS `xlite_attribute_properties`;
/*!40101 SET @saved_cs_client     = @@character_set_client */;
/*!40101 SET character_set_client = utf8 */;
CREATE TABLE `xlite_attribute_properties` (
  `id` int(10) unsigned NOT NULL AUTO_INCREMENT,
  `product_id` int(10) unsigned DEFAULT NULL,
  `attribute_id` int(10) unsigned DEFAULT NULL,
  `position` int(11) NOT NULL,
  PRIMARY KEY (`id`),
  KEY `IDX_3C3647F44584665A` (`product_id`),
  KEY `IDX_3C3647F4B6E62EFA` (`attribute_id`),
  CONSTRAINT `FK_3C3647F44584665A` FOREIGN KEY (`product_id`) REFERENCES `xlite_products` (`product_id`) ON DELETE CASCADE,
  CONSTRAINT `FK_3C3647F4B6E62EFA` FOREIGN KEY (`attribute_id`) REFERENCES `xlite_attributes` (`id`) ON DELETE CASCADE
) ENGINE=InnoDB DEFAULT CHARSET=utf8 COLLATE=utf8_unicode_ci;
/*!40101 SET character_set_client = @saved_cs_client */;

--
-- Dumping data for table `xlite_attribute_properties`
--

LOCK TABLES `xlite_attribute_properties` WRITE;
/*!40000 ALTER TABLE `xlite_attribute_properties` DISABLE KEYS */;
/*!40000 ALTER TABLE `xlite_attribute_properties` ENABLE KEYS */;
UNLOCK TABLES;

--
-- Table structure for table `xlite_attribute_translations`
--

DROP TABLE IF EXISTS `xlite_attribute_translations`;
/*!40101 SET @saved_cs_client     = @@character_set_client */;
/*!40101 SET character_set_client = utf8 */;
CREATE TABLE `xlite_attribute_translations` (
  `label_id` int(11) NOT NULL AUTO_INCREMENT,
  `id` int(10) unsigned DEFAULT NULL,
  `name` varchar(255) COLLATE utf8_unicode_ci NOT NULL,
  `unit` varchar(255) COLLATE utf8_unicode_ci NOT NULL,
  `code` char(2) COLLATE utf8_unicode_ci NOT NULL,
  PRIMARY KEY (`label_id`),
  KEY `ci` (`code`,`id`),
  KEY `id` (`id`),
  CONSTRAINT `FK_8BBAD04BBF396750` FOREIGN KEY (`id`) REFERENCES `xlite_attributes` (`id`) ON DELETE CASCADE
) ENGINE=InnoDB AUTO_INCREMENT=188 DEFAULT CHARSET=utf8 COLLATE=utf8_unicode_ci;
/*!40101 SET character_set_client = @saved_cs_client */;

--
-- Dumping data for table `xlite_attribute_translations`
--

LOCK TABLES `xlite_attribute_translations` WRITE;
/*!40000 ALTER TABLE `xlite_attribute_translations` DISABLE KEYS */;
INSERT INTO `xlite_attribute_translations` VALUES (1,1,'Size','','en'),(50,50,'Manufacturer','','en'),(51,1,'Размер','','ru'),(100,50,'Производитель','','ru'),(141,71,'Capacity, GB','','en'),(142,72,'Chip','','en'),(143,73,'Color','','en'),(144,74,'Sim card','','en'),(145,75,'Display type','','en'),(146,76,'Dimension, inches','','en'),(147,77,'Resolution','','en'),(148,78,'Battery type','','en'),(149,79,'Talk time','','en'),(150,80,'Standby time','','en'),(151,81,'Video playback','','en'),(152,82,'Audio playback','','en'),(153,83,'GSM model','','en'),(154,84,'Wi-Fi','','en'),(155,85,'Bluetooth','','en'),(156,86,'GPS','','en'),(159,73,'Цвет','','ru'),(160,71,'Объем памяти, Гб','','ru'),(161,72,'Процессор','','ru'),(162,74,'Тип Sim-карты','','ru'),(163,75,'Тип дисплея','','ru'),(164,76,'Диагональ в дюймах','','ru'),(165,77,'Разрешение','','ru'),(166,78,'Тип аккумулятора','','ru'),(167,79,'Работа в режиме разговора','','ru'),(168,80,'Работа в режиме ожидания','','ru'),(169,81,'Работа в режиме проигрывания видео','','ru'),(170,82,'Работа в режиме проигрывания аудио','','ru'),(171,83,'Тип GSM','','ru'),(172,84,'Тип Wi-Fi','','ru'),(173,85,'Bluetooth','','ru'),(174,86,'GPS','','ru'),(181,94,'Size','','en'),(182,95,'Color','','en'),(183,96,'Size','','en'),(186,99,'Size','','en'),(187,94,'Размер','','ru');
/*!40000 ALTER TABLE `xlite_attribute_translations` ENABLE KEYS */;
UNLOCK TABLES;

--
-- Table structure for table `xlite_attribute_values_checkbox`
--

DROP TABLE IF EXISTS `xlite_attribute_values_checkbox`;
/*!40101 SET @saved_cs_client     = @@character_set_client */;
/*!40101 SET character_set_client = utf8 */;
CREATE TABLE `xlite_attribute_values_checkbox` (
  `id` int(10) unsigned NOT NULL AUTO_INCREMENT,
  `product_id` int(10) unsigned DEFAULT NULL,
  `attribute_id` int(10) unsigned DEFAULT NULL,
  `value` tinyint(1) NOT NULL,
  `priceModifier` decimal(14,4) NOT NULL,
  `priceModifierType` char(1) COLLATE utf8_unicode_ci NOT NULL,
  `weightModifier` decimal(14,4) NOT NULL,
  `weightModifierType` char(1) COLLATE utf8_unicode_ci NOT NULL,
  `defaultValue` tinyint(1) NOT NULL,
  PRIMARY KEY (`id`),
  KEY `product_id` (`product_id`),
  KEY `attribute_id` (`attribute_id`),
  KEY `value` (`value`),
  CONSTRAINT `FK_3CA3503B4584665A` FOREIGN KEY (`product_id`) REFERENCES `xlite_products` (`product_id`) ON DELETE CASCADE,
  CONSTRAINT `FK_3CA3503BB6E62EFA` FOREIGN KEY (`attribute_id`) REFERENCES `xlite_attributes` (`id`) ON DELETE CASCADE
) ENGINE=InnoDB AUTO_INCREMENT=23 DEFAULT CHARSET=utf8 COLLATE=utf8_unicode_ci;
/*!40101 SET character_set_client = @saved_cs_client */;

--
-- Dumping data for table `xlite_attribute_values_checkbox`
--

LOCK TABLES `xlite_attribute_values_checkbox` WRITE;
/*!40000 ALTER TABLE `xlite_attribute_values_checkbox` DISABLE KEYS */;
INSERT INTO `xlite_attribute_values_checkbox` VALUES (21,29,86,1,0.0000,'p',0.0000,'p',0),(22,28,86,1,0.0000,'p',0.0000,'p',0);
/*!40000 ALTER TABLE `xlite_attribute_values_checkbox` ENABLE KEYS */;
UNLOCK TABLES;

--
-- Table structure for table `xlite_attribute_values_checkbox_translations`
--

DROP TABLE IF EXISTS `xlite_attribute_values_checkbox_translations`;
/*!40101 SET @saved_cs_client     = @@character_set_client */;
/*!40101 SET character_set_client = utf8 */;
CREATE TABLE `xlite_attribute_values_checkbox_translations` (
  `label_id` int(11) NOT NULL AUTO_INCREMENT,
  `id` int(10) unsigned DEFAULT NULL,
  `code` char(2) COLLATE utf8_unicode_ci NOT NULL,
  PRIMARY KEY (`label_id`),
  KEY `ci` (`code`,`id`),
  KEY `id` (`id`),
  CONSTRAINT `FK_5A770E51BF396750` FOREIGN KEY (`id`) REFERENCES `xlite_attribute_values_checkbox` (`id`) ON DELETE CASCADE
) ENGINE=InnoDB DEFAULT CHARSET=utf8 COLLATE=utf8_unicode_ci;
/*!40101 SET character_set_client = @saved_cs_client */;

--
-- Dumping data for table `xlite_attribute_values_checkbox_translations`
--

LOCK TABLES `xlite_attribute_values_checkbox_translations` WRITE;
/*!40000 ALTER TABLE `xlite_attribute_values_checkbox_translations` DISABLE KEYS */;
/*!40000 ALTER TABLE `xlite_attribute_values_checkbox_translations` ENABLE KEYS */;
UNLOCK TABLES;

--
-- Table structure for table `xlite_attribute_values_hidden`
--

DROP TABLE IF EXISTS `xlite_attribute_values_hidden`;
/*!40101 SET @saved_cs_client     = @@character_set_client */;
/*!40101 SET character_set_client = utf8 */;
CREATE TABLE `xlite_attribute_values_hidden` (
  `id` int(10) unsigned NOT NULL AUTO_INCREMENT,
  `attribute_option_id` int(10) unsigned DEFAULT NULL,
  `product_id` int(10) unsigned DEFAULT NULL,
  `attribute_id` int(10) unsigned DEFAULT NULL,
  PRIMARY KEY (`id`),
  KEY `product_id` (`product_id`),
  KEY `attribute_id` (`attribute_id`),
  KEY `attribute_option_id` (`attribute_option_id`),
  CONSTRAINT `FK_A68A8FD61AE56DE9` FOREIGN KEY (`attribute_option_id`) REFERENCES `xlite_attribute_options` (`id`) ON DELETE CASCADE,
  CONSTRAINT `FK_A68A8FD64584665A` FOREIGN KEY (`product_id`) REFERENCES `xlite_products` (`product_id`) ON DELETE CASCADE,
  CONSTRAINT `FK_A68A8FD6B6E62EFA` FOREIGN KEY (`attribute_id`) REFERENCES `xlite_attributes` (`id`) ON DELETE CASCADE
) ENGINE=InnoDB DEFAULT CHARSET=utf8 COLLATE=utf8_unicode_ci;
/*!40101 SET character_set_client = @saved_cs_client */;

--
-- Dumping data for table `xlite_attribute_values_hidden`
--

LOCK TABLES `xlite_attribute_values_hidden` WRITE;
/*!40000 ALTER TABLE `xlite_attribute_values_hidden` DISABLE KEYS */;
/*!40000 ALTER TABLE `xlite_attribute_values_hidden` ENABLE KEYS */;
UNLOCK TABLES;

--
-- Table structure for table `xlite_attribute_values_hidden_translations`
--

DROP TABLE IF EXISTS `xlite_attribute_values_hidden_translations`;
/*!40101 SET @saved_cs_client     = @@character_set_client */;
/*!40101 SET character_set_client = utf8 */;
CREATE TABLE `xlite_attribute_values_hidden_translations` (
  `label_id` int(11) NOT NULL AUTO_INCREMENT,
  `id` int(10) unsigned DEFAULT NULL,
  `code` char(2) COLLATE utf8_unicode_ci NOT NULL,
  PRIMARY KEY (`label_id`),
  KEY `ci` (`code`,`id`),
  KEY `id` (`id`),
  CONSTRAINT `FK_B6B29289BF396750` FOREIGN KEY (`id`) REFERENCES `xlite_attribute_values_hidden` (`id`) ON DELETE CASCADE
) ENGINE=InnoDB DEFAULT CHARSET=utf8 COLLATE=utf8_unicode_ci;
/*!40101 SET character_set_client = @saved_cs_client */;

--
-- Dumping data for table `xlite_attribute_values_hidden_translations`
--

LOCK TABLES `xlite_attribute_values_hidden_translations` WRITE;
/*!40000 ALTER TABLE `xlite_attribute_values_hidden_translations` DISABLE KEYS */;
/*!40000 ALTER TABLE `xlite_attribute_values_hidden_translations` ENABLE KEYS */;
UNLOCK TABLES;

--
-- Table structure for table `xlite_attribute_values_select`
--

DROP TABLE IF EXISTS `xlite_attribute_values_select`;
/*!40101 SET @saved_cs_client     = @@character_set_client */;
/*!40101 SET character_set_client = utf8 */;
CREATE TABLE `xlite_attribute_values_select` (
  `id` int(10) unsigned NOT NULL AUTO_INCREMENT,
  `attribute_option_id` int(10) unsigned DEFAULT NULL,
  `product_id` int(10) unsigned DEFAULT NULL,
  `attribute_id` int(10) unsigned DEFAULT NULL,
  `position` int(11) NOT NULL,
  `priceModifier` decimal(14,4) NOT NULL,
  `priceModifierType` char(1) COLLATE utf8_unicode_ci NOT NULL,
  `weightModifier` decimal(14,4) NOT NULL,
  `weightModifierType` char(1) COLLATE utf8_unicode_ci NOT NULL,
  `defaultValue` tinyint(1) NOT NULL,
  PRIMARY KEY (`id`),
  KEY `product_id` (`product_id`),
  KEY `attribute_id` (`attribute_id`),
  KEY `attribute_option_id` (`attribute_option_id`),
  CONSTRAINT `FK_65258CAB1AE56DE9` FOREIGN KEY (`attribute_option_id`) REFERENCES `xlite_attribute_options` (`id`) ON DELETE CASCADE,
  CONSTRAINT `FK_65258CAB4584665A` FOREIGN KEY (`product_id`) REFERENCES `xlite_products` (`product_id`) ON DELETE CASCADE,
  CONSTRAINT `FK_65258CABB6E62EFA` FOREIGN KEY (`attribute_id`) REFERENCES `xlite_attributes` (`id`) ON DELETE CASCADE
) ENGINE=InnoDB AUTO_INCREMENT=537 DEFAULT CHARSET=utf8 COLLATE=utf8_unicode_ci;
/*!40101 SET character_set_client = @saved_cs_client */;

--
-- Dumping data for table `xlite_attribute_values_select`
--

LOCK TABLES `xlite_attribute_values_select` WRITE;
/*!40000 ALTER TABLE `xlite_attribute_values_select` DISABLE KEYS */;
INSERT INTO `xlite_attribute_values_select` VALUES (462,227,2,94,0,0.0000,'p',0.0000,'p',0),(463,228,2,94,0,0.0000,'p',0.0000,'p',0),(464,229,2,94,0,0.0000,'p',0.0000,'p',0),(465,230,2,94,0,0.0000,'p',0.0000,'p',0),(466,228,4,94,0,0.0000,'a',0.0000,'a',0),(467,229,4,94,0,0.0000,'a',0.0000,'a',0),(468,230,4,94,0,0.0000,'a',0.0000,'a',0),(470,231,31,95,10,0.0000,'a',0.0000,'a',0),(471,232,31,95,20,20.0000,'a',0.0000,'a',0),(472,233,31,95,30,5.0000,'p',0.0000,'a',0),(473,234,16,96,10,0.0000,'a',0.0000,'a',0),(474,235,16,96,20,0.0000,'a',0.0000,'a',0),(475,236,16,96,30,0.0000,'a',0.0000,'a',0),(476,237,16,96,40,0.0000,'a',0.0000,'a',0),(477,238,16,96,50,0.0000,'a',0.0000,'a',0),(484,116,14,50,10,0.0000,'a',0.0000,'a',0),(485,1,14,1,0,0.0000,'p',0.0000,'p',0),(486,2,14,1,0,0.0000,'p',0.0000,'p',0),(487,3,14,1,0,0.0000,'p',0.0000,'p',0),(488,4,14,1,0,0.0000,'p',0.0000,'p',0),(489,5,14,1,0,0.0000,'p',0.0000,'p',0),(490,8,14,1,0,0.0000,'p',0.0000,'p',0),(491,2,17,1,0,0.0000,'a',0.0000,'a',0),(493,3,17,1,0,0.0000,'a',0.0000,'a',0),(494,4,17,1,0,0.0000,'a',0.0000,'a',0),(495,5,17,1,0,0.0000,'a',0.0000,'a',0),(496,8,17,1,0,0.0000,'a',0.0000,'a',0),(497,109,17,50,10,0.0000,'a',0.0000,'a',0),(502,166,29,71,0,0.0000,'a',0.0000,'a',0),(504,167,29,71,10,100.0000,'a',0.0000,'a',0),(505,249,29,71,20,200.0000,'a',0.0000,'a',0),(506,250,29,72,10,0.0000,'a',0.0000,'a',0),(507,189,29,73,10,0.0000,'a',0.0000,'a',0),(509,251,29,75,10,0.0000,'a',0.0000,'a',0),(510,252,29,76,10,0.0000,'a',0.0000,'a',0),(511,253,29,77,10,0.0000,'a',0.0000,'a',0),(513,181,29,83,10,0.0000,'a',0.0000,'a',0),(515,254,29,85,10,0.0000,'a',0.0000,'a',0),(516,166,28,71,0,0.0000,'a',0.0000,'a',0),(517,249,28,71,0,0.0000,'a',0.0000,'a',0),(518,255,28,72,10,0.0000,'a',0.0000,'a',0),(519,168,28,73,10,0.0000,'a',0.0000,'a',0),(520,170,28,73,20,0.0000,'a',0.0000,'a',0),(521,169,28,73,30,0.0000,'a',0.0000,'a',0),(523,173,28,75,10,0.0000,'a',0.0000,'a',0),(527,181,28,83,10,0.0000,'a',0.0000,'a',0),(529,254,28,85,10,0.0000,'a',0.0000,'a',0),(530,111,15,50,10,0.0000,'a',0.0000,'a',0),(531,256,15,99,10,0.0000,'a',0.0000,'a',0),(532,257,15,99,20,0.0000,'a',0.0000,'a',0),(533,258,15,99,30,0.0000,'a',0.0000,'a',0),(534,259,15,99,40,0.0000,'a',0.0000,'a',0),(535,260,15,99,50,0.0000,'a',0.0000,'a',0),(536,261,15,99,60,0.0000,'a',0.0000,'a',0);
/*!40000 ALTER TABLE `xlite_attribute_values_select` ENABLE KEYS */;
UNLOCK TABLES;

--
-- Table structure for table `xlite_attribute_values_select_translations`
--

DROP TABLE IF EXISTS `xlite_attribute_values_select_translations`;
/*!40101 SET @saved_cs_client     = @@character_set_client */;
/*!40101 SET character_set_client = utf8 */;
CREATE TABLE `xlite_attribute_values_select_translations` (
  `label_id` int(11) NOT NULL AUTO_INCREMENT,
  `id` int(10) unsigned DEFAULT NULL,
  `code` char(2) COLLATE utf8_unicode_ci NOT NULL,
  PRIMARY KEY (`label_id`),
  KEY `ci` (`code`,`id`),
  KEY `id` (`id`),
  CONSTRAINT `FK_CDF9A7AFBF396750` FOREIGN KEY (`id`) REFERENCES `xlite_attribute_values_select` (`id`) ON DELETE CASCADE
) ENGINE=InnoDB DEFAULT CHARSET=utf8 COLLATE=utf8_unicode_ci;
/*!40101 SET character_set_client = @saved_cs_client */;

--
-- Dumping data for table `xlite_attribute_values_select_translations`
--

LOCK TABLES `xlite_attribute_values_select_translations` WRITE;
/*!40000 ALTER TABLE `xlite_attribute_values_select_translations` DISABLE KEYS */;
/*!40000 ALTER TABLE `xlite_attribute_values_select_translations` ENABLE KEYS */;
UNLOCK TABLES;

--
-- Table structure for table `xlite_attribute_values_text`
--

DROP TABLE IF EXISTS `xlite_attribute_values_text`;
/*!40101 SET @saved_cs_client     = @@character_set_client */;
/*!40101 SET character_set_client = utf8 */;
CREATE TABLE `xlite_attribute_values_text` (
  `id` int(10) unsigned NOT NULL AUTO_INCREMENT,
  `product_id` int(10) unsigned DEFAULT NULL,
  `attribute_id` int(10) unsigned DEFAULT NULL,
  `editable` tinyint(1) NOT NULL,
  PRIMARY KEY (`id`),
  KEY `product_id` (`product_id`),
  KEY `attribute_id` (`attribute_id`),
  CONSTRAINT `FK_560D03DA4584665A` FOREIGN KEY (`product_id`) REFERENCES `xlite_products` (`product_id`) ON DELETE CASCADE,
  CONSTRAINT `FK_560D03DAB6E62EFA` FOREIGN KEY (`attribute_id`) REFERENCES `xlite_attributes` (`id`) ON DELETE CASCADE
) ENGINE=InnoDB DEFAULT CHARSET=utf8 COLLATE=utf8_unicode_ci;
/*!40101 SET character_set_client = @saved_cs_client */;

--
-- Dumping data for table `xlite_attribute_values_text`
--

LOCK TABLES `xlite_attribute_values_text` WRITE;
/*!40000 ALTER TABLE `xlite_attribute_values_text` DISABLE KEYS */;
/*!40000 ALTER TABLE `xlite_attribute_values_text` ENABLE KEYS */;
UNLOCK TABLES;

--
-- Table structure for table `xlite_attribute_values_text_translations`
--

DROP TABLE IF EXISTS `xlite_attribute_values_text_translations`;
/*!40101 SET @saved_cs_client     = @@character_set_client */;
/*!40101 SET character_set_client = utf8 */;
CREATE TABLE `xlite_attribute_values_text_translations` (
  `label_id` int(11) NOT NULL AUTO_INCREMENT,
  `id` int(10) unsigned DEFAULT NULL,
  `value` longtext COLLATE utf8_unicode_ci NOT NULL,
  `code` char(2) COLLATE utf8_unicode_ci NOT NULL,
  PRIMARY KEY (`label_id`),
  KEY `ci` (`code`,`id`),
  KEY `id` (`id`),
  CONSTRAINT `FK_753A596BF396750` FOREIGN KEY (`id`) REFERENCES `xlite_attribute_values_text` (`id`) ON DELETE CASCADE
) ENGINE=InnoDB DEFAULT CHARSET=utf8 COLLATE=utf8_unicode_ci;
/*!40101 SET character_set_client = @saved_cs_client */;

--
-- Dumping data for table `xlite_attribute_values_text_translations`
--

LOCK TABLES `xlite_attribute_values_text_translations` WRITE;
/*!40000 ALTER TABLE `xlite_attribute_values_text_translations` DISABLE KEYS */;
/*!40000 ALTER TABLE `xlite_attribute_values_text_translations` ENABLE KEYS */;
UNLOCK TABLES;

--
-- Table structure for table `xlite_attributes`
--

DROP TABLE IF EXISTS `xlite_attributes`;
/*!40101 SET @saved_cs_client     = @@character_set_client */;
/*!40101 SET character_set_client = utf8 */;
CREATE TABLE `xlite_attributes` (
  `id` int(10) unsigned NOT NULL AUTO_INCREMENT,
  `product_class_id` int(10) unsigned DEFAULT NULL,
  `attribute_group_id` int(10) unsigned DEFAULT NULL,
  `product_id` int(10) unsigned DEFAULT NULL,
  `googleShoppingGroup` varchar(255) COLLATE utf8_unicode_ci DEFAULT NULL,
  `visible` tinyint(1) NOT NULL DEFAULT '1',
  `position` int(11) NOT NULL,
  `decimals` int(11) NOT NULL,
  `type` char(1) COLLATE utf8_unicode_ci NOT NULL,
  `addToNew` char(1) COLLATE utf8_unicode_ci NOT NULL,
  PRIMARY KEY (`id`),
  KEY `IDX_9665298321B06187` (`product_class_id`),
  KEY `IDX_9665298362D643B7` (`attribute_group_id`),
  KEY `IDX_966529834584665A` (`product_id`),
  CONSTRAINT `FK_9665298321B06187` FOREIGN KEY (`product_class_id`) REFERENCES `xlite_product_classes` (`id`) ON DELETE CASCADE,
  CONSTRAINT `FK_966529834584665A` FOREIGN KEY (`product_id`) REFERENCES `xlite_products` (`product_id`) ON DELETE CASCADE,
  CONSTRAINT `FK_9665298362D643B7` FOREIGN KEY (`attribute_group_id`) REFERENCES `xlite_attribute_groups` (`id`) ON DELETE SET NULL
) ENGINE=InnoDB AUTO_INCREMENT=100 DEFAULT CHARSET=utf8 COLLATE=utf8_unicode_ci;
/*!40101 SET character_set_client = @saved_cs_client */;

--
-- Dumping data for table `xlite_attributes`
--

LOCK TABLES `xlite_attributes` WRITE;
/*!40000 ALTER TABLE `xlite_attributes` DISABLE KEYS */;
INSERT INTO `xlite_attributes` VALUES (1,1,NULL,NULL,NULL,1,0,0,'S',''),(50,NULL,NULL,NULL,NULL,1,0,0,'S',''),(71,2,NULL,NULL,NULL,1,0,0,'S',''),(72,2,NULL,NULL,NULL,1,0,0,'S',''),(73,2,NULL,NULL,NULL,1,0,0,'S',''),(74,2,NULL,NULL,NULL,0,0,0,'S',''),(75,2,1,NULL,NULL,1,0,0,'S',''),(76,2,1,NULL,NULL,1,0,0,'S',''),(77,2,1,NULL,NULL,1,0,0,'S',''),(78,2,3,NULL,NULL,0,0,0,'S',''),(79,2,3,NULL,NULL,0,0,0,'S',''),(80,2,3,NULL,NULL,0,0,0,'S',''),(81,2,3,NULL,NULL,0,0,0,'S',''),(82,2,3,NULL,NULL,0,0,0,'S',''),(83,2,2,NULL,NULL,1,0,0,'S',''),(84,2,2,NULL,NULL,1,0,0,'S',''),(85,2,2,NULL,NULL,0,0,0,'S',''),(86,2,2,NULL,NULL,1,0,0,'C',''),(94,3,NULL,NULL,NULL,1,0,0,'S',''),(95,NULL,NULL,31,NULL,1,0,0,'S',''),(96,NULL,NULL,16,NULL,1,0,0,'S',''),(99,NULL,NULL,15,NULL,1,0,0,'S','');
/*!40000 ALTER TABLE `xlite_attributes` ENABLE KEYS */;
UNLOCK TABLES;

--
-- Table structure for table `xlite_banner_rotation_image`
--

DROP TABLE IF EXISTS `xlite_banner_rotation_image`;
/*!40101 SET @saved_cs_client     = @@character_set_client */;
/*!40101 SET character_set_client = utf8 */;
CREATE TABLE `xlite_banner_rotation_image` (
  `id` int(10) unsigned NOT NULL AUTO_INCREMENT,
  `banner_rotation_slide_id` int(10) unsigned DEFAULT NULL,
  `alt` varchar(255) COLLATE utf8_unicode_ci NOT NULL,
  `width` int(11) NOT NULL,
  `height` int(11) NOT NULL,
  `hash` char(32) COLLATE utf8_unicode_ci DEFAULT NULL,
  `needProcess` tinyint(1) NOT NULL,
  `path` varchar(512) COLLATE utf8_unicode_ci NOT NULL,
  `fileName` varchar(255) COLLATE utf8_unicode_ci NOT NULL,
  `mime` varchar(128) COLLATE utf8_unicode_ci NOT NULL,
  `storageType` varchar(1) COLLATE utf8_unicode_ci NOT NULL,
  `size` int(10) unsigned NOT NULL,
  `date` int(10) unsigned NOT NULL,
  PRIMARY KEY (`id`),
  UNIQUE KEY `UNIQ_BDC50932217A8232` (`banner_rotation_slide_id`),
  CONSTRAINT `FK_BDC50932217A8232` FOREIGN KEY (`banner_rotation_slide_id`) REFERENCES `xlite_banner_rotation_slide` (`id`) ON DELETE CASCADE
) ENGINE=InnoDB AUTO_INCREMENT=5 DEFAULT CHARSET=utf8 COLLATE=utf8_unicode_ci;
/*!40101 SET character_set_client = @saved_cs_client */;

--
-- Dumping data for table `xlite_banner_rotation_image`
--

LOCK TABLES `xlite_banner_rotation_image` WRITE;
/*!40000 ALTER TABLE `xlite_banner_rotation_image` DISABLE KEYS */;
INSERT INTO `xlite_banner_rotation_image` VALUES (1,1,'',3840,884,NULL,1,'1_2cosmentic_big.jpg','','image/jpeg','r',328874,1560755009),(2,2,'',3840,884,NULL,1,'1_1food_big_1.jpg','','image/jpeg','r',325541,1560757732),(3,3,'',3840,884,NULL,1,'9_electronic.jpeg','','image/jpeg','r',329263,1560950874),(4,4,'',3840,884,NULL,1,'1_5fashion_1.jpg','','image/jpeg`','r',800043,1560865514);
/*!40000 ALTER TABLE `xlite_banner_rotation_image` ENABLE KEYS */;
UNLOCK TABLES;

--
-- Table structure for table `xlite_banner_rotation_slide`
--

DROP TABLE IF EXISTS `xlite_banner_rotation_slide`;
/*!40101 SET @saved_cs_client     = @@character_set_client */;
/*!40101 SET character_set_client = utf8 */;
CREATE TABLE `xlite_banner_rotation_slide` (
  `id` int(10) unsigned NOT NULL AUTO_INCREMENT,
  `enabled` tinyint(1) NOT NULL,
  `link` varchar(255) COLLATE utf8_unicode_ci NOT NULL,
  `position` int(11) NOT NULL,
  PRIMARY KEY (`id`)
) ENGINE=InnoDB AUTO_INCREMENT=5 DEFAULT CHARSET=utf8 COLLATE=utf8_unicode_ci;
/*!40101 SET character_set_client = @saved_cs_client */;

--
-- Dumping data for table `xlite_banner_rotation_slide`
--

LOCK TABLES `xlite_banner_rotation_slide` WRITE;
/*!40000 ALTER TABLE `xlite_banner_rotation_slide` DISABLE KEYS */;
INSERT INTO `xlite_banner_rotation_slide` VALUES (1,0,'cart.php?target=category&category_id=6',50),(2,1,'cart.php?target=category&category_id=8',30),(3,1,'cart.php?target=category&category_id=9',40),(4,1,'cart.php?target=category&category_id=2',20);
/*!40000 ALTER TABLE `xlite_banner_rotation_slide` ENABLE KEYS */;
UNLOCK TABLES;

--
-- Table structure for table `xlite_capost_delivery_service_options`
--

DROP TABLE IF EXISTS `xlite_capost_delivery_service_options`;
/*!40101 SET @saved_cs_client     = @@character_set_client */;
/*!40101 SET character_set_client = utf8 */;
CREATE TABLE `xlite_capost_delivery_service_options` (
  `id` int(10) unsigned NOT NULL AUTO_INCREMENT,
  `code` varchar(255) COLLATE utf8_unicode_ci NOT NULL,
  `name` varchar(255) COLLATE utf8_unicode_ci NOT NULL,
  `mandatory` tinyint(1) NOT NULL,
  `qualifierRequired` tinyint(1) NOT NULL,
  `qualifierMax` decimal(14,4) DEFAULT NULL,
  `serviceId` int(10) unsigned DEFAULT NULL,
  PRIMARY KEY (`id`),
  KEY `IDX_85C93F5589697FA8` (`serviceId`),
  CONSTRAINT `FK_85C93F5589697FA8` FOREIGN KEY (`serviceId`) REFERENCES `xlite_capost_delivery_services` (`id`) ON DELETE CASCADE
) ENGINE=InnoDB DEFAULT CHARSET=utf8 COLLATE=utf8_unicode_ci;
/*!40101 SET character_set_client = @saved_cs_client */;

--
-- Dumping data for table `xlite_capost_delivery_service_options`
--

LOCK TABLES `xlite_capost_delivery_service_options` WRITE;
/*!40000 ALTER TABLE `xlite_capost_delivery_service_options` DISABLE KEYS */;
/*!40000 ALTER TABLE `xlite_capost_delivery_service_options` ENABLE KEYS */;
UNLOCK TABLES;

--
-- Table structure for table `xlite_capost_delivery_services`
--

DROP TABLE IF EXISTS `xlite_capost_delivery_services`;
/*!40101 SET @saved_cs_client     = @@character_set_client */;
/*!40101 SET character_set_client = utf8 */;
CREATE TABLE `xlite_capost_delivery_services` (
  `id` int(10) unsigned NOT NULL AUTO_INCREMENT,
  `code` varchar(32) COLLATE utf8_unicode_ci NOT NULL,
  `countryCode` varchar(2) COLLATE utf8_unicode_ci NOT NULL,
  `name` varchar(255) COLLATE utf8_unicode_ci NOT NULL,
  `expiry` int(10) unsigned NOT NULL,
  `maxWeight` int(11) NOT NULL,
  `minWeight` int(11) NOT NULL,
  `maxLength` decimal(11,1) NOT NULL,
  `minLength` decimal(11,1) NOT NULL,
  `maxWidth` decimal(11,1) NOT NULL,
  `minWidth` decimal(11,1) NOT NULL,
  `maxHeight` decimal(11,1) NOT NULL,
  `minHeight` decimal(11,1) NOT NULL,
  `lengthPlusGirthMax` decimal(11,1) DEFAULT NULL,
  `lengthHeightWidthSumMax` decimal(11,1) DEFAULT NULL,
  `oversizeLimit` decimal(11,1) DEFAULT NULL,
  `densityFactor` int(11) DEFAULT NULL,
  `canShipInMailingTube` tinyint(1) NOT NULL,
  `canShipUnpackaged` tinyint(1) NOT NULL,
  `allowedAsReturnService` tinyint(1) NOT NULL,
  PRIMARY KEY (`id`),
  UNIQUE KEY `code_country` (`code`,`countryCode`)
) ENGINE=InnoDB DEFAULT CHARSET=utf8 COLLATE=utf8_unicode_ci;
/*!40101 SET character_set_client = @saved_cs_client */;

--
-- Dumping data for table `xlite_capost_delivery_services`
--

LOCK TABLES `xlite_capost_delivery_services` WRITE;
/*!40000 ALTER TABLE `xlite_capost_delivery_services` DISABLE KEYS */;
/*!40000 ALTER TABLE `xlite_capost_delivery_services` ENABLE KEYS */;
UNLOCK TABLES;

--
-- Table structure for table `xlite_capost_return_items`
--

DROP TABLE IF EXISTS `xlite_capost_return_items`;
/*!40101 SET @saved_cs_client     = @@character_set_client */;
/*!40101 SET character_set_client = utf8 */;
CREATE TABLE `xlite_capost_return_items` (
  `id` int(11) NOT NULL AUTO_INCREMENT,
  `amount` int(10) unsigned NOT NULL,
  `returnId` int(10) unsigned DEFAULT NULL,
  `orderItemId` int(11) DEFAULT NULL,
  PRIMARY KEY (`id`),
  KEY `IDX_32022371B43D59E` (`returnId`),
  KEY `IDX_3202237BBF22A26` (`orderItemId`),
  CONSTRAINT `FK_32022371B43D59E` FOREIGN KEY (`returnId`) REFERENCES `xlite_capost_returns` (`id`) ON DELETE CASCADE,
  CONSTRAINT `FK_3202237BBF22A26` FOREIGN KEY (`orderItemId`) REFERENCES `xlite_order_items` (`item_id`) ON DELETE CASCADE
) ENGINE=InnoDB DEFAULT CHARSET=utf8 COLLATE=utf8_unicode_ci;
/*!40101 SET character_set_client = @saved_cs_client */;

--
-- Dumping data for table `xlite_capost_return_items`
--

LOCK TABLES `xlite_capost_return_items` WRITE;
/*!40000 ALTER TABLE `xlite_capost_return_items` DISABLE KEYS */;
/*!40000 ALTER TABLE `xlite_capost_return_items` ENABLE KEYS */;
UNLOCK TABLES;

--
-- Table structure for table `xlite_capost_return_link_storage`
--

DROP TABLE IF EXISTS `xlite_capost_return_link_storage`;
/*!40101 SET @saved_cs_client     = @@character_set_client */;
/*!40101 SET character_set_client = utf8 */;
CREATE TABLE `xlite_capost_return_link_storage` (
  `id` int(10) unsigned NOT NULL AUTO_INCREMENT,
  `path` varchar(512) COLLATE utf8_unicode_ci NOT NULL,
  `fileName` varchar(255) COLLATE utf8_unicode_ci NOT NULL,
  `mime` varchar(128) COLLATE utf8_unicode_ci NOT NULL,
  `storageType` varchar(1) COLLATE utf8_unicode_ci NOT NULL,
  `size` int(10) unsigned NOT NULL,
  `date` int(10) unsigned NOT NULL,
  `linkId` int(11) DEFAULT NULL,
  PRIMARY KEY (`id`),
  UNIQUE KEY `UNIQ_784CAF87AEC98E42` (`linkId`),
  CONSTRAINT `FK_784CAF87AEC98E42` FOREIGN KEY (`linkId`) REFERENCES `xlite_capost_return_links` (`id`) ON DELETE CASCADE
) ENGINE=InnoDB DEFAULT CHARSET=utf8 COLLATE=utf8_unicode_ci;
/*!40101 SET character_set_client = @saved_cs_client */;

--
-- Dumping data for table `xlite_capost_return_link_storage`
--

LOCK TABLES `xlite_capost_return_link_storage` WRITE;
/*!40000 ALTER TABLE `xlite_capost_return_link_storage` DISABLE KEYS */;
/*!40000 ALTER TABLE `xlite_capost_return_link_storage` ENABLE KEYS */;
UNLOCK TABLES;

--
-- Table structure for table `xlite_capost_return_links`
--

DROP TABLE IF EXISTS `xlite_capost_return_links`;
/*!40101 SET @saved_cs_client     = @@character_set_client */;
/*!40101 SET character_set_client = utf8 */;
CREATE TABLE `xlite_capost_return_links` (
  `id` int(11) NOT NULL AUTO_INCREMENT,
  `rel` varchar(255) COLLATE utf8_unicode_ci NOT NULL,
  `href` varchar(255) COLLATE utf8_unicode_ci NOT NULL,
  `idx` int(11) DEFAULT NULL,
  `mediaType` varchar(255) COLLATE utf8_unicode_ci NOT NULL,
  `returnId` int(10) unsigned DEFAULT NULL,
  PRIMARY KEY (`id`),
  KEY `IDX_33BC6A621B43D59E` (`returnId`),
  CONSTRAINT `FK_33BC6A621B43D59E` FOREIGN KEY (`returnId`) REFERENCES `xlite_capost_returns` (`id`) ON DELETE CASCADE
) ENGINE=InnoDB DEFAULT CHARSET=utf8 COLLATE=utf8_unicode_ci;
/*!40101 SET character_set_client = @saved_cs_client */;

--
-- Dumping data for table `xlite_capost_return_links`
--

LOCK TABLES `xlite_capost_return_links` WRITE;
/*!40000 ALTER TABLE `xlite_capost_return_links` DISABLE KEYS */;
/*!40000 ALTER TABLE `xlite_capost_return_links` ENABLE KEYS */;
UNLOCK TABLES;

--
-- Table structure for table `xlite_capost_returns`
--

DROP TABLE IF EXISTS `xlite_capost_returns`;
/*!40101 SET @saved_cs_client     = @@character_set_client */;
/*!40101 SET character_set_client = utf8 */;
CREATE TABLE `xlite_capost_returns` (
  `id` int(10) unsigned NOT NULL AUTO_INCREMENT,
  `status` char(2) COLLATE utf8_unicode_ci NOT NULL,
  `date` int(10) unsigned NOT NULL,
  `lastRenewDate` int(11) NOT NULL,
  `notes` longtext COLLATE utf8_unicode_ci NOT NULL,
  `adminNotes` longtext COLLATE utf8_unicode_ci NOT NULL,
  `trackingPin` varchar(16) COLLATE utf8_unicode_ci DEFAULT NULL,
  `orderId` int(11) DEFAULT NULL,
  PRIMARY KEY (`id`),
  KEY `IDX_A90646B3FA237437` (`orderId`),
  KEY `date` (`date`),
  KEY `status` (`status`),
  CONSTRAINT `FK_A90646B3FA237437` FOREIGN KEY (`orderId`) REFERENCES `xlite_orders` (`order_id`) ON DELETE CASCADE
) ENGINE=InnoDB DEFAULT CHARSET=utf8 COLLATE=utf8_unicode_ci;
/*!40101 SET character_set_client = @saved_cs_client */;

--
-- Dumping data for table `xlite_capost_returns`
--

LOCK TABLES `xlite_capost_returns` WRITE;
/*!40000 ALTER TABLE `xlite_capost_returns` DISABLE KEYS */;
/*!40000 ALTER TABLE `xlite_capost_returns` ENABLE KEYS */;
UNLOCK TABLES;

--
-- Table structure for table `xlite_categories`
--

DROP TABLE IF EXISTS `xlite_categories`;
/*!40101 SET @saved_cs_client     = @@character_set_client */;
/*!40101 SET character_set_client = utf8 */;
CREATE TABLE `xlite_categories` (
  `category_id` int(10) unsigned NOT NULL AUTO_INCREMENT,
  `parent_id` int(10) unsigned DEFAULT NULL,
  `ogMeta` longtext COLLATE utf8_unicode_ci,
  `useCustomOG` tinyint(1) NOT NULL,
  `demo` tinyint(1) NOT NULL,
  `useClasses` char(1) COLLATE utf8_unicode_ci NOT NULL,
  `lpos` int(11) NOT NULL,
  `rpos` int(11) NOT NULL,
  `enabled` tinyint(1) NOT NULL,
  `show_title` tinyint(1) NOT NULL,
  `depth` int(11) NOT NULL,
  `pos` int(11) NOT NULL,
  `root_category_look` varchar(32) COLLATE utf8_unicode_ci DEFAULT NULL,
  `metaDescType` varchar(1) COLLATE utf8_unicode_ci NOT NULL,
  `xcPendingExport` tinyint(1) NOT NULL,
  PRIMARY KEY (`category_id`),
  KEY `IDX_9D0DF19B727ACA70` (`parent_id`),
  KEY `lpos` (`lpos`),
  KEY `rpos` (`rpos`),
  KEY `enabled` (`enabled`),
  CONSTRAINT `FK_9D0DF19B727ACA70` FOREIGN KEY (`parent_id`) REFERENCES `xlite_categories` (`category_id`) ON DELETE SET NULL
) ENGINE=InnoDB AUTO_INCREMENT=13 DEFAULT CHARSET=utf8 COLLATE=utf8_unicode_ci;
/*!40101 SET character_set_client = @saved_cs_client */;

--
-- Dumping data for table `xlite_categories`
--

LOCK TABLES `xlite_categories` WRITE;
/*!40000 ALTER TABLE `xlite_categories` DISABLE KEYS */;
INSERT INTO `xlite_categories` VALUES (1,NULL,'',0,0,'A',1,24,1,0,-1,0,'icons','A',0),(2,1,'',0,1,'A',2,9,1,1,0,10,NULL,'A',0),(3,2,'',0,1,'A',3,4,1,1,1,10,NULL,'A',0),(4,2,'',0,1,'A',5,6,1,1,1,20,NULL,'A',0),(5,2,'',0,1,'A',7,8,1,1,1,30,NULL,'A',0),(6,1,'',0,1,'A',10,15,1,1,0,20,NULL,'A',0),(7,6,'',0,1,'A',11,12,1,1,1,10,NULL,'A',0),(8,6,'',0,1,'A',13,14,1,1,1,10,NULL,'A',0),(9,1,'',0,1,'A',16,23,1,1,0,30,NULL,'A',0),(10,9,'',0,1,'A',17,18,1,1,1,10,NULL,'A',0),(11,9,'',0,1,'A',19,20,1,1,1,20,NULL,'A',0),(12,9,'',0,1,'A',21,22,1,1,1,30,NULL,'A',0);
/*!40000 ALTER TABLE `xlite_categories` ENABLE KEYS */;
UNLOCK TABLES;

--
-- Table structure for table `xlite_category_banners`
--

DROP TABLE IF EXISTS `xlite_category_banners`;
/*!40101 SET @saved_cs_client     = @@character_set_client */;
/*!40101 SET character_set_client = utf8 */;
CREATE TABLE `xlite_category_banners` (
  `id` int(10) unsigned NOT NULL AUTO_INCREMENT,
  `category_id` int(10) unsigned DEFAULT NULL,
  `alt` varchar(255) COLLATE utf8_unicode_ci NOT NULL,
  `width` int(11) NOT NULL,
  `height` int(11) NOT NULL,
  `hash` char(32) COLLATE utf8_unicode_ci DEFAULT NULL,
  `needProcess` tinyint(1) NOT NULL,
  `path` varchar(512) COLLATE utf8_unicode_ci NOT NULL,
  `fileName` varchar(255) COLLATE utf8_unicode_ci NOT NULL,
  `mime` varchar(128) COLLATE utf8_unicode_ci NOT NULL,
  `storageType` varchar(1) COLLATE utf8_unicode_ci NOT NULL,
  `size` int(10) unsigned NOT NULL,
  `date` int(10) unsigned NOT NULL,
  PRIMARY KEY (`id`),
  UNIQUE KEY `UNIQ_69B8F0D412469DE2` (`category_id`),
  CONSTRAINT `FK_69B8F0D412469DE2` FOREIGN KEY (`category_id`) REFERENCES `xlite_categories` (`category_id`) ON DELETE CASCADE
) ENGINE=InnoDB AUTO_INCREMENT=4 DEFAULT CHARSET=utf8 COLLATE=utf8_unicode_ci;
/*!40101 SET character_set_client = @saved_cs_client */;

--
-- Dumping data for table `xlite_category_banners`
--

LOCK TABLES `xlite_category_banners` WRITE;
/*!40000 ALTER TABLE `xlite_category_banners` DISABLE KEYS */;
INSERT INTO `xlite_category_banners` VALUES (1,2,'',2996,520,NULL,1,'fashion_6.jpeg','','image/jpeg','r',331715,1560863809),(2,6,'',2996,520,NULL,1,'beauty_banner5.jpg','','image/jpeg','r',340745,1559911154),(3,9,'',2996,520,NULL,1,'9_electronic.jpeg','','image/jpeg','r',334750,1560943954);
/*!40000 ALTER TABLE `xlite_category_banners` ENABLE KEYS */;
UNLOCK TABLES;

--
-- Table structure for table `xlite_category_class_links`
--

DROP TABLE IF EXISTS `xlite_category_class_links`;
/*!40101 SET @saved_cs_client     = @@character_set_client */;
/*!40101 SET character_set_client = utf8 */;
CREATE TABLE `xlite_category_class_links` (
  `category_id` int(10) unsigned NOT NULL,
  `class_id` int(10) unsigned NOT NULL,
  PRIMARY KEY (`category_id`,`class_id`),
  KEY `IDX_3F5DB31312469DE2` (`category_id`),
  KEY `IDX_3F5DB313EA000B10` (`class_id`),
  CONSTRAINT `FK_3F5DB31312469DE2` FOREIGN KEY (`category_id`) REFERENCES `xlite_categories` (`category_id`) ON DELETE CASCADE,
  CONSTRAINT `FK_3F5DB313EA000B10` FOREIGN KEY (`class_id`) REFERENCES `xlite_product_classes` (`id`) ON DELETE CASCADE
) ENGINE=InnoDB DEFAULT CHARSET=utf8 COLLATE=utf8_unicode_ci;
/*!40101 SET character_set_client = @saved_cs_client */;

--
-- Dumping data for table `xlite_category_class_links`
--

LOCK TABLES `xlite_category_class_links` WRITE;
/*!40000 ALTER TABLE `xlite_category_class_links` DISABLE KEYS */;
/*!40000 ALTER TABLE `xlite_category_class_links` ENABLE KEYS */;
UNLOCK TABLES;

--
-- Table structure for table `xlite_category_images`
--

DROP TABLE IF EXISTS `xlite_category_images`;
/*!40101 SET @saved_cs_client     = @@character_set_client */;
/*!40101 SET character_set_client = utf8 */;
CREATE TABLE `xlite_category_images` (
  `id` int(10) unsigned NOT NULL AUTO_INCREMENT,
  `category_id` int(10) unsigned DEFAULT NULL,
  `alt` varchar(255) COLLATE utf8_unicode_ci NOT NULL,
  `width` int(11) NOT NULL,
  `height` int(11) NOT NULL,
  `hash` char(32) COLLATE utf8_unicode_ci DEFAULT NULL,
  `needProcess` tinyint(1) NOT NULL,
  `path` varchar(512) COLLATE utf8_unicode_ci NOT NULL,
  `fileName` varchar(255) COLLATE utf8_unicode_ci NOT NULL,
  `mime` varchar(128) COLLATE utf8_unicode_ci NOT NULL,
  `storageType` varchar(1) COLLATE utf8_unicode_ci NOT NULL,
  `size` int(10) unsigned NOT NULL,
  `date` int(10) unsigned NOT NULL,
  PRIMARY KEY (`id`),
  UNIQUE KEY `UNIQ_3EDA5C4B12469DE2` (`category_id`),
  CONSTRAINT `FK_3EDA5C4B12469DE2` FOREIGN KEY (`category_id`) REFERENCES `xlite_categories` (`category_id`) ON DELETE CASCADE
) ENGINE=InnoDB AUTO_INCREMENT=12 DEFAULT CHARSET=utf8 COLLATE=utf8_unicode_ci;
/*!40101 SET character_set_client = @saved_cs_client */;

--
-- Dumping data for table `xlite_category_images`
--

LOCK TABLES `xlite_category_images` WRITE;
/*!40000 ALTER TABLE `xlite_category_images` DISABLE KEYS */;
INSERT INTO `xlite_category_images` VALUES (1,2,'',732,880,NULL,1,'clo_7_1.jpg','','image/jpeg','r',111237,1559324094),(2,3,'',732,880,NULL,1,'clo_5.jpg','','image/jpeg','r',199790,1559317753),(3,4,'',732,880,NULL,1,'shoes_6_2.jpg','','image/jpeg','r',80257,1559317794),(4,5,'',732,880,NULL,1,'bag_1.jpg','','image/jpeg','r',154680,1559320882),(5,6,'',732,880,NULL,1,'beauty_1.jpg','','image/jpeg','r',46495,1559892754),(6,7,'',732,880,NULL,1,'beauty_2.jpg','','image/jpeg','r',102218,1559894538),(7,8,'',732,880,NULL,1,'food_11.jpg','','image/jpeg','r',84336,1559898037),(8,9,'',732,880,NULL,1,'elec_2.jpg','','image/jpeg','r',132698,1559820383),(9,10,'',732,880,NULL,1,'elec_5.jpg','','image/jpeg','r',51859,1559822955),(10,11,'',732,880,NULL,1,'elec_4.jpg','','image/jpeg','r',125842,1559821038),(11,12,'',732,880,NULL,1,'elec_14.jpg','','image/jpeg','r',16200,1559828507);
/*!40000 ALTER TABLE `xlite_category_images` ENABLE KEYS */;
UNLOCK TABLES;

--
-- Table structure for table `xlite_category_membership_links`
--

DROP TABLE IF EXISTS `xlite_category_membership_links`;
/*!40101 SET @saved_cs_client     = @@character_set_client */;
/*!40101 SET character_set_client = utf8 */;
CREATE TABLE `xlite_category_membership_links` (
  `category_id` int(10) unsigned NOT NULL,
  `membership_id` int(10) unsigned NOT NULL,
  PRIMARY KEY (`category_id`,`membership_id`),
  KEY `IDX_A0AA75DD12469DE2` (`category_id`),
  KEY `IDX_A0AA75DD1FB354CD` (`membership_id`),
  CONSTRAINT `FK_A0AA75DD12469DE2` FOREIGN KEY (`category_id`) REFERENCES `xlite_categories` (`category_id`) ON DELETE CASCADE,
  CONSTRAINT `FK_A0AA75DD1FB354CD` FOREIGN KEY (`membership_id`) REFERENCES `xlite_memberships` (`membership_id`) ON DELETE CASCADE
) ENGINE=InnoDB DEFAULT CHARSET=utf8 COLLATE=utf8_unicode_ci;
/*!40101 SET character_set_client = @saved_cs_client */;

--
-- Dumping data for table `xlite_category_membership_links`
--

LOCK TABLES `xlite_category_membership_links` WRITE;
/*!40000 ALTER TABLE `xlite_category_membership_links` DISABLE KEYS */;
/*!40000 ALTER TABLE `xlite_category_membership_links` ENABLE KEYS */;
UNLOCK TABLES;

--
-- Table structure for table `xlite_category_products`
--

DROP TABLE IF EXISTS `xlite_category_products`;
/*!40101 SET @saved_cs_client     = @@character_set_client */;
/*!40101 SET character_set_client = utf8 */;
CREATE TABLE `xlite_category_products` (
  `id` int(10) unsigned NOT NULL AUTO_INCREMENT,
  `category_id` int(10) unsigned DEFAULT NULL,
  `product_id` int(10) unsigned DEFAULT NULL,
  `orderby` int(11) NOT NULL,
  `orderbyInProduct` int(11) NOT NULL,
  PRIMARY KEY (`id`),
  UNIQUE KEY `pair` (`category_id`,`product_id`),
  KEY `IDX_7121122812469DE2` (`category_id`),
  KEY `IDX_712112284584665A` (`product_id`),
  KEY `orderby` (`orderby`),
  KEY `orderbyInProduct` (`orderbyInProduct`),
  CONSTRAINT `FK_7121122812469DE2` FOREIGN KEY (`category_id`) REFERENCES `xlite_categories` (`category_id`) ON DELETE CASCADE,
  CONSTRAINT `FK_712112284584665A` FOREIGN KEY (`product_id`) REFERENCES `xlite_products` (`product_id`) ON DELETE CASCADE
) ENGINE=InnoDB AUTO_INCREMENT=68 DEFAULT CHARSET=utf8 COLLATE=utf8_unicode_ci;
/*!40101 SET character_set_client = @saved_cs_client */;

--
-- Dumping data for table `xlite_category_products`
--

LOCK TABLES `xlite_category_products` WRITE;
/*!40000 ALTER TABLE `xlite_category_products` DISABLE KEYS */;
INSERT INTO `xlite_category_products` VALUES (1,3,7,0,0),(2,3,12,0,0),(3,3,13,0,0),(4,3,14,0,0),(5,3,15,0,0),(6,3,16,0,0),(7,3,17,0,0),(8,3,18,0,0),(9,3,19,0,0),(10,3,20,0,0),(11,4,2,0,0),(12,4,3,0,0),(13,4,4,0,0),(14,4,5,0,0),(15,4,6,0,0),(16,4,8,0,0),(17,4,9,0,0),(18,4,10,0,0),(19,4,11,0,0),(20,5,21,0,0),(21,5,22,0,0),(22,5,23,0,0),(23,5,24,0,0),(24,5,25,0,0),(25,5,26,0,0),(26,7,36,0,0),(27,7,37,0,0),(28,7,38,0,0),(29,7,39,0,0),(30,7,40,0,0),(31,7,41,0,0),(32,8,50,0,0),(33,8,47,0,0),(34,8,43,0,0),(35,8,49,0,0),(36,8,48,0,0),(37,8,42,0,0),(38,8,45,0,0),(39,8,44,0,0),(40,8,46,0,0),(41,6,36,0,0),(42,6,37,0,0),(43,6,38,0,0),(44,6,39,0,0),(45,6,42,0,0),(46,6,44,0,0),(47,6,45,0,0),(48,6,46,0,0),(49,6,47,0,0),(50,6,48,0,0),(51,6,49,0,0),(52,6,50,0,0),(53,10,33,0,0),(54,10,32,0,0),(55,10,30,0,0),(56,11,27,0,0),(57,11,28,0,0),(58,11,29,0,0),(59,12,31,0,0),(60,12,34,0,0),(61,12,35,0,0),(62,9,28,0,0),(63,9,30,0,0),(64,9,31,0,0),(65,9,33,0,0),(66,9,34,0,0),(67,9,35,0,0);
/*!40000 ALTER TABLE `xlite_category_products` ENABLE KEYS */;
UNLOCK TABLES;

--
-- Table structure for table `xlite_category_quick_flags`
--

DROP TABLE IF EXISTS `xlite_category_quick_flags`;
/*!40101 SET @saved_cs_client     = @@character_set_client */;
/*!40101 SET character_set_client = utf8 */;
CREATE TABLE `xlite_category_quick_flags` (
  `id` int(10) unsigned NOT NULL AUTO_INCREMENT,
  `category_id` int(10) unsigned DEFAULT NULL,
  `subcategories_count_all` int(11) NOT NULL,
  `subcategories_count_enabled` int(11) NOT NULL,
  PRIMARY KEY (`id`),
  UNIQUE KEY `UNIQ_5BA9C50312469DE2` (`category_id`),
  CONSTRAINT `FK_5BA9C50312469DE2` FOREIGN KEY (`category_id`) REFERENCES `xlite_categories` (`category_id`) ON DELETE CASCADE
) ENGINE=InnoDB AUTO_INCREMENT=13 DEFAULT CHARSET=utf8 COLLATE=utf8_unicode_ci;
/*!40101 SET character_set_client = @saved_cs_client */;

--
-- Dumping data for table `xlite_category_quick_flags`
--

LOCK TABLES `xlite_category_quick_flags` WRITE;
/*!40000 ALTER TABLE `xlite_category_quick_flags` DISABLE KEYS */;
INSERT INTO `xlite_category_quick_flags` VALUES (1,1,3,3),(2,2,3,3),(3,3,0,0),(4,4,0,0),(5,5,0,0),(6,6,2,2),(7,7,0,0),(8,8,0,0),(9,9,3,3),(10,10,0,0),(11,11,0,0),(12,12,0,0);
/*!40000 ALTER TABLE `xlite_category_quick_flags` ENABLE KEYS */;
UNLOCK TABLES;

--
-- Table structure for table `xlite_category_translations`
--

DROP TABLE IF EXISTS `xlite_category_translations`;
/*!40101 SET @saved_cs_client     = @@character_set_client */;
/*!40101 SET character_set_client = utf8 */;
CREATE TABLE `xlite_category_translations` (
  `label_id` int(11) NOT NULL AUTO_INCREMENT,
  `id` int(10) unsigned DEFAULT NULL,
  `ogMeta` longtext COLLATE utf8_unicode_ci NOT NULL,
  `name` varchar(255) COLLATE utf8_unicode_ci NOT NULL,
  `description` longtext COLLATE utf8_unicode_ci NOT NULL,
  `metaTags` varchar(255) COLLATE utf8_unicode_ci NOT NULL,
  `metaDesc` longtext COLLATE utf8_unicode_ci NOT NULL,
  `metaTitle` varchar(255) COLLATE utf8_unicode_ci NOT NULL,
  `code` char(2) COLLATE utf8_unicode_ci NOT NULL,
  PRIMARY KEY (`label_id`),
  KEY `ci` (`code`,`id`),
  KEY `id` (`id`),
  CONSTRAINT `FK_9ED79EA5BF396750` FOREIGN KEY (`id`) REFERENCES `xlite_categories` (`category_id`) ON DELETE CASCADE
) ENGINE=InnoDB AUTO_INCREMENT=13 DEFAULT CHARSET=utf8 COLLATE=utf8_unicode_ci;
/*!40101 SET character_set_client = @saved_cs_client */;

--
-- Dumping data for table `xlite_category_translations`
--

LOCK TABLES `xlite_category_translations` WRITE;
/*!40000 ALTER TABLE `xlite_category_translations` DISABLE KEYS */;
INSERT INTO `xlite_category_translations` VALUES (1,1,'','Catalog','<h1>Welcome to X-Cart Demo Store!</h1><p>It illustrates operation and features of X-Cart - all-in-one eCommerce solution for swift and easy launch of a professional online store. Orders placed here cannot be fulfilled as all the sample products listed in this store are for demonstration and testing purposes only.</p>','','','','en'),(2,2,'','Fashion','','','','','en'),(3,3,'','Clothing','','','','','en'),(4,4,'','Shoes','','','','','en'),(5,5,'','Accessories','','','','','en'),(6,6,'','Beauty & Health','','','','','en'),(7,7,'','Cosmetics','','','','','en'),(8,8,'','Healthy Food & Snacks','','','','','en'),(9,9,'','Electronics','','','','','en'),(10,10,'','Smart watches','','','','','en'),(11,11,'','Mobile phones','','','','','en'),(12,12,'','Other','','','','','en');
/*!40000 ALTER TABLE `xlite_category_translations` ENABLE KEYS */;
UNLOCK TABLES;

--
-- Table structure for table `xlite_clean_urls`
--

DROP TABLE IF EXISTS `xlite_clean_urls`;
/*!40101 SET @saved_cs_client     = @@character_set_client */;
/*!40101 SET character_set_client = utf8 */;
CREATE TABLE `xlite_clean_urls` (
  `id` int(10) unsigned NOT NULL AUTO_INCREMENT,
  `page_id` int(10) unsigned DEFAULT NULL,
  `news_message_id` int(10) unsigned DEFAULT NULL,
  `product_id` int(10) unsigned DEFAULT NULL,
  `category_id` int(10) unsigned DEFAULT NULL,
  `cleanURL` varchar(255) COLLATE utf8_unicode_ci DEFAULT NULL,
  PRIMARY KEY (`id`),
  KEY `IDX_F2542545C4663E4` (`page_id`),
  KEY `IDX_F2542545BF05C450` (`news_message_id`),
  KEY `IDX_F25425454584665A` (`product_id`),
  KEY `IDX_F254254512469DE2` (`category_id`),
  KEY `cleanURL` (`cleanURL`),
  CONSTRAINT `FK_F254254512469DE2` FOREIGN KEY (`category_id`) REFERENCES `xlite_categories` (`category_id`) ON DELETE CASCADE,
  CONSTRAINT `FK_F25425454584665A` FOREIGN KEY (`product_id`) REFERENCES `xlite_products` (`product_id`) ON DELETE CASCADE,
  CONSTRAINT `FK_F2542545BF05C450` FOREIGN KEY (`news_message_id`) REFERENCES `xlite_news` (`id`) ON DELETE CASCADE,
  CONSTRAINT `FK_F2542545C4663E4` FOREIGN KEY (`page_id`) REFERENCES `xlite_pages` (`id`) ON DELETE CASCADE
) ENGINE=InnoDB AUTO_INCREMENT=64 DEFAULT CHARSET=utf8 COLLATE=utf8_unicode_ci;
/*!40101 SET character_set_client = @saved_cs_client */;

--
-- Dumping data for table `xlite_clean_urls`
--

LOCK TABLES `xlite_clean_urls` WRITE;
/*!40000 ALTER TABLE `xlite_clean_urls` DISABLE KEYS */;
INSERT INTO `xlite_clean_urls` VALUES (1,1,NULL,NULL,NULL,'terms-and-conditions.html'),(2,2,NULL,NULL,NULL,'shipping.html'),(3,NULL,NULL,1,NULL,'timberland-45th-anniversary.html'),(4,NULL,NULL,2,NULL,'red-black.html'),(5,NULL,NULL,3,NULL,'star.html'),(6,NULL,NULL,4,NULL,'model-wearing-platforms.html'),(7,NULL,NULL,5,NULL,'man.html'),(8,NULL,NULL,6,NULL,'man-3.html'),(9,NULL,NULL,7,NULL,'t-shirt1.html'),(10,NULL,NULL,8,NULL,'rose-keds.html'),(11,NULL,NULL,9,NULL,'white-1.html'),(12,NULL,NULL,10,NULL,'gold.html'),(13,NULL,NULL,11,NULL,'living-in-green.html'),(14,NULL,NULL,12,NULL,'blue-lines.html'),(15,NULL,NULL,13,NULL,'red-and-blond.html'),(16,NULL,NULL,14,NULL,'dress.html'),(17,NULL,NULL,15,NULL,'w1.html'),(18,NULL,NULL,16,NULL,'dress2.html'),(19,NULL,NULL,17,NULL,'man-t-shirt.html'),(20,NULL,NULL,18,NULL,'man-blue.html'),(21,NULL,NULL,19,NULL,'hoody.html'),(22,NULL,NULL,20,NULL,'man-black.html'),(23,NULL,NULL,21,NULL,'bag-1.html'),(24,NULL,NULL,22,NULL,'watch.html'),(25,NULL,NULL,23,NULL,'3.html'),(26,NULL,NULL,24,NULL,'jewerly.html'),(27,NULL,NULL,25,NULL,'cup.html'),(28,NULL,NULL,26,NULL,'braslet.html'),(29,NULL,NULL,27,NULL,'samsung.html'),(30,NULL,NULL,28,NULL,'apple.html'),(31,NULL,NULL,29,NULL,'apple-2.html'),(32,NULL,NULL,30,NULL,'apple-watch.html'),(33,NULL,NULL,31,NULL,'google-home-mini.html'),(34,NULL,NULL,32,NULL,'watch2.html'),(35,NULL,NULL,33,NULL,'watch-4.html'),(36,NULL,NULL,34,NULL,'headphone.html'),(37,NULL,NULL,35,NULL,'headphones-2.html'),(38,NULL,NULL,36,NULL,'cocooil-baby-oil.html'),(39,NULL,NULL,37,NULL,'maui-moisture.html'),(40,NULL,NULL,38,NULL,'barth-body-oil.html'),(41,NULL,NULL,39,NULL,'spray.html'),(42,NULL,NULL,40,NULL,'red-dior.html'),(43,NULL,NULL,41,NULL,'pink-unicorn-cosmetic-brushes.html'),(44,NULL,NULL,42,NULL,'perfect-snacks.html'),(45,NULL,NULL,43,NULL,'blue-and-green-matcha-lattes.html'),(46,NULL,NULL,44,NULL,'chia.html'),(47,NULL,NULL,45,NULL,'probiotic.html'),(48,NULL,NULL,46,NULL,'tea.html'),(49,NULL,NULL,47,NULL,'cinnamon.html'),(50,NULL,NULL,48,NULL,'nut.html'),(51,NULL,NULL,49,NULL,'sweet-water.html'),(52,NULL,NULL,50,NULL,'dose-juice.html'),(53,NULL,NULL,NULL,2,'fashion'),(54,NULL,NULL,NULL,3,'clothing'),(55,NULL,NULL,NULL,4,'shoes'),(56,NULL,NULL,NULL,5,'accessories'),(57,NULL,NULL,NULL,6,'beauty-and-health'),(58,NULL,NULL,NULL,7,'cosmetics'),(59,NULL,NULL,NULL,8,'healthy-food-and-snacks'),(60,NULL,NULL,NULL,9,'electronics'),(61,NULL,NULL,NULL,10,'smart-watches'),(62,NULL,NULL,NULL,11,'mobile-phones'),(63,NULL,NULL,NULL,12,'other');
/*!40000 ALTER TABLE `xlite_clean_urls` ENABLE KEYS */;
UNLOCK TABLES;

--
-- Table structure for table `xlite_config`
--

DROP TABLE IF EXISTS `xlite_config`;
/*!40101 SET @saved_cs_client     = @@character_set_client */;
/*!40101 SET character_set_client = utf8 */;
CREATE TABLE `xlite_config` (
  `config_id` int(11) NOT NULL AUTO_INCREMENT,
  `name` varchar(32) COLLATE utf8_unicode_ci NOT NULL,
  `category` varchar(64) COLLATE utf8_unicode_ci NOT NULL,
  `type` varchar(128) COLLATE utf8_unicode_ci NOT NULL,
  `orderby` int(11) NOT NULL,
  `value` longtext COLLATE utf8_unicode_ci NOT NULL,
  `widgetParameters` longtext COLLATE utf8_unicode_ci COMMENT '(DC2Type:array)',
  PRIMARY KEY (`config_id`),
  UNIQUE KEY `nc` (`name`,`category`),
  KEY `orderby` (`orderby`),
  KEY `type` (`type`)
) ENGINE=InnoDB AUTO_INCREMENT=452 DEFAULT CHARSET=utf8 COLLATE=utf8_unicode_ci;
/*!40101 SET character_set_client = @saved_cs_client */;

--
-- Dumping data for table `xlite_config`
--

LOCK TABLES `xlite_config` WRITE;
/*!40000 ALTER TABLE `xlite_config` DISABLE KEYS */;
INSERT INTO `xlite_config` VALUES (1,'admin_security','Security','checkbox',1000,'N','N;'),(2,'anonymous','Shipping','separator',3000,'','N;'),(3,'anonymous_address','Shipping','text',4000,'','N;'),(4,'anonymous_country','Shipping','country',5000,'US','N;'),(5,'anonymous_state','Shipping','state',6000,'562','a:1:{s:9:\"selectOne\";b:1;}'),(6,'anonymous_custom_state','Shipping','text',7000,'','N;'),(7,'anonymous_city','Shipping','text',8000,'Los Angeles','N;'),(8,'anonymous_zipcode','Shipping','text',9000,'90001','N;'),(9,'anonymous_address_type','Shipping','\\XLite\\View\\FormField\\Select\\AddressType',10000,'R','N;'),(10,'aggregate_css','Performance','XLite\\View\\FormField\\Input\\Checkbox\\OnOff',2000,'Y','N;'),(11,'aggregate_js','Performance','XLite\\View\\FormField\\Input\\Checkbox\\OnOff',3000,'Y','N;'),(12,'use_view_cache','Performance','XLite\\View\\FormField\\Input\\Checkbox\\OnOff',4000,'Y','N;'),(13,'use_dynamic_image_resizing','Performance','hidden',5000,'','N;'),(14,'use_lazy_load','Performance','hidden',5200,'','N;'),(15,'unsharp_mask_filter_on_resize','Performance','hidden',5100,'','N;'),(16,'layout_type','Layout','XLite\\View\\FormField\\Select\\LayoutType',1000,'left','N;'),(17,'layout_type_home','Layout','XLite\\View\\FormField\\Select\\LayoutType',1010,'one','N;'),(18,'cli_key','Security','',11000,'','N;'),(19,'company_address','Company','separator',38500,'','N;'),(20,'company_contacts','Company','separator',45500,'','N;'),(21,'company_fax','Company','XLite\\View\\FormField\\Input\\Text\\Phone',42000,'','N;'),(22,'company_identity','Company','separator',35000,'','N;'),(23,'company_name','Company','text',36000,'*Your company name*','N;'),(24,'company_website','Company','text',37000,'','N;'),(25,'terms_url','General','text',38000,'terms-and-conditions.html','N;'),(26,'customer_presentation','General','separator',20000,'','N;'),(27,'customer_security','Security','checkbox',100,'N','N;'),(28,'date_format','Units','XLite\\View\\FormField\\Select\\DateFormat',66000,'%b %e, %Y','N;'),(29,'week_start','Units','XLite\\View\\FormField\\Select\\DayOfWeek',67000,'sun','N;'),(30,'csv_delim','Units','XLite\\View\\FormField\\Select\\CSVDelimiter',70000,',','N;'),(31,'export_import_charset','Units','XLite\\View\\FormField\\Select\\IconvCharset',72500,'UTF-8','N;'),(32,'export_product_attrs','Units','XLite\\View\\FormField\\Select\\ExportAttrs',75000,'global','N;'),(33,'default_language','General','',33000,'en','N;'),(34,'default_admin_language','General','',33500,'en','N;'),(35,'default_offline_payment','Payments','text',0,'','N;'),(36,'default_purchase_limit','General','XLite\\View\\FormField\\Input\\Text\\Integer',29300,'9999','a:1:{s:3:\"min\";i:1;}'),(37,'default_select_payment','Payments','text',0,'','N;'),(38,'display_check_number','General','checkbox',21500,'Y','N;'),(39,'show_out_of_stock_products','General','XLite\\View\\FormField\\Select\\ShowOutOfStockProducts',20000,'directLink','N;'),(40,'default_prod_display_mode','General','XLite\\View\\FormField\\Select\\DefaultDisplayModeForProductsList',25000,'grid','N;'),(41,'license','License','text',0,'','N;'),(42,'location_address','Company','text',39000,'*Your company address*','N;'),(43,'location_country','Company','country',40000,'US','a:2:{s:9:\"selectOne\";b:0;s:3:\"all\";b:1;}'),(44,'location_state','Company','state',41000,'591','N;'),(45,'location_custom_state','Company','text',41500,'','N;'),(46,'location_city','Company','text',42000,'New York','N;'),(47,'location_zipcode','Company','text',43000,'10001','N;'),(48,'origin_use_company','Company','checkbox',38000,'1','N;'),(49,'origin_address','Company','text',39000,'','N;'),(50,'origin_country','Company','country',40000,'US','a:2:{s:9:\"selectOne\";b:0;s:3:\"all\";b:1;}'),(51,'origin_state','Company','state',41000,'','N;'),(52,'origin_custom_state','Company','text',41500,'','N;'),(53,'origin_city','Company','text',42000,'','N;'),(54,'origin_zipcode','Company','text',43000,'','N;'),(55,'company_phone','Company','text',44000,'(555) 555-5555','N;'),(56,'login_lifetime','General','XLite\\View\\FormField\\Input\\Text\\Integer',45000,'3','a:1:{s:3:\"min\";i:1;}'),(57,'maximal_order_amount','General','XLite\\View\\FormField\\Input\\Text\\FloatInput',29000,'99999','a:1:{s:3:\"min\";i:1;}'),(58,'minimal_order_amount','General','XLite\\View\\FormField\\Input\\Text\\FloatInput',28000,'0','a:1:{s:3:\"min\";i:0;}'),(59,'order_number_counter','General','XLite\\View\\FormField\\Input\\Text\\Integer',39000,'6','N;'),(60,'cart_ttl','General','XLite\\View\\FormField\\Input\\Text\\Integer',39500,'7','N;'),(61,'internal_cron_enabled','General','checkbox',39800,'Y','N;'),(62,'orders_department','Company','XLite\\View\\FormField\\Select\\MultipleEmails',48000,'a:1:{i:0;s:17:\"admin@example.com\";}','N;'),(63,'products_per_page','General','XLite\\View\\FormField\\Input\\Text\\Integer',25000,'12','a:1:{s:3:\"min\";i:1;}'),(64,'products_per_page_max','General','XLite\\View\\FormField\\Input\\Text\\Integer',25000,'100','a:1:{s:3:\"min\";i:1;}'),(65,'force_choose_product_options','General','XLite\\View\\FormField\\Select\\ForceProductOptions',29900,'','N;'),(66,'redirect_to_cart','General','checkbox',30000,'N','N;'),(67,'shop_closed','Internal','checkbox',11000,'N','N;'),(68,'shop_currency','General','',60500,'840','N;'),(69,'trailing_zeroes','General','',60500,'0','N;'),(70,'site_administrator','Company','XLite\\View\\FormField\\Select\\MultipleEmails',46000,'a:1:{i:0;s:17:\"admin@example.com\";}','N;'),(71,'smtp_password','Email','XLite\\View\\FormField\\Input\\PasswordWithValue',16000,'','N;'),(72,'smtp_security','Email','XLite\\View\\FormField\\Select\\SMTPSecurity',17000,'no','N;'),(73,'smtp_server_port','Email','XLite\\View\\FormField\\Input\\Text\\Integer',13000,'25','a:2:{s:3:\"min\";i:0;s:3:\"max\";i:65535;}'),(74,'smtp_server_url','Email','text',12000,'','N;'),(75,'smtp_username','Email','text',15000,'','N;'),(76,'start_year','Company','XLite\\View\\FormField\\Input\\Text\\PastYear',38000,'2016','N;'),(77,'subcategories_look','General','XLite\\View\\FormField\\Select\\SubcategoriesLook',22000,'icons','N;'),(78,'default_products_sort_order','General','XLite\\View\\FormField\\Select\\DefaultProductSortOrder',22500,'default','N;'),(79,'default_search_sort_order','General','XLite\\View\\FormField\\Select\\DefaultProductSortOrder',22501,'default','N;'),(80,'support_department','Company','XLite\\View\\FormField\\Select\\MultipleEmails',49000,'a:1:{i:0;s:17:\"admin@example.com\";}','N;'),(81,'time_format','Units','XLite\\View\\FormField\\Select\\TimeFormat',67000,'%H:%M','N;'),(82,'time_zone','Units','XLite\\View\\FormField\\Select\\TimeZone',68000,'','N;'),(83,'users_department','Company','XLite\\View\\FormField\\Select\\MultipleEmails',47000,'a:1:{i:0;s:17:\"admin@example.com\";}','N;'),(84,'users_per_page','General','XLite\\View\\FormField\\Input\\Text\\Integer',42000,'30','a:1:{s:3:\"min\";i:1;}'),(85,'mail_from_type','Email','XLite\\View\\FormField\\Select\\EmailFrom',10500,'contact','N;'),(86,'mail_from_manual','Email','\\XLite\\View\\FormField\\Input\\Text\\EmailFromManual',10600,'','a:1:{s:8:\"required\";b:1;}'),(87,'use_smtp','Email','\\XLite\\View\\FormField\\Input\\Checkbox\\UseSmtp',11000,'','N;'),(88,'use_smtp_auth','Email','XLite\\View\\FormField\\Input\\Checkbox\\OnOff',14000,'','N;'),(89,'version','Version','',0,'5.4.0.4','N;'),(90,'weight_symbol','Units','text',62000,'lbs','N;'),(91,'weight_unit','Units','XLite\\View\\FormField\\Select\\WeightUnit',61000,'lbs','N;'),(92,'weight_trailing_zeroes','Units','checkbox',62100,'Y','N;'),(93,'weight_format','Units','XLite\\View\\FormField\\Select\\FloatFormat',62200,'|.','N;'),(94,'dim_symbol','Units','text',62500,'in','N;'),(95,'dim_unit','Units','XLite\\View\\FormField\\Select\\DimUnit',62300,'in','N;'),(96,'curl_sep','Environment','separator',10000,'','N;'),(97,'curl_cainfo','Environment','text',11000,'','N;'),(98,'curl_capath','Environment','text',12000,'','N;'),(99,'force_login_before_checkout','General','checkbox',30500,'Y','N;'),(100,'enable_add2cart_button_grid','General','checkbox',30100,'Y','N;'),(101,'requires_shipping_default','General','',0,'1','N;'),(102,'clean_url_flag','CleanURL','XLite\\View\\FormField\\Input\\Checkbox\\CleanUrl',1000,'0','N;'),(103,'general_options','CleanURL','separator',10000,'','N;'),(104,'default_site_title','CleanURL','XLite\\View\\FormField\\Label\\TranslationLabel',11000,'default-site-title','N;'),(105,'default_site_meta_description','CleanURL','XLite\\View\\FormField\\Label\\TranslationLabel',12000,'default-meta-description','N;'),(106,'default_site_meta_keywords','CleanURL','XLite\\View\\FormField\\Label\\TranslationLabel',13000,'default-meta-keywords','N;'),(107,'home_page_title_and_meta','CleanURL','XLite\\View\\FormField\\CleanUrls\\FrontPage',14000,'','N;'),(108,'page_404','CleanURL','XLite\\View\\FormField\\CleanUrls\\Page404',14500,'','N;'),(109,'regular_text_404','CleanURL','XLite\\View\\FormField\\Label\\TranslationLabelWithHtmlCode',14501,'default-404-text','N;'),(110,'show_email_404','CleanURL','XLite\\View\\FormField\\Input\\Checkbox\\OnOff',14502,'1','N;'),(111,'page_title_format','CleanURL','XLite\\View\\FormField\\CleanUrls\\PageTitleFormat',15000,'','N;'),(112,'company_name','CleanURL','XLite\\View\\FormField\\Input\\Checkbox\\OnOff',15100,'1','N;'),(113,'parent_category_path','CleanURL','XLite\\View\\FormField\\Input\\Checkbox\\OnOff',15200,'1','N;'),(114,'object_name','CleanURL','XLite\\View\\FormField\\Input\\Checkbox\\OnOffReadOnly',15300,'1','N;'),(115,'object_name_in_page_title_order','CleanURL','XLite\\View\\FormField\\Input\\Checkbox\\FirstLast',16000,'0','N;'),(116,'clean_urls_about','CleanURL','separator',20000,'','N;'),(117,'about_widget','CleanURL','XLite\\View\\FormField\\CleanUrls\\AboutCleanUrls',21000,'','N;'),(118,'allow_membership_request','General','checkbox',39900,'N','N;'),(119,'upgrade_wave_sep','Environment','separator',20000,'','N;'),(120,'upgrade_wave','Environment','XLite\\View\\FormField\\Select\\UpgradeWave',21000,'','N;'),(121,'quick_data_rebuilding','CacheManagement','checkbox',10000,'N','N;'),(122,'fields_settings_section','Email','separator',1000,'','N;'),(123,'reply_to_customer','Email','\\XLite\\View\\FormField\\Label\\ReplyToCustomer',10700,'','N;'),(124,'reply_to_admin','Email','\\XLite\\View\\FormField\\Label\\ReplyToAdmin',10800,'','N;'),(125,'smtp_section','Email','\\XLite\\View\\FormField\\Separator\\Regular',10950,'','N;'),(126,'enabled','BannerRotation','XLite\\View\\FormField\\Input\\Checkbox\\OnOff',10000,'1','N;'),(127,'interval','BannerRotation','XLite\\View\\FormField\\Input\\Text\\FloatInput',30000,'5','N;'),(128,'attach_pdf_invoices','NotificationAttachments','XLite\\View\\FormField\\Input\\Checkbox\\OnOff',10000,'0','N;'),(129,'contact_us_comment','Company','XLite\\View\\FormField\\ContactUsComment',49500,'','N;'),(130,'deliverability_check','Company','XLite\\View\\FormField\\DeliverabilityCheck',49400,'','N;'),(131,'test_mode','CDev\\AustraliaPost','XLite\\View\\FormField\\Input\\Checkbox\\OnOffWithoutOffLabel',10,'1','N;'),(132,'api_key','CDev\\AustraliaPost','XLite\\View\\FormField\\Input\\Text',20,'','N;'),(133,'packageSettingsSeparator','CDev\\AustraliaPost','separator',100,'','N;'),(134,'package_type','CDev\\AustraliaPost','',0,'Parcel','N;'),(135,'package_box_type','CDev\\AustraliaPost','XLite\\Module\\CDev\\AustraliaPost\\View\\FormField\\PackageBoxType',110,'AUS_PARCEL_TYPE_BOXED_OTH','N;'),(136,'dimensions','CDev\\AustraliaPost','serialized',120,'a:3:{i:0;i:10;i:1;i:10;i:2;i:10;}','N;'),(137,'additionalSettingsSeparator','CDev\\AustraliaPost','separator',200,'','N;'),(138,'service_option','CDev\\AustraliaPost','XLite\\Module\\CDev\\AustraliaPost\\View\\FormField\\ServiceOption',210,'AUS_SERVICE_OPTION_STANDARD','N;'),(139,'extra_cover','CDev\\AustraliaPost','XLite\\View\\FormField\\Input\\Checkbox\\OnOffWithoutOffLabel',220,'','N;'),(140,'extra_cover_value','CDev\\AustraliaPost','XLite\\View\\FormField\\Input\\Text\\Price',230,'0','N;'),(141,'currency_rate','CDev\\AustraliaPost','XLite\\View\\FormField\\Input\\Text\\FloatInput',240,'1','N;'),(142,'enable_new_methods','CDev\\AustraliaPost','XLite\\View\\FormField\\Input\\Checkbox\\OnOffWithoutOffLabel',250,'1','N;'),(143,'debug_enabled','CDev\\AustraliaPost','XLite\\View\\FormField\\Input\\Checkbox\\OnOffWithoutOffLabel',260,'1','N;'),(144,'max_weight','CDev\\AustraliaPost','',0,'20','N;'),(145,'number_of_bestsellers','CDev\\Bestsellers','XLite\\View\\FormField\\Input\\Text\\Integer',115,'4','a:1:{s:3:\"min\";i:1;}'),(146,'enable_form','CDev\\ContactUs','XLite\\View\\FormField\\Input\\Checkbox\\YesNo',100,'1','N;'),(147,'email','CDev\\ContactUs','XLite\\View\\FormField\\Input\\Text\\Email',200,'','N;'),(148,'showEmail','CDev\\ContactUs','XLite\\View\\FormField\\Input\\Checkbox\\YesNo',300,'1','N;'),(149,'contact_us_sep_1','CDev\\ContactUs','separator',1000,'','N;'),(150,'recaptcha_public_key','CDev\\ContactUs','text',1100,'','N;'),(151,'recaptcha_private_key','CDev\\ContactUs','text',1200,'','N;'),(152,'ttl','CDev\\Egoods','XLite\\View\\FormField\\Input\\Text\\Integer',100,'3','a:1:{s:3:\"min\";i:0;}'),(153,'attempts_limit','CDev\\Egoods','XLite\\View\\FormField\\Input\\Text\\Integer',200,'3','a:1:{s:3:\"min\";i:0;}'),(154,'enable_history','CDev\\Egoods','XLite\\View\\FormField\\Input\\Checkbox\\YesNo',300,'1','N;'),(155,'esd_fullfilment','CDev\\Egoods','XLite\\View\\FormField\\Input\\Checkbox\\YesNo',400,'','N;'),(156,'approve_before_download','CDev\\Egoods','XLite\\View\\FormField\\Input\\Checkbox\\YesNo',500,'','N;'),(157,'sendfile_info','CDev\\Egoods','XLite\\Module\\CDev\\Egoods\\View\\FormField\\Label\\Sendfile',600,'','N;'),(158,'amazon_separator','CDev\\Egoods','separator',1000,'0','N;'),(159,'enable_signed_urls','CDev\\Egoods','XLite\\View\\FormField\\Input\\Checkbox\\YesNo',1100,'0','N;'),(160,'amazon_access','CDev\\Egoods','XLite\\View\\FormField\\Input\\Text',1200,'','N;'),(161,'amazon_secret','CDev\\Egoods','XLite\\View\\FormField\\Input\\Text',1300,'','N;'),(162,'bucket','CDev\\Egoods','XLite\\View\\FormField\\Input\\Text',1400,'','N;'),(163,'bucket_region','CDev\\Egoods','hidden',1500,'','N;'),(164,'featured_products_look','CDev\\FeaturedProducts','XLite\\Module\\CDev\\FeaturedProducts\\View\\FormField\\FeaturedProductsLook',10,'grid','N;'),(165,'key','CDev\\FedEx','XLite\\View\\FormField\\Input\\Text',10,'','N;'),(166,'password','CDev\\FedEx','XLite\\View\\FormField\\Input\\PasswordWithValue',20,'','N;'),(167,'account_number','CDev\\FedEx','XLite\\View\\FormField\\Input\\Text',30,'','N;'),(168,'meter_number','CDev\\FedEx','XLite\\View\\FormField\\Input\\Text',40,'','N;'),(169,'test_mode','CDev\\FedEx','XLite\\View\\FormField\\Input\\Checkbox\\OnOffWithoutOffLabel',50,'','N;'),(170,'debug_enabled','CDev\\FedEx','XLite\\View\\FormField\\Input\\Checkbox\\OnOffWithoutOffLabel',60,'','N;'),(171,'additionalSettingsSeparator','CDev\\FedEx','separator',100,'','N;'),(172,'carrierTypesSeparator','CDev\\FedEx','separator',200,'','N;'),(173,'fdxe','CDev\\FedEx','XLite\\View\\FormField\\Input\\Checkbox\\OnOffWithoutOffLabel',210,'','N;'),(174,'fdxg','CDev\\FedEx','XLite\\View\\FormField\\Input\\Checkbox\\OnOffWithoutOffLabel',220,'','N;'),(175,'fxsp','CDev\\FedEx','XLite\\View\\FormField\\Input\\Checkbox\\OnOffWithoutOffLabel',230,'','N;'),(176,'fxsp_hub_id','CDev\\FedEx','XLite\\Module\\CDev\\FedEx\\View\\FormField\\Select\\HubId',235,'','N;'),(177,'fxsp_indicia','CDev\\FedEx','XLite\\Module\\CDev\\FedEx\\View\\FormField\\Select\\Indicia',240,'','N;'),(178,'rate_request_type','CDev\\FedEx','XLite\\Module\\CDev\\FedEx\\View\\FormField\\Select\\RateRequestType',300,'NONE','N;'),(179,'packaging','CDev\\FedEx','XLite\\Module\\CDev\\FedEx\\View\\FormField\\Select\\Packaging',310,'','N;'),(180,'dropoff_type','CDev\\FedEx','XLite\\Module\\CDev\\FedEx\\View\\FormField\\Select\\DropOffType',320,'','N;'),(181,'ship_date','CDev\\FedEx','XLite\\Module\\CDev\\FedEx\\View\\FormField\\Select\\ShipDate',330,'0','N;'),(182,'currency_code','CDev\\FedEx','XLite\\Module\\CDev\\FedEx\\View\\FormField\\Select\\CurrencyCode',340,'0','N;'),(183,'currency_rate','CDev\\FedEx','XLite\\View\\FormField\\Input\\Text\\FloatInput',350,'1','N;'),(184,'dimensions','CDev\\FedEx','serialized',360,'a:3:{i:0;i:10;i:1;i:10;i:2;i:10;}','N;'),(185,'max_weight','CDev\\FedEx','XLite\\View\\FormField\\Input\\Text\\FloatInput',370,'70','N;'),(186,'specialServicesSeparator','CDev\\FedEx','separator',400,'','N;'),(187,'dg_accessibility','CDev\\FedEx','XLite\\Module\\CDev\\FedEx\\View\\FormField\\Select\\DangerousGoodsAccessibility',410,'','N;'),(188,'signature','CDev\\FedEx','XLite\\Module\\CDev\\FedEx\\View\\FormField\\Select\\Signature',420,'','N;'),(189,'shippingRefundsSeparator','CDev\\FedEx','separator',450,'','N;'),(190,'lbs71Info','CDev\\FedEx','XLite\\View\\FormField\\Label',460,'As a FedEx user, you are entitled to receive shipping refunds usually left unclaimed with default FedEx service ($2B/year globally)','a:1:{s:9:\"fieldOnly\";b:1;}'),(191,'cacheOnDeliverySeparator','CDev\\FedEx','separator',500,'','N;'),(192,'cod_type','CDev\\FedEx','XLite\\Module\\CDev\\FedEx\\View\\FormField\\Select\\CODType',510,'ANY','N;'),(193,'advancedOptionsSeparator','CDev\\FedEx','separator',600,'','N;'),(194,'opt_saturday_pickup','CDev\\FedEx','XLite\\View\\FormField\\Input\\Checkbox\\OnOffWithoutOffLabel',610,'','N;'),(195,'opt_residential_delivery','CDev\\FedEx','XLite\\View\\FormField\\Input\\Checkbox\\OnOffWithoutOffLabel',620,'','N;'),(196,'send_insured_value','CDev\\FedEx','XLite\\View\\FormField\\Input\\Checkbox\\OnOffWithoutOffLabel',630,'1','N;'),(197,'gosocial_sep_1','CDev\\GoSocial','separator',5000,'','N;'),(198,'fb_app_id','CDev\\GoSocial','text',5100,'','N;'),(199,'fb_app_namespace','CDev\\GoSocial','text',5200,'','N;'),(200,'fb_admins','CDev\\GoSocial','text',5300,'','N;'),(201,'gosocial_sep_6','CDev\\GoSocial','separator',1000,'','N;'),(202,'fb_share_use','CDev\\GoSocial','checkbox',1050,'1','N;'),(203,'gosocial_sep_2','CDev\\GoSocial','separator',1300,'','N;'),(204,'like_settings_warning','CDev\\GoSocial','XLite\\Module\\CDev\\GoSocial\\View\\FormField\\Label\\LikeSettingsWarning',1325,'1','N;'),(205,'fb_like_use','CDev\\GoSocial','checkbox',1350,'','N;'),(206,'fb_like_layout','CDev\\GoSocial','XLite\\Module\\CDev\\GoSocial\\View\\FormField\\Select\\FBLayoutStyle',1400,'button_count','N;'),(207,'fb_like_show_faces','CDev\\GoSocial','checkbox',1420,'1','N;'),(208,'fb_like_verb','CDev\\GoSocial','XLite\\Module\\CDev\\GoSocial\\View\\FormField\\Select\\FBVerbDisplay',1440,'like','N;'),(209,'fb_like_colorscheme','CDev\\GoSocial','XLite\\Module\\CDev\\GoSocial\\View\\FormField\\Select\\FBLikeColorScheme',1460,'light','N;'),(210,'gosocial_sep_21','CDev\\GoSocial','separator',1500,'','N;'),(211,'fb_comments_use','CDev\\GoSocial','checkbox',1600,'1','N;'),(212,'fb_comments_num_posts','CDev\\GoSocial','XLite\\View\\FormField\\Input\\Text\\Integer',1700,'8','a:1:{s:3:\"min\";i:1;}'),(213,'fb_comments_colorscheme','CDev\\GoSocial','XLite\\Module\\CDev\\GoSocial\\View\\FormField\\Select\\FBCommentsColorScheme',1750,'light','N;'),(214,'gosocial_sep_3','CDev\\GoSocial','separator',2000,'','N;'),(215,'tweet_use','CDev\\GoSocial','checkbox',2050,'1','N;'),(216,'tweet_show_count','CDev\\GoSocial','checkbox',2100,'1','N;'),(217,'tweet_via','CDev\\GoSocial','text',2200,'','N;'),(218,'tweet_recommend','CDev\\GoSocial','text',2300,'','N;'),(219,'tweet_hashtag','CDev\\GoSocial','text',2300,'','N;'),(220,'gosocial_sep_4','CDev\\GoSocial','separator',3000,'','N;'),(221,'gplus_use','CDev\\GoSocial','checkbox',3050,'','N;'),(222,'gplus_page_id','CDev\\GoSocial','text',3100,'','N;'),(223,'gosocial_sep_5','CDev\\GoSocial','separator',4000,'','N;'),(224,'pinterest_use','CDev\\GoSocial','checkbox',4050,'1','N;'),(225,'ga_account','CDev\\GoogleAnalytics','text',100,'','N;'),(226,'ga_tracking_type','CDev\\GoogleAnalytics','XLite\\Module\\CDev\\GoogleAnalytics\\View\\FormField\\Select\\TrackingType',200,'1','N;'),(227,'ga_code_version','CDev\\GoogleAnalytics','XLite\\Module\\CDev\\GoogleAnalytics\\View\\FormField\\Select\\CodeVersion',300,'U','N;'),(228,'ecommerce_enabled','CDev\\GoogleAnalytics','XLite\\View\\FormField\\Input\\Checkbox\\OnOff',400,'1','N;'),(229,'purchase_only_on_paid','CDev\\GoogleAnalytics','XLite\\View\\FormField\\Input\\Checkbox\\OnOff',450,'1','N;'),(230,'debug_mode','CDev\\GoogleAnalytics','XLite\\View\\FormField\\Input\\Checkbox\\OnOff',500,'','N;'),(231,'esd_fullfilment','CDev\\PINCodes','XLite\\View\\FormField\\Input\\Checkbox\\YesNo',400,'','N;'),(232,'approve_before_download','CDev\\PINCodes','XLite\\View\\FormField\\Input\\Checkbox\\YesNo',500,'','N;'),(233,'show_admin_welcome','CDev\\Paypal','checkbox',100,'N','N;'),(234,'paypalLoginOptions','CDev\\Paypal','\\XLite\\Module\\CDev\\Paypal\\View\\FormField\\Instructions',200,'','N;'),(235,'loginRedirectURLProtocol','CDev\\Paypal','XLite\\Module\\CDev\\Paypal\\View\\FormField\\Select\\Protocol',300,'http','N;'),(236,'loginClientId','CDev\\Paypal','text',400,'','N;'),(237,'loginClientSecret','CDev\\Paypal','text',500,'','N;'),(238,'loginMode','CDev\\Paypal','XLite\\View\\FormField\\Select\\TestLiveMode',600,'test','N;'),(239,'loginScopes','CDev\\Paypal','XLite\\Module\\CDev\\Paypal\\View\\FormField\\Select\\Scopes',700,'a:6:{i:0;s:6:\"openid\";i:1;s:5:\"email\";i:2;s:7:\"profile\";i:3;s:7:\"address\";i:4;s:5:\"phone\";i:5;s:47:\"https://uri.paypal.com/services/expresscheckout\";}','N;'),(240,'sep_product_advisor_na','CDev\\ProductAdvisor','separator',10,'','N;'),(241,'na_enabled','CDev\\ProductAdvisor','checkbox',20,'Y','N;'),(242,'na_max_days','CDev\\ProductAdvisor','XLite\\View\\FormField\\Input\\Text\\Integer',30,'30','a:1:{s:3:\"min\";i:0;}'),(243,'na_max_count_in_full_list','CDev\\ProductAdvisor','XLite\\View\\FormField\\Input\\Text\\Integer',40,'30','a:1:{s:3:\"min\";i:0;}'),(244,'na_mark_with_label','CDev\\ProductAdvisor','XLite\\Module\\CDev\\ProductAdvisor\\View\\FormField\\Select\\MarkProducts',50,'C','N;'),(245,'na_max_count_in_block','CDev\\ProductAdvisor','XLite\\View\\FormField\\Input\\Text\\Integer',80,'4','a:1:{s:3:\"min\";i:0;}'),(246,'na_from_current_category','CDev\\ProductAdvisor','checkbox',90,'N','N;'),(247,'sep_product_advisor_cs','CDev\\ProductAdvisor','separator',1000,'','N;'),(248,'cs_enabled','CDev\\ProductAdvisor','checkbox',1010,'Y','N;'),(249,'cs_mark_with_label','CDev\\ProductAdvisor','XLite\\Module\\CDev\\ProductAdvisor\\View\\FormField\\Select\\MarkProducts',1020,'C','N;'),(250,'cs_display_date','CDev\\ProductAdvisor','checkbox',1030,'Y','N;'),(251,'cs_from_current_category','CDev\\ProductAdvisor','checkbox',1050,'N','N;'),(252,'cs_max_count_in_block','CDev\\ProductAdvisor','XLite\\View\\FormField\\Input\\Text\\Integer',1080,'4','a:1:{s:3:\"min\";i:0;}'),(253,'sep_product_advisor_rv','CDev\\ProductAdvisor','separator',2000,'','N;'),(254,'rv_enabled','CDev\\ProductAdvisor','checkbox',2010,'Y','N;'),(255,'rv_max_count_in_block','CDev\\ProductAdvisor','XLite\\View\\FormField\\Input\\Text\\Integer',2020,'10','a:1:{s:3:\"min\";i:0;}'),(256,'sep_product_advisor_cbb','CDev\\ProductAdvisor','separator',3000,'','N;'),(257,'cbb_enabled','CDev\\ProductAdvisor','checkbox',3010,'Y','N;'),(258,'cbb_max_count_in_block','CDev\\ProductAdvisor','XLite\\View\\FormField\\Input\\Text\\Integer',3020,'5','a:1:{s:3:\"min\";i:0;}'),(259,'sep_product_advisor_cvb','CDev\\ProductAdvisor','separator',4000,'','N;'),(260,'cvb_enabled','CDev\\ProductAdvisor','checkbox',4010,'Y','N;'),(261,'cvb_max_count_in_block','CDev\\ProductAdvisor','XLite\\View\\FormField\\Input\\Text\\Integer',4020,'5','a:1:{s:3:\"min\";i:0;}'),(262,'sale_enabled','CDev\\Sale','checkbox',20,'Y','N;'),(263,'sale_in_current_category','CDev\\Sale','checkbox',30,'Y','N;'),(264,'sale_max_count_in_block','CDev\\Sale','text',80,'4','N;'),(265,'ignore_memberships','CDev\\SalesTax','checkbox',150,'Y','N;'),(266,'addressType','CDev\\SalesTax','\\XLite\\Module\\CDev\\SalesTax\\View\\FormField\\AddressType',160,'billing','N;'),(267,'taxableBase','CDev\\SalesTax','\\XLite\\Module\\CDev\\SalesTax\\View\\FormField\\TaxableBase',170,'DST+SH','N;'),(268,'logo','CDev\\SimpleCMS','XLite\\Module\\CDev\\SimpleCMS\\View\\FormField\\Input\\Logo',100,'','N;'),(269,'favicon','CDev\\SimpleCMS','XLite\\Module\\CDev\\SimpleCMS\\View\\FormField\\Input\\Favicon',200,'','N;'),(270,'appleIcon','CDev\\SimpleCMS','XLite\\Module\\CDev\\SimpleCMS\\View\\FormField\\Input\\AppleIcon',250,'','N;'),(271,'page_changefreq','CDev\\XMLSitemap','XLite\\Module\\CDev\\SimpleCMS\\View\\FormField\\Select\\ChangeFrequency',400,'daily','N;'),(272,'page_priority','CDev\\XMLSitemap','XLite\\View\\FormField\\Input\\Text\\FloatInput',800,'0.5','a:3:{s:3:\"min\";i:0;s:3:\"max\";i:1;s:1:\"e\";i:1;}'),(273,'show_default_menu','CDev\\SimpleCMS','checkbox',300,'Y','N;'),(274,'dataProvider','CDev\\USPS','XLite\\Module\\CDev\\USPS\\View\\FormField\\Select\\DataProvider',2,'pitneyBowes','N;'),(275,'pbEmailId','CDev\\USPS','XLite\\View\\FormField\\Input\\Text',10,'','N;'),(276,'pbShipperId','CDev\\USPS','',10,'','N;'),(277,'userid','CDev\\USPS','XLite\\View\\FormField\\Input\\Text',10,'','N;'),(278,'server_url','CDev\\USPS','XLite\\View\\FormField\\Input\\Text\\URL',20,'http://stg-production.shippingapis.com/ShippingApi.dll','N;'),(279,'additionalSettingsSeparator','CDev\\USPS','separator',100,'','N;'),(280,'commonOptionsSeparator','CDev\\USPS','separator',200,'','N;'),(281,'package_size','CDev\\USPS','XLite\\Module\\CDev\\USPS\\View\\FormField\\Select\\PackageSize',205,'REGULAR','N;'),(282,'dimensions','CDev\\USPS','serialized',210,'a:3:{i:0;i:10;i:1;i:7;i:2;i:9;}','N;'),(283,'girth','CDev\\USPS','XLite\\View\\FormField\\Input\\Text\\FloatInput',220,'0','N;'),(284,'max_weight','CDev\\USPS','XLite\\View\\FormField\\Input\\Text\\FloatInput',230,'70','N;'),(285,'machinable','CDev\\USPS','XLite\\View\\FormField\\Input\\Checkbox\\OnOffWithoutOffLabel',235,'1','N;'),(286,'currency_rate','CDev\\USPS','XLite\\View\\FormField\\Input\\Text\\FloatInput',240,'1','N;'),(287,'domesticUSPSSeparator','CDev\\USPS','separator',300,'','N;'),(288,'container','CDev\\USPS','XLite\\Module\\CDev\\USPS\\View\\FormField\\Select\\Container',310,'VARIABLE','N;'),(289,'first_class_mail_type','CDev\\USPS','XLite\\Module\\CDev\\USPS\\View\\FormField\\Select\\FirstClassMailType',330,'PARCEL','N;'),(290,'use_rate_type','CDev\\USPS','XLite\\Module\\CDev\\USPS\\View\\FormField\\Select\\UseRateType',350,'Rate','N;'),(291,'pb_domestic_parcel_type','CDev\\USPS','XLite\\Module\\CDev\\USPS\\View\\FormField\\Select\\PBDomesticParcelType',360,'PKG','N;'),(292,'domestic_all_services_type','CDev\\USPS','XLite\\Module\\CDev\\USPS\\View\\FormField\\Select\\AllServicesType',370,'online','N;'),(293,'internationalUSPSSeparator','CDev\\USPS','separator',400,'','N;'),(294,'mail_type','CDev\\USPS','XLite\\Module\\CDev\\USPS\\View\\FormField\\Select\\MailType',410,'Package','N;'),(295,'container_intl','CDev\\USPS','XLite\\Module\\CDev\\USPS\\View\\FormField\\Select\\ContainerIntl',420,'RECTANGULAR','N;'),(296,'commercial','CDev\\USPS','XLite\\View\\FormField\\Input\\Checkbox\\OnOffWithoutOffLabel',430,'','N;'),(297,'gxg','CDev\\USPS','XLite\\View\\FormField\\Input\\Checkbox\\OnOffWithoutOffLabel',440,'','N;'),(298,'gxg_pobox','CDev\\USPS','XLite\\View\\FormField\\Input\\Checkbox\\OnOffWithoutOffLabel',450,'','N;'),(299,'gxg_gift','CDev\\USPS','XLite\\View\\FormField\\Input\\Checkbox\\OnOffWithoutOffLabel',460,'','N;'),(300,'pb_international_parcel_type','CDev\\USPS','XLite\\Module\\CDev\\USPS\\View\\FormField\\Select\\PBInternationalParcelType',470,'PKG','N;'),(301,'cacheOnDeliverySeparator','CDev\\USPS','separator',500,'','N;'),(302,'use_cod_price','CDev\\USPS','XLite\\View\\FormField\\Input\\Checkbox\\OnOffWithoutOffLabel',510,'1','N;'),(303,'cod_price','CDev\\USPS','XLite\\View\\FormField\\Input\\Text\\Price',520,'6.95','N;'),(304,'additionalOptionsSeparator','CDev\\USPS','separator',600,'','N;'),(305,'debug_enabled','CDev\\USPS','XLite\\View\\FormField\\Input\\Checkbox\\OnOffWithoutOffLabel',610,'','N;'),(306,'pbSandbox','CDev\\USPS','XLite\\View\\FormField\\Input\\Checkbox\\OnOffWithoutOffLabel',605,'','N;'),(307,'autoenable_new_methods','CDev\\USPS','XLite\\View\\FormField\\Input\\Checkbox\\OnOffWithoutOffLabel',620,'1','N;'),(308,'welcome_changefreq','CDev\\XMLSitemap','XLite\\Module\\CDev\\XMLSitemap\\View\\FormField\\Select\\ChangeFrequency',100,'daily','N;'),(309,'category_changefreq','CDev\\XMLSitemap','XLite\\Module\\CDev\\XMLSitemap\\View\\FormField\\Select\\ChangeFrequency',200,'daily','N;'),(310,'product_changefreq','CDev\\XMLSitemap','XLite\\Module\\CDev\\XMLSitemap\\View\\FormField\\Select\\ChangeFrequency',300,'daily','N;'),(311,'welcome_priority','CDev\\XMLSitemap','XLite\\View\\FormField\\Input\\Text\\FloatInput',500,'0.5','a:3:{s:3:\"min\";i:0;s:3:\"max\";i:1;s:1:\"e\";i:1;}'),(312,'category_priority','CDev\\XMLSitemap','XLite\\View\\FormField\\Input\\Text\\FloatInput',600,'0.5','a:3:{s:3:\"min\";i:0;s:3:\"max\";i:1;s:1:\"e\";i:1;}'),(313,'product_priority','CDev\\XMLSitemap','XLite\\View\\FormField\\Input\\Text\\FloatInput',700,'0.5','a:3:{s:3:\"min\";i:0;s:3:\"max\";i:1;s:1:\"e\";i:1;}'),(314,'xpc_shopping_cart_id','CDev\\XPaymentsConnector','XLite\\Module\\CDev\\XPaymentsConnector\\View\\FormField\\Input\\Text\\StoreID',1010,'','N;'),(315,'xpc_xpayments_url','CDev\\XPaymentsConnector','XLite\\Module\\CDev\\XPaymentsConnector\\View\\FormField\\Input\\Text\\URLipv6',1020,'','N;'),(316,'xpc_public_key','CDev\\XPaymentsConnector','textarea',1030,'','N;'),(317,'xpc_private_key','CDev\\XPaymentsConnector','textarea',1040,'','N;'),(318,'xpc_private_key_password','CDev\\XPaymentsConnector','text',1050,'','N;'),(319,'xpc_currency','CDev\\XPaymentsConnector','XLite\\View\\FormField\\Select\\Currency',1070,'840','N;'),(320,'xpc_api_version','CDev\\XPaymentsConnector','hidden',1080,'1.3','N;'),(321,'xpc_use_iframe','CDev\\XPaymentsConnector','checkbox',1090,'1','N;'),(322,'xpc_allowed_modules_load_date','CDev\\XPaymentsConnector','hidden',2000,'0','N;'),(323,'xpc_allowed_modules','CDev\\XPaymentsConnector','hidden',2010,'','N;'),(324,'xpc_zero_auth_method_id','CDev\\XPaymentsConnector','XLite\\Module\\CDev\\XPaymentsConnector\\View\\FormField\\Select\\ZeroAuthPaymentMethods',1100,'0','N;'),(325,'xpc_zero_auth_amount','CDev\\XPaymentsConnector','XLite\\Module\\CDev\\XPaymentsConnector\\View\\FormField\\Input\\Text\\ZeroAuthAmount',1110,'0','N;'),(326,'xpc_zero_auth_description','CDev\\XPaymentsConnector','XLite\\Module\\CDev\\XPaymentsConnector\\View\\FormField\\Input\\Text\\ZeroAuthDescription',1130,'','N;'),(327,'fcm_show_product_num','QSL\\FlyoutCategoriesMenu','checkbox',10,'N','N;'),(328,'fcm_word_wrap','QSL\\FlyoutCategoriesMenu','checkbox',20,'Y','N;'),(329,'fcm_show_triangle','QSL\\FlyoutCategoriesMenu','checkbox',30,'Y','N;'),(330,'wizard_enabled','XC\\CanadaPost','',0,'1','N;'),(331,'wizard_hash','XC\\CanadaPost','',0,'','N;'),(332,'user','XC\\CanadaPost','XLite\\View\\FormField\\Input\\Text',10,'','N;'),(333,'password','XC\\CanadaPost','XLite\\View\\FormField\\Input\\PasswordWithValue',20,'','N;'),(334,'developer_mode','XC\\CanadaPost','XLite\\View\\FormField\\Input\\Checkbox\\OnOffWithoutOffLabel',30,'','N;'),(335,'debug_enabled','XC\\CanadaPost','XLite\\View\\FormField\\Input\\Checkbox\\OnOffWithoutOffLabel',40,'','N;'),(336,'additionalSettingsSeparator','XC\\CanadaPost','separator',100,'','N;'),(337,'quote_type','XC\\CanadaPost','XLite\\Module\\XC\\CanadaPost\\View\\FormField\\Select\\QuoteType',110,'C','N;'),(338,'customer_number','XC\\CanadaPost','XLite\\View\\FormField\\Input\\Text',120,'','N;'),(339,'currency_rate','XC\\CanadaPost','XLite\\View\\FormField\\Input\\Text\\FloatInput',130,'1','N;'),(340,'contractShippingSeparator','XC\\CanadaPost','separator',200,'','N;'),(341,'contract_id','XC\\CanadaPost','XLite\\View\\FormField\\Input\\Text',210,'','N;'),(342,'pick_up_type','XC\\CanadaPost','XLite\\Module\\XC\\CanadaPost\\View\\FormField\\Select\\PickUpType',220,'','N;'),(343,'deposit_site_num','XC\\CanadaPost','XLite\\Module\\XC\\CanadaPost\\View\\FormField\\Input\\Text\\DepositSiteNum',230,'','N;'),(344,'detailed_manifests','XC\\CanadaPost','XLite\\View\\FormField\\Input\\Checkbox\\OnOffWithoutOffLabel',240,'1','N;'),(345,'manifest_name','XC\\CanadaPost','XLite\\View\\FormField\\Input\\Text',250,'','N;'),(346,'deliverToPostOfficeSeparator','XC\\CanadaPost','separator',300,'','N;'),(347,'deliver_to_po_enabled','XC\\CanadaPost','XLite\\View\\FormField\\Input\\Checkbox\\OnOffWithoutOffLabel',310,'','N;'),(348,'max_post_offices','XC\\CanadaPost','XLite\\View\\FormField\\Input\\Text\\Integer',320,'5','N;'),(349,'parcelCharacteristicsSeparator','XC\\CanadaPost','separator',400,'','N;'),(350,'length','XC\\CanadaPost','XLite\\View\\FormField\\Input\\Text\\FloatInput',410,'10','N;'),(351,'width','XC\\CanadaPost','XLite\\View\\FormField\\Input\\Text\\FloatInput',420,'9','N;'),(352,'height','XC\\CanadaPost','XLite\\View\\FormField\\Input\\Text\\FloatInput',430,'7','N;'),(353,'max_weight','XC\\CanadaPost','XLite\\View\\FormField\\Input\\Text\\FloatInput',440,'30','N;'),(354,'document','XC\\CanadaPost','XLite\\View\\FormField\\Input\\Checkbox\\OnOffWithoutOffLabel',450,'','N;'),(355,'unpackaged','XC\\CanadaPost','XLite\\View\\FormField\\Input\\Checkbox\\OnOffWithoutOffLabel',460,'','N;'),(356,'mailing_tube','XC\\CanadaPost','XLite\\View\\FormField\\Input\\Checkbox\\OnOffWithoutOffLabel',470,'','N;'),(357,'oversized','XC\\CanadaPost','XLite\\View\\FormField\\Input\\Checkbox\\OnOffWithoutOffLabel',480,'','N;'),(358,'parcelSeparator','XC\\CanadaPost','separator',500,'','N;'),(359,'way_to_deliver','XC\\CanadaPost','XLite\\Module\\XC\\CanadaPost\\View\\FormField\\Select\\DeliveryWayType',510,'','N;'),(360,'signature','XC\\CanadaPost','XLite\\View\\FormField\\Input\\Checkbox\\OnOffWithoutOffLabel',520,'','N;'),(361,'age_proof','XC\\CanadaPost','XLite\\Module\\XC\\CanadaPost\\View\\FormField\\Select\\AgeProofType',530,'','N;'),(362,'coverage','XC\\CanadaPost','XLite\\View\\FormField\\Input\\Text\\FloatInput',540,'0','N;'),(363,'non_delivery','XC\\CanadaPost','XLite\\Module\\XC\\CanadaPost\\View\\FormField\\Select\\NonDeliveryType',550,'','N;'),(364,'write_key','XC\\Concierge','hidden',100,'','N;'),(365,'company_id','XC\\Concierge','hidden',200,'','N;'),(366,'user_id','XC\\Concierge','hidden',300,'','N;'),(367,'additional_config_loaded','XC\\Concierge','hidden',400,'','N;'),(368,'quantity','XC\\CustomerAttachments','\\XLite\\View\\FormField\\Input\\Text\\Integer',0,'10','a:1:{s:3:\"min\";i:0;}'),(369,'extensions','XC\\CustomerAttachments','text',0,'','a:1:{s:7:\"comment\";s:68:\"Enter file extensions separated by comma; for example, \"jpg,txt,svg\"\";}'),(370,'file_size','XC\\CustomerAttachments','\\XLite\\Module\\XC\\CustomerAttachments\\View\\FormField\\Input\\Text\\FileSizeInteger',0,'0','a:1:{s:3:\"min\";i:0;}'),(371,'pixel_id','XC\\FacebookMarketing','hidden',0,'','N;'),(372,'include_out_of_stock','XC\\FacebookMarketing','hidden',0,'Y','N;'),(373,'renewal_frequency','XC\\FacebookMarketing','hidden',0,'86400','N;'),(374,'checkout_type','General','XLite\\Module\\XC\\FastLaneCheckout\\View\\FormField\\Select\\CheckoutType',200,'fast-lane','N;'),(375,'freight_shipping_calc_mode','XC\\FreeShipping','XLite\\Module\\XC\\FreeShipping\\View\\FormField\\FreightMode',10,'F','N;'),(376,'use_custom_colors','XC\\FroalaEditor','XLite\\View\\FormField\\Input\\Checkbox\\OnOffWithoutOffLabel',10,'','N;'),(377,'custom_colors','XC\\FroalaEditor','XLite\\Module\\XC\\FroalaEditor\\View\\FormField\\ColorPalettePicker',20,'','N;'),(378,'use_as_email_editor','XC\\FroalaEditor','XLite\\View\\FormField\\Input\\Checkbox\\OnOffWithoutOffLabel',30,'1','N;'),(379,'default_provider','XC\\Geolocation','XLite\\Module\\XC\\Geolocation\\View\\FormField\\Select\\DefaultProvider',10,'0','N;'),(380,'display_location_popup','XC\\Geolocation','XLite\\View\\FormField\\Input\\Checkbox\\OnOffWithoutOffLabel',20,'1','N;'),(381,'extended_database','XC\\Geolocation','XLite\\View\\FormField\\FileUploader\\ChunkUpload',30,'','a:2:{s:13:\"successAction\";s:11:\"geolocation\";s:10:\"extensions\";s:5:\".mmdb\";}'),(382,'current_database','XC\\Geolocation','XLite\\Module\\XC\\Geolocation\\View\\FormField\\Label\\CurrentDatabase',40,'','N;'),(383,'renewal_frequency','XC\\GoogleFeed','XLite\\Module\\XC\\GoogleFeed\\View\\FormField\\Select\\RenewalFrequency',0,'86400','N;'),(384,'duplicate_policy','XC\\GoogleFeed','XLite\\Module\\XC\\GoogleFeed\\View\\FormField\\Select\\DuplicatePolicy',0,'export_as_separate','N;'),(385,'mailChimpSeparator','XC\\MailChimp','separator',100,'','N;'),(386,'mailChimpAPIKey','XC\\MailChimp','text',200,'','N;'),(387,'analytics360enabled','XC\\MailChimp','\\XLite\\View\\FormField\\Input\\Checkbox\\OnOff',300,'1','N;'),(388,'abandonedCartEnabled','XC\\MailChimp','\\XLite\\View\\FormField\\Input\\Checkbox\\OnOff',350,'','N;'),(389,'defaultAutomationListId','XC\\MailChimp','\\XLite\\Module\\XC\\MailChimp\\View\\FormField\\Select\\Lists',375,'','N;'),(390,'doubleOptinDisabled','XC\\MailChimp','\\XLite\\View\\FormField\\Input\\Checkbox\\OnOff',400,'','N;'),(391,'subscriptionElementType','XC\\MailChimp','XLite\\Module\\XC\\MailChimp\\View\\FormField\\Select\\ElementType',500,'checkbox','N;'),(392,'updateInterval','XC\\MailChimp','XLite\\Module\\XC\\MailChimp\\View\\FormField\\Select\\UpdateInterval',600,'never','N;'),(393,'send_coupons','XC\\MailChimp','XLite\\Module\\XC\\MailChimp\\View\\FormField\\Select\\SendCoupons',700,'all','N;'),(394,'mcjs','XC\\MailChimp','textarea',800,'','N;'),(395,'top_news_length','XC\\News','XLite\\View\\FormField\\Input\\Text\\Integer',100,'5','a:1:{s:3:\"min\";i:1;}'),(396,'items_per_page','XC\\News','XLite\\View\\FormField\\Input\\Text\\Integer',200,'50','a:1:{s:3:\"min\";i:1;}'),(397,'news_changefreq','CDev\\XMLSitemap','XLite\\Module\\CDev\\XMLSitemap\\View\\FormField\\Select\\ChangeFrequency',400,'daily','N;'),(398,'news_priority','CDev\\XMLSitemap','XLite\\View\\FormField\\Input\\Text\\FloatInput',800,'0.5','a:3:{s:3:\"min\";i:0;s:3:\"max\";i:1;s:1:\"e\";i:1;}'),(399,'create_nfo_mode','XC\\NotFinishedOrders','XLite\\Module\\XC\\NotFinishedOrders\\View\\FormField\\Select\\CreateNFOMode',5,'onFailure','N;'),(400,'clear_cart_on_order_change','XC\\NotFinishedOrders','XLite\\View\\FormField\\Select\\YesNo',10,'Y','N;'),(401,'limit_nf_order_ttl','XC\\NotFinishedOrders','XLite\\View\\FormField\\Input\\Checkbox\\OnOffWithoutOffLabel',20,'1','N;'),(402,'nf_order_ttl','XC\\NotFinishedOrders','XLite\\View\\FormField\\Input\\Text\\Integer',30,'30','N;'),(403,'wizard_state','XC\\Onboarding','hidden',0,'minimized','N;'),(404,'enable_in_stock_only_filter','XC\\ProductFilter','checkbox',100,'1','N;'),(405,'enable_price_range_filter','XC\\ProductFilter','checkbox',200,'1','N;'),(406,'enable_attributes_filter','XC\\ProductFilter','checkbox',300,'1','N;'),(407,'attributes_filter_by_category','XC\\ProductFilter','checkbox',400,'1','N;'),(408,'attributes_filter_cache_mode','XC\\ProductFilter','XLite\\Module\\XC\\ProductFilter\\View\\FormField\\Select\\CacheResetMode',500,'1','N;'),(409,'attributes_sorting_type','XC\\ProductFilter','XLite\\Module\\XC\\ProductFilter\\View\\FormField\\Select\\AttributesSortingType',600,'A','N;'),(410,'url_part_type','XC\\ProductFilter','XLite\\Module\\XC\\ProductFilter\\View\\FormField\\Select\\UrlPartType',700,'G','N;'),(411,'show_tags_sidebar','XC\\ProductTags','checkbox',100,'','N;'),(412,'enable_tags_filter','XC\\ProductFilter','checkbox',350,'1','N;'),(413,'key','XC\\RESTAPI','text',100,'','N;'),(414,'key_read','XC\\RESTAPI','text',200,'','N;'),(415,'whoCanLeaveFeedback','XC\\Reviews','\\XLite\\Module\\XC\\Reviews\\View\\FormField\\Select\\WhoCanLeaveFeedback',10,'R','N;'),(416,'disablePendingReviews','XC\\Reviews','checkbox',20,'1','N;'),(417,'reviewsCountPerTab','XC\\Reviews','\\XLite\\View\\FormField\\Input\\Text\\Integer',30,'5','a:1:{s:3:\"min\";i:1;}'),(418,'enableCustomersFollowup','XC\\Reviews','\\XLite\\View\\FormField\\Input\\Checkbox\\OnOff',50,'','N;'),(419,'followupTimeout','XC\\Reviews','\\XLite\\View\\FormField\\Input\\Text\\Integer',60,'15','a:1:{s:3:\"min\";i:0;}'),(420,'use_custom_css','XC\\ThemeTweaker','checkbox',10,'','N;'),(421,'use_custom_js','XC\\ThemeTweaker','checkbox',20,'','N;'),(422,'userID','XC\\UPS','XLite\\View\\FormField\\Input\\Text',10,'','N;'),(423,'password','XC\\UPS','XLite\\View\\FormField\\Input\\PasswordWithValue',20,'','N;'),(424,'accessKey','XC\\UPS','XLite\\View\\FormField\\Input\\Text',30,'','N;'),(425,'shipper_number','XC\\UPS','XLite\\View\\FormField\\Input\\Text',40,'','N;'),(426,'test_mode','XC\\UPS','XLite\\View\\FormField\\Input\\Checkbox\\OnOffWithoutOffLabel',50,'1','N;'),(427,'additionalSettingsSeparator','XC\\UPS','separator',100,'','N;'),(428,'packageSettingsSeparator','XC\\UPS','separator',200,'','N;'),(429,'packaging_type','XC\\UPS','XLite\\Module\\XC\\UPS\\View\\FormField\\Select\\PackagingType',210,'00','N;'),(430,'dimensions','XC\\UPS','serialized',220,'a:3:{i:0;i:10;i:1;i:10;i:2;i:10;}','N;'),(431,'max_weight','XC\\UPS','XLite\\View\\FormField\\Input\\Text\\FloatInput',230,'150','N;'),(432,'serviceOptionsSeparator','XC\\UPS','separator',300,'','N;'),(433,'pickup_type','XC\\UPS','XLite\\Module\\XC\\UPS\\View\\FormField\\Select\\PickupType',310,'01','N;'),(434,'saturday_pickup','XC\\UPS','XLite\\View\\FormField\\Input\\Checkbox\\OnOffWithoutOffLabel',320,'','N;'),(435,'additional_handling','XC\\UPS','XLite\\View\\FormField\\Input\\Checkbox\\OnOffWithoutOffLabel',330,'','N;'),(436,'saturday_delivery','XC\\UPS','XLite\\View\\FormField\\Input\\Checkbox\\OnOffWithoutOffLabel',340,'','N;'),(437,'negotiated_rates','XC\\UPS','XLite\\View\\FormField\\Input\\Checkbox\\OnOffWithoutOffLabel',350,'','N;'),(438,'delivery_conf','XC\\UPS','XLite\\Module\\XC\\UPS\\View\\FormField\\Select\\DeliveryConfirmation',360,'0','N;'),(439,'extra_cover','XC\\UPS','XLite\\View\\FormField\\Input\\Checkbox\\OnOffWithoutOffLabel',370,'','N;'),(440,'extra_cover_value','XC\\UPS','XLite\\View\\FormField\\Input\\Text\\Price',380,'0','N;'),(441,'shippingRefundsSeparator','XC\\UPS','separator',390,'','N;'),(442,'lbs71Info','XC\\UPS','XLite\\View\\FormField\\Label',395,'As a UPS user, you are entitled to receive shipping refunds usually left unclaimed with default UPS service ($2B/year globally)','a:1:{s:9:\"fieldOnly\";b:1;}'),(443,'cacheOnDeliverySeparator','XC\\UPS','separator',400,'','N;'),(444,'currencyConversionSeparator','XC\\UPS','separator',500,'','N;'),(445,'currency_code','XC\\UPS','XLite\\View\\FormField\\Input\\Text',510,'','N;'),(446,'currency_rate','XC\\UPS','XLite\\View\\FormField\\Input\\Text\\FloatInput',520,'1','N;'),(447,'additionalOptionsSeparator','XC\\UPS','separator',600,'','N;'),(448,'debug_enabled','XC\\UPS','XLite\\View\\FormField\\Input\\Checkbox\\OnOffWithoutOffLabel',610,'1','N;'),(449,'allow_vendor_communication','XC\\VendorMessages','XLite\\View\\FormField\\Input\\Checkbox\\OnOffWithoutOffLabel',200,'0','N;'),(450,'time_zone','General','',0,'Europe/Moscow','N;'),(451,'isCloudFiltersEnabled','QSL\\CloudSearch','',0,'','N;');
/*!40000 ALTER TABLE `xlite_config` ENABLE KEYS */;
UNLOCK TABLES;

--
-- Table structure for table `xlite_config_translations`
--

DROP TABLE IF EXISTS `xlite_config_translations`;
/*!40101 SET @saved_cs_client     = @@character_set_client */;
/*!40101 SET character_set_client = utf8 */;
CREATE TABLE `xlite_config_translations` (
  `label_id` int(11) NOT NULL AUTO_INCREMENT,
  `id` int(11) DEFAULT NULL,
  `option_name` varchar(255) COLLATE utf8_unicode_ci NOT NULL,
  `option_comment` longtext COLLATE utf8_unicode_ci NOT NULL,
  `code` char(2) COLLATE utf8_unicode_ci NOT NULL,
  PRIMARY KEY (`label_id`),
  KEY `ci` (`code`,`id`),
  KEY `id` (`id`),
  CONSTRAINT `FK_56A33BC3BF396750` FOREIGN KEY (`id`) REFERENCES `xlite_config` (`config_id`) ON DELETE CASCADE
) ENGINE=InnoDB AUTO_INCREMENT=543 DEFAULT CHARSET=utf8 COLLATE=utf8_unicode_ci;
/*!40101 SET character_set_client = @saved_cs_client */;

--
-- Dumping data for table `xlite_config_translations`
--

LOCK TABLES `xlite_config_translations` WRITE;
/*!40000 ALTER TABLE `xlite_config_translations` DISABLE KEYS */;
INSERT INTO `xlite_config_translations` VALUES (1,1,'Use HTTPS in the Administrator Zone','','en'),(2,2,'Default customer address','','en'),(3,3,'Address line','','en'),(4,4,'Country','','en'),(5,5,'State','','en'),(6,6,'State','','en'),(7,7,'City','','en'),(8,8,'Zip/postal code','','en'),(9,9,'Address type','','en'),(10,10,'Aggregate CSS files (enable for better performance)','','en'),(11,11,'Aggregate JS files (enable for better performance)','','en'),(12,12,'Use widget cache (enable for better performance)','','en'),(13,16,'Default layout','','en'),(14,17,'Home page layout','','en'),(15,18,'CLI mode key','','en'),(16,19,'Company address','','en'),(17,20,'Contacts','','en'),(18,21,'Fax','','en'),(19,22,'Identity','','en'),(20,23,'Company name','Changing the value of this or any other fields on this page will not affect the signature in your store\'s email notifications. The signature for notifications can be edited on the <a href=\"admin.php?target=notification_common\">Header, greeting & signature</a> page.','en'),(21,24,'Company website','','en'),(22,25,'Terms and conditions relative URL','','en'),(23,26,'Customer Zone settings','','en'),(24,27,'Use HTTPS in the Customer Zone (for login, Checkout and profile pages)','','en'),(25,28,'Date format','','en'),(26,29,'First day of week','','en'),(27,30,'CSV column delimiter','','en'),(28,31,'Import/export charset','','en'),(29,32,'Export product data with','','en'),(30,35,'Payment method to be assumed in case of zero order totals','','en'),(31,36,'Maximum order quantity (per product)','','en'),(32,37,'Default payment method','','en'),(33,38,'Display check number for eCheck payment method','','en'),(34,39,'How to show out of stock products','','en'),(35,40,'Default display mode for products list','','en'),(36,42,'Street address','','en'),(37,43,'Country','','en'),(38,44,'State','','en'),(39,45,'State','','en'),(40,46,'City','','en'),(41,47,'Zip/postal code','','en'),(42,48,'Use your company address as your ship-from address','See <a href=\"admin.php?target=settings&page=Company#company-address\">company address</a>','en'),(43,49,'Street address','','en'),(44,50,'Country','','en'),(45,51,'State','','en'),(46,52,'State','','en'),(47,53,'City','','en'),(48,54,'Zip/postal code','','en'),(49,55,'Phone','','en'),(50,56,'Number of days to store the last login data','','en'),(51,57,'Maximum allowed order subtotal','','en'),(52,58,'Minimum allowed order subtotal','','en'),(53,59,'Next order #','You can change the number that will be assigned on the next order. The new order number should be greater than the current one.','en'),(54,60,'Cart TTL (days)','Specify the number of days after which a stored shopping cart should be considered old and should be removed. Leave empty if old carts should never be removed (not recommended)','en'),(55,61,'Enable internal cron service','This setting allows you to enable/disable the use of your store\'s internal cron service. This service schedules the run of certain maintenance tasks for your store - like removing customers\' expired shopping carts - at the periodicity of once per 100 user sessions.','en'),(56,62,'Sales department e-mails','The first email in this field (the one marked dark blue) will be used as the \"Reply-To:\" address for low limit warning messages.<br/><br/>All addresses in this field will be used as the \"TO:\" address for notifications about orders (creation of new orders, changes of order status, etc).','en'),(57,63,'Products per category listing page','','en'),(58,64,'Maximum products per category listing page','','en'),(59,65,'Force customer to choose product options before the product can be added to cart','','en'),(60,66,'Redirect customer to the cart page after a product is added to cart','','en'),(61,67,'Close the shop temporarily (not available in Demo store)','','en'),(62,68,'Shop currency','','en'),(63,69,'Hide trailing zeros in fractional part','','en'),(64,70,'Site administrator e-mails','The first email in this field (the one marked dark blue) will be used as the \"Reply-To:\" address for most notifications about user profiles.<br/><br/>All addresses in this field will be used as the \"TO:\" address for information on access to your store in safe mode (Hard and Soft reset links), notifications about failed administrator login attempts, low limit warnings, etc.','en'),(65,71,'Password','','en'),(66,72,'Secure connection','','en'),(67,73,'SMTP port','By default, SMTP uses TCP port 25. However, if you are going to use secure SSL/TLS encrypted SMTP, you need to specify the correct TCP port number for your system here. Typically, port number for secure SMTP is 465.','en'),(68,74,'SMTP server','','en'),(69,75,'Username','','en'),(70,76,'Year when store started its operation','','en'),(71,77,'Subcategory listings format','','en'),(72,78,'Default order to sort products within a category','','en'),(73,79,'Default order to sort products within a search result','','en'),(74,80,'HelpDesk/Support service e-mails','Addresses for messages sent by store visitors via the Contact us form.','en'),(75,81,'Time format','','en'),(76,82,'Time zone','','en'),(77,83,'Customer relations e-mails','The first email in this field (the one marked dark blue) will be used as the \"Reply-To:\" address for password reset messages.<br/><br/>All addresses in this field will be used as the \"TO:\" address for notifications about user profile related events (creation of a new user profile, deletion of a user profile, etc).','en'),(78,84,'Users per page','','en'),(79,85,'Email to use for the FROM field','Please do not confuse this with Reply-to. Reply-to addresses for your emails will be selected from the Contact information section automatically according to the type of email message.','en'),(80,87,'Use SMTP server','','en'),(81,88,'Use authentication','','en'),(82,90,'Weight symbol','','en'),(83,91,'Weight unit','','en'),(84,92,'Hide trailing zeros in fractional part','','en'),(85,93,'Weight format','','en'),(86,94,'Dimensional symbol','','en'),(87,95,'Dimensional unit','','en'),(88,96,'Curl options','','en'),(89,97,'Path to Certificate Authority (CA) bundle','','en'),(90,98,'Directory holding CA certificates','','en'),(91,99,'Ask anonymous users to create an account or sign in before checkout','','en'),(92,100,'Display \"Add to cart\" buttons for products in grid view','','en'),(93,103,'General options','','en'),(94,104,'Default site title','','en'),(95,105,'Default site meta description','','en'),(96,106,'Default site meta keywords','','en'),(97,107,'Home page title and meta','','en'),(98,108,'404 page','','en'),(99,109,'Regular text for 404 page','','en'),(100,110,'Show сustomer relations e-mails on 404 page','','en'),(101,111,'Page title format','','en'),(102,112,'Company name','','en'),(103,113,'Parent category path','','en'),(104,114,'Object name (category, product, etc)','','en'),(105,115,'Show object name in page title','','en'),(106,116,'About clean urls','','en'),(107,118,'Allow customers to sign up for membership','','en'),(108,119,'Upgrade options','','en'),(109,120,'Upgrade access level','','en'),(110,121,'Perform quick data calculation during store re-deployment','Calculated quick data enhances your store\'s performance by allowing quick product sorting. If you want quick data to be calculated along with store re-deployment, make sure this setting is enabled before running the \"Re-deploy the store\" tool. Keep the setting disabled if you want to do the re-deployment without the calculation of quick data.','en'),(111,122,'FROM/REPLY-TO settings','','en'),(112,122,'Настройки FROM/REPLY-TO','','ru'),(113,123,'Email to use for the REPLY-to field in customer emails','','en'),(114,124,'Email to use for the REPLY-to field in admin emails','','en'),(115,125,'SMTP','','en'),(116,126,'Enabled','','en'),(117,127,'Banner interval (in seconds)','Set to \"0\" to disable automatic rotation','en'),(118,128,'Send the PDF version of invoices in the attachments','','en'),(119,131,'Test mode','','en'),(120,132,'API key','A unique 32 character API key is used to authorise inbound requests to the APIs. To obtain an API key please visit <a href=\"http://auspost.com.au/devcentre\">http://auspost.com.au/devcentre</a> and follow the link to create your Australia Post ID. After registration has been successfully completed you will be emailed an API key.','en'),(121,133,'Package settings','','en'),(122,135,'Package box type','','en'),(123,136,'Package dimensions (mm)','','en'),(124,137,'Additional settings','','en'),(125,138,'Service option','','en'),(126,139,'Extra cover type','','en'),(127,140,'Extra cover value','The specified value (if not empty) will be used as an extra cover value. Otherwise an order total will be used.','en'),(128,141,'Currency rate','Specify rate X, where 1 AUD = X in shop currency.','en'),(129,142,'Enable new methods','When AustraliaPost return shipping methods which does not exists in the available methods list, these methods will be created in the list automatically. You can specify should these methods be created as enabled and accessible customers just after they created, or these methods must be hidden from customer until you manually validate them.','en'),(130,143,'Enable debugging','This option enables logging of all communication between the shopping cart and AustraliaPost server.','en'),(131,145,'Number of products in the bestsellers list','','en'),(132,146,'Enable form','','en'),(133,147,'E-mail address of the message recipient','If the field is blank, then administration email is used','en'),(134,148,'Show email as text','','en'),(135,149,'reCAPTCHA','','en'),(136,150,'Site key','To use reCAPTCHA you should get Site and Secret keys from <a href=\"https://www.google.com/recaptcha/admin/create\">https://www.google.com/recaptcha/admin/create</a>','en'),(137,151,'Secret key','','en'),(138,152,'Download link TTL (days)','Set zero for unlimited access. If you are using Amazon Signed URLs, TTL is limited to 7 days.','en'),(139,152,'Время действия ссылки на скачку (в днях)','При значении 0 - неограниченный доступ. Для ссылок Amazon S3, подписанных ключом, время ограничено 7 днями.','ru'),(140,153,'Downloads limit (per 1 ordered item)','Set zero for unlimited access. If you are using Amazon Signed URLs, this settings controls the limit of link renewal, because it is impossible to control downloads on the Signed URL.','en'),(141,153,'Лимит скачек (на 1 позицию заказа)','При значении 0 - безлимитный доступ. Для ссылок Amazon S3, подписанных ключом, эта настройка контролирует количество доступов к ссылке, так как невозможно ограничить количество скачек по такой ссылке.','ru'),(142,154,'Keep a history of downloads','Amazon S3 Signed URLs are counted per link access (not download), because X-Cart can not track downloads on the Amazon S3 Storage.','en'),(143,154,'Сохранять историю загрузок','Для ссылок Amazon S3, подписанных ключом, учитывается количество доступов, а не скачек, так как X-Cart не имеет доступа к истории скачек хранилища Amazon S3.','ru'),(144,155,'Show only ESD related fulfilment statuses','With this option enabled, only 3 statuses will be available: New, Delivered and Will Not Deliver. You can rename the statuses as you require using the \"Custom Order Statuses\" module','en'),(145,155,'Отображать только статусы для цифровой дистрибуции','При включении данной настройки будет доступны только 3 статуса доставки: Новый, Доставлен и Доставка отменена. Переименовать их можно при помощи модуля Custom Order Statuses','ru'),(146,156,'Approve before providing access to download','','en'),(147,156,'Одобрение перед предоставлением доступа на скачивание','','ru'),(148,158,'Amazon Signed URLs','','en'),(149,159,'Enable usage of Presigned URLs for Amazon S3 links','Use Amazon S3 to host your digital files on Amazon and control access to your e-goods by presigned URLs. Learn more at <a href=\"https://kb.x-cart.com/en/modules/egoods/\" target=\"_blank\">E-goods module</a> article at X-Cart Knowledge Base.','en'),(150,159,'Включить ссылки, подписанные ключом, для файлов на хранилище Amazon S3','С помощью хранилища Amazon S3 можно экономить серверное дисковое пространство и контролировать доступ к скачиваемым товарам. Подробнее о конфигурации можно узнать на странице <a href=\"https://kb.x-cart.ru/modules/egoods/\" target=\"_blank\">Цифровые товары</a> в базе знаний X-Cart.','ru'),(151,160,'Amazon Access Key','','en'),(152,161,'Amazon Secret Key','','en'),(153,162,'S3 Bucket name','','en'),(154,162,'S3 Bucket','','ru'),(155,164,'Featured products look and feel','','en'),(156,165,'FedEx authentication key','','en'),(157,166,'FedEx authentication password','','en'),(158,167,'FedEx account number','','en'),(159,168,'FedEx meter number','','en'),(160,169,'Test mode','','en'),(161,170,'Enable debugging','','en'),(162,171,'Additional settings','','en'),(163,172,'Carrier type(s)','','en'),(164,173,'FedEx Express (FDXE)','','en'),(165,174,'FedEx Ground (FDXG)','','en'),(166,175,'FedEx SmartPost (FXSP)','','en'),(167,176,'Hub ID','','en'),(168,177,'Indicia','','en'),(169,178,'Rate request type','','en'),(170,179,'Packaging','','en'),(171,180,'Dropoff type','','en'),(172,181,'Ship date (days)','','en'),(173,182,'Currency code','','en'),(174,183,'Currency rate','If the currency specified above differs from the currency the store uses for payments, specify a conversion rate to convert the shipping cost returned by FedEx into your store\'s currency. If the currencies are the same, leave this set to 1.','en'),(175,184,'Package dimensions (inches)','','en'),(176,185,'Maximum package weight','','en'),(177,186,'Special services','','en'),(178,187,'Dangerous Goods/Accessibility','','en'),(179,188,'Signature option','','en'),(180,189,'Shipping refunds settings','','en'),(181,191,'Cash on delivery','','en'),(182,192,'COD type','','en'),(183,193,'Advanced options','','en'),(184,194,'Shipment is scheduled for Saturday pickup (the option will be used if ship date is Saturday)','','en'),(185,195,'Shipment from residential address','','en'),(186,196,'Send package cost to calculate insurance','','en'),(187,165,'Ключ идентификации FedEx','','ru'),(188,166,'Пароль FedEx','','ru'),(189,167,'Номер счета FedEx','','ru'),(190,168,'FedEx meter number','','ru'),(191,169,'Режим тестирования','','ru'),(192,170,'Включить отладку','','ru'),(193,171,'Дополнительные настройки','','ru'),(194,172,'Тип(ы) перевозчика(ов)','','ru'),(195,173,'FedEx Express (FDXE)','','ru'),(196,174,'FedEx Ground (FDXG)','','ru'),(197,175,'FedEx SmartPost (FXSP)','','ru'),(198,179,'Упаковка','','ru'),(199,180,'Возврат тары','','ru'),(200,181,'Дата отгрузки (дни)','','ru'),(201,182,'Код валюты','','ru'),(202,183,'Коэффициент пересчета валюты','Если валюта выше отличается от валюты, используемой для оплаты в магазине, укажите коэффициент пересчёта для перевода стоимости доставки, предоставленной FedEx, в валюту магазина. Если валюты совпадают, оставьте значение 1.','ru'),(203,184,'Размеры упаковки (в дюймах)','','ru'),(204,185,'Максимальный вес упаковки','','ru'),(205,186,'Специальные услуги','','ru'),(206,187,'Опасные Товары/Доступность','','ru'),(207,188,'Показать все сохраненные кредитные карты','','ru'),(208,191,'Оплата при получении','','ru'),(209,192,'Тип наложного платежа','','ru'),(210,193,'Расширенные опции','','ru'),(211,194,'Погрузка назначена на Субботу (эта опция используется, если день отгрузки - Суббота)','','ru'),(212,195,'Доставка с адреса расположения','','ru'),(213,196,'Рассчитывать размер страховки по стоимости посылки','','ru'),(214,197,'Facebook application settings','','en'),(215,198,'Facebook Application ID','Facebook Platform application ID that administers your site pages. You can get this ID by visiting the page at <a href=\"https://developers.facebook.com/apps/\">https://developers.facebook.com/apps/</a><br /><br />You should specify this field:<ul><li>to make your site statistics appear in the Facebook Insights dashboard</li><li>to enable a moderator interface on Facebook where comments from all product pages can be easily moderated together</li></ul>','en'),(216,199,'Facebook Application Namespace','Specify the same app namespace that you entered when configured your Facebook Platform application.','en'),(217,200,'Facebook Admins','Comma-separated list of the Facebook User IDs of page administrators. Include at least your own Facebook User ID.','en'),(218,201,'Facebook Share Button settings','','en'),(219,202,'Display the Share button on product pages','The Share button lets a customer share your product pages with friends on Facebook.','en'),(220,203,'Facebook Like Button settings','','en'),(221,204,'We recommend using the Share button instead of Like.','','en'),(222,205,'Display the Like button on product pages','The Like button lets a customer share your product pages with friends on Facebook. The button will not be displayed if Facebook application id is not set.','en'),(223,206,'Layout style','There are three options:<ul><li>\"standard\" - displays social text to the right of the button and friends\' profile photos below</li><li>\"button\" - displays the total number of likes to the right of the button</li><li>\"box\" - displays the total number of likes above the button.</li></ul>','en'),(224,207,'Show profile pictures below the Like button','Profile pictures appear in the \"standard\" layout style only.','en'),(225,208,'The verb to display in the Like button','','en'),(226,209,'The color scheme for the like button','','en'),(227,210,'Facebook comments settings','','en'),(228,211,'Display the Facebook Comments tab on product pages','To moderate comments, specify your Facebook User ID in the \"Facebook Admins\" field below.<br />To enable the moderator interface on Facebook where comments from all product pages can be easily moderated together, specify your Facebook App ID in the \"Facebook Application ID\" field below.','en'),(229,212,'Number of posts to show on the tab by default','','en'),(230,213,'The color scheme for the comments','','en'),(231,214,'Tweet button settings','','en'),(232,215,'Display the Tweet button on product pages','The Tweet button allows customers to easily share your product pages with their Twitter followers.','en'),(233,216,'Show the count box along with the Tweet button','The count box shows how many times the product page has been Tweeted.','en'),(234,217,'Account name of the user to attribute the Tweet to (optional)','Also used as username of website in Twitter Card Tags','en'),(235,218,'Account name of the user to follow after sending a Tweet (optional)','Twitter will suggest that customers follow this user once they have sent a Tweet using the Tweet button.','en'),(236,219,'Hashtag to show within the Tweet button and in the text of the tweet status (optional)','','en'),(237,220,'Google+ button settings','','en'),(238,221,'Display the Google+ button on product pages','','en'),(239,222,'Google+ page id','','en'),(240,223,'Pinterest button settings','','en'),(241,224,'Display the Pinterest button on product pages','','en'),(242,217,'Имя учетной записи пользователя, автора Tweet (опционально)','Также используется как твиттер сайта в Twitter Card Tags','ru'),(243,225,'Web Property ID','','en'),(244,226,'What are you tracking','','en'),(245,227,'Google Analytics code version','','en'),(246,228,'Enable eCommerce Google Analytics','','en'),(247,229,'Register purchase only on Paid status change','','en'),(248,230,'Debug mode','','en'),(249,225,'Web Property ID','','ru'),(250,226,'Что отслеживается','','ru'),(251,227,'Версия кода Google Analytics','','ru'),(252,228,'Включить eCommerce Google Analytics','','ru'),(253,229,'Регистрировать покупку только после смены статуса на \"Оплачен\"','','ru'),(254,230,'Режим отладки','','ru'),(255,231,'Show only ESD related fulfilment statuses','This option leave only 3 method: New, Delivered and Will Not Deliver. You can rename it with \"Custom Order Statuses\" module','en'),(256,231,'Отображать только статусы для цифровой дистрибуции','Данная настройка оставит только 3 статуса доставки: Новый, Доставлен и Доставка отменена. Переименовать их можно при помощи модуля Custom Order Statuses','ru'),(257,232,'Approve before providing access','','en'),(258,232,'Одобрение перед предоставлением доступа','','ru'),(259,233,'Show \"Admin welcome\" block','','en'),(260,234,'PayPal Login','<p>To enable PayPal login, you need to create a PayPal application for your website. The recommended procedure is to go to the My Apps page and create an app for testing, then to go live with this app. For detailed instructions on creating the app, see PayPal documentation at <a href=\"https://developer.paypal.com/docs/integration/admin/manage-apps/\">https://developer.paypal.com/docs/integration/admin/manage-apps/</a>. Be sure to specify your \"App return URL\" as the value of \"Redirect URL\" field below.</p><p>Once the app has been created, be sure to copy your Client Id and Client Secret from the app details and credentials and have them stored in the fields below.</p>','en'),(261,235,'Redirect URL','','en'),(262,236,'Client Id','','en'),(263,237,'Client Secret','','en'),(264,238,'Test/Live mode','','en'),(265,239,'Login scopes','','en'),(266,240,'\"New arrivals\" block settings','','en'),(267,241,'Enable \"New arrivals\" feature in catalog','','en'),(268,242,'Number of days to keep products marked as new arrivals','Specify a non-zero value; otherwise, 30 days will be used by default.','en'),(269,243,'Maximum number of products to display in complete new arrivals list','Limits the total number of products that can be displayed when user clicks the \"All new arrivals\" link in the \"New arrivals\" block. Leave 0 for no limit.','en'),(270,244,'Label new products','','en'),(271,245,'Maximum number of products to display in \"New arrivals\" block','Defines the maximum number of products that can be displayed in the \"New arrivals\" block. Specify a non-zero value; otherwise, 3 products will be displayed by default. If the specified value is less than the total amount of products on complete new arrivals list, that value will be used instead. Drupal block settings can override this option (when the DrupalConnector module is enabled).','en'),(272,246,'Show new products only from category being viewed by customer','Drupal block settings can override this option (when the DrupalConnector module is enabled).','en'),(273,247,'\"Coming soon\" block settings','','en'),(274,248,'Enable \"Coming soon\" feature in catalog','','en'),(275,249,'Label upcoming products','','en'),(276,250,'Show arrival date on product details pages','','en'),(277,251,'Show \"coming soon\" products only from category being viewed by customer','Drupal block settings can override this option (when the DrupalConnector module is enabled).','en'),(278,252,'Maximum number of products to display in \"Coming soon\" block','Defines a maximum number of products that can be displayed in the \"Coming soon\" block. Specify a non-zero value; otherwise, 3 products will be displayed by default. Drupal block settings can override this option (when the DrupalConnector module is enabled).','en'),(279,253,'\"Recently viewed\" block settings','','en'),(280,254,'Display \"Recently viewed\" block in catalog','','en'),(281,255,'Maximum number of products to display in \"Recently viewed\" block','Defines the maximum amount of products that can be displayed in the \"Recently viewed\" block. Leave 0 for no limit. Drupal block settings can override this option (when the DrupalConnector module is enabled).','en'),(282,256,'\"Customers who bought this product also bought\" block settings','','en'),(283,257,'Display block in catalog','','en'),(284,258,'Maximum number of products to display in block','Defines the maximum number of products that can be displayed in the \"Customers who bought this product also bought\" block. Specify a non-zero value; otherwise, 3 products will be displayed by default. Drupal block settings can override this option (when the DrupalConnector module is enabled).','en'),(285,259,'\"Customers who viewed this product bought\" block settings','','en'),(286,260,'Display block in catalog','','en'),(287,261,'Maximum number of products to display in block','Defines the maximum number of products that can be displayed in the \"Customers who viewed this product bought\" block. Specify a non-zero value; otherwise, 3 products will be displayed by default. Drupal block settings can override this option (when the DrupalConnector module is enabled).','en'),(288,262,'Display the \"Products on sale\" block in the storefront','','en'),(289,263,'Display only the products on sale which are in the category being viewed (or its subcategories)','','en'),(290,264,'The maximum number of products to be displayed in the \"Products on sale\" block','The maximum number of products to be displayed in the \"Products on sale\" block. Set zero to display all products in the block. Drupal block settings can override this option (when the DrupalConnector module is enabled).','en'),(291,265,'Use the same tax rates for all user membership levels','','en'),(292,266,'Address for sales tax calculation','','en'),(293,267,'Taxable base','','en'),(294,268,'Company logo','','en'),(295,269,'Favicon','For the icon to be displayed properly in all web browsers, we recommend using the icon size of 32x32 px','en'),(296,270,'Apple icon','Image must be a .png file with the resolution of 192x192px','en'),(297,271,'Frequency of content renewal for Static page','','en'),(298,272,'Priority for Static page','The value should range from 0 to 1.','en'),(299,273,'Show the default menu along with the custom one','','en'),(300,274,'Data provider','','en'),(301,275,'PitneyBowes merchant emailId','','en'),(302,276,'PitneyBowes merchant shipperId','','en'),(303,277,'User ID','','en'),(304,278,'U.S.P.S. API server URL','Enter the URL provided to you by U.S.P.S. in the notification about your successful registration for the U. S. Postal Service\'s Web Tools Application Program Interfaces. For example: <ul><li>http://stg-production.shippingapis.com/ShippingApi.dll</li><li>http://production.shippingapis.com/ShippingAPI.dll</li></ul>','en'),(305,279,'Additional settings','','en'),(306,280,'Common options','','en'),(307,281,'Package Size (length + girth, inches)','','en'),(308,282,'Package dimensions (inches)','','en'),(309,283,'Girth','Required for large size and if the container is non-rectangular or variable','en'),(310,284,'Maximum package weight','','en'),(311,285,'Machinable','','en'),(312,286,'Currency conversion rate','Specify rate X, where 1 USD = X in shop currency.<br/>The shipping cost is always returned in US Dollars. So if the store uses a different currency for payments, you need to specify a conversion rate to convert the shipping cost returned by the shipping service into your store\'s currency. If the same currency is used, leave this set to 1.','en'),(313,287,'Domestic U.S.P.S.','','en'),(314,288,'Container','','en'),(315,289,'First-Class mail type','','en'),(316,290,'Pricing type to be used','','en'),(317,291,'Parcel type','','en'),(318,292,'Request rates for','','en'),(319,293,'International U.S.P.S.','','en'),(320,294,'Mail type','','en'),(321,295,'Container','','en'),(322,296,'Get commercial base postage','','en'),(323,297,'Global Express Guarantee (GXG)','','en'),(324,298,'GXG destination is a post office box','','en'),(325,299,'GXG package contains a gift','','en'),(326,300,'Parcel type','','en'),(327,301,'Cash on delivery','','en'),(328,302,'Use a fixed amount Collect on Delivery fee','If you are planning to allow your customers to use the COD payment method for orders shipped with USPS shipping methods, you can make the calculation of shipping costs faster by setting a fixed extra fee for using the COD payment method.<br /><br />If a fixed amount COD fee is not set on the store\'s end, it will be calculated on the USPS end, and to get information about the COD fee amount the store will need to send several requests to the USPS API (one for each USPS service type), which may take up to 14 seconds. When using a fixed amount COD fee, the store will only send a single request to the USPS API, which will take under one second.<br /><br />Using a <b>fixed amount COD fee</b> allows the store to calculate the shipping cost much faster and is the <b>recommended option</b>.','en'),(329,303,'Fixed COD price','If you have selected to use a fixed COD fee, specify the fee amount here. The COD fee will be used for all shipping methods returned by the USPS server.<br /><br />You can find the current price for the USPS Collect on Delivery (COD) extra service on this page: <a href=\"https://www.usps.com/business/add-extra-services.htm\" target=\"_blank\">https://www.usps.com/business/add-extra-services.htm</a>','en'),(330,304,'Additional options','','en'),(331,305,'Log all communication between shopping cart and USPS server','','en'),(332,306,'Sandbox mode','','en'),(333,307,'Auto enable new USPS shipping methods','','en'),(334,274,'Data provider','','ru'),(335,275,'PitneyBowes merchant emailId','','ru'),(336,276,'PitneyBowes merchant shipperId','','ru'),(337,277,'Идентификатор пользователя','','ru'),(338,278,'Веб-адрес API сервера U.S.P.S.','Введите веб-адрес, указанный в уведомлении от U.S.P.S. об успешной регистрации в U. S. Postal Service Web Tools Application Program Interfaces. Например: <ul><li>http://testing.shippingapis.com/ShippingAPITest.dll</li><li>http://production.shippingapis.com/ShippingAPI.dll</li></ul>','ru'),(339,279,'Дополнительные настройки','','ru'),(340,280,'Общие настройки','','ru'),(341,282,'Размеры упаковки (в дюймах)','','ru'),(342,283,'Периметр (дюймы)','Для больших размеров и непрямоугольного и неизменяемого контейнера.','ru'),(343,284,'Максимальный вес упаковки','','ru'),(344,286,'Коэффициент пересчета валюты','Укажите ставку X, где 1 USD = X в валюте магазина.<br/>Стоимость доставки всегда определяется в американских доллрах. Если в магазине используется другая валюта, необходимо указать коэффициент пересчёта стоимости доставки, полученной от службы доставки, в валюту магазина. Если валюта совпадает, оставить коэффициент равным 1.','ru'),(345,287,'Локальный U.S.P.S.','','ru'),(346,288,'Тара','','ru'),(347,281,'Размеры упаковки (длина+обхват, в дюймах)','','ru'),(348,289,'Тип почтового отправления для сервиса First-Class','','ru'),(349,285,'Машинная обработка','','ru'),(350,290,'Используемый тип цены (розничная, коммерческая и т.п.)','','ru'),(351,291,'Тип почтового отправления','','ru'),(352,293,'Международная служба U.S.P.S.','','ru'),(353,294,'Тип почтового отправления','','ru'),(354,295,'Тара','','ru'),(355,296,'Воспользоваться услугой Commercial Base','','ru'),(356,297,'Служба доставки Global Express Guarantee (GXG)','','ru'),(357,298,'Пункт назначения GXG - абонентский ящик','','ru'),(358,299,'В посылке GXG есть подарок','','ru'),(359,300,'Тип почтового отправления','','ru'),(360,301,'Оплата при получении','','ru'),(361,302,'Использовать фиксированную сумму наценки на доставку наложенным платежом','Если вы планируете предоставлять покупателям возможность оплаты заказа при получении при доставке методами USPS, вы можете ускорить расчет стоимости доставки заказа, установив фиксированную наценку за использование данного метода оплаты. В случае, когда размер наценки не задан жестко на стороне магазина, расчет наценки будет осуществляться на стороне USPS, и для получения информации о размере наценки магазин должен будет отправить несколько запросов к USPS API (по одному для каждого типа сервисов USPS), что в общей сложности может занять до 20 сек. При использовании фиксированной наценки магазин будет делать всего один запрос к USPS API, на который ему потребуется менее одной секунды. Использование фиксированной наценки значительно ускоряет расчет стоимости доставки методами USPS и является рекомендуемой опцией.','ru'),(362,303,'Fixed COD price','Если вы выбрали использование фиксированной наценки на COD, укажите здесь ее значение. Это значение будет использовано для всех методов доставки USPS. Вы можете найти актуальное значение наценки за использование услуги Collect on delivery на этой странице: <a href=\"https://www.usps.com/business/add-extra-services.htm\" target=\"_blank\">https://www.usps.com/business/add-extra-services.htm</a>','ru'),(363,304,'Дополнительные опции','','ru'),(364,305,'Записать всю коммуникацию магазина с сервером USPS','','ru'),(365,306,'Sandbox mode','','ru'),(366,307,'Добавлять новые методы USPS включенными','','ru'),(367,308,'Frequency of content renewal for Welcome page','','en'),(368,309,'Frequency of content renewal for Category page','','en'),(369,310,'Frequency of content renewal for Product page','','en'),(370,311,'Priority for Welcome page','The value should range from 0 to 1.','en'),(371,312,'Priority for Category page','The value should range from 0 to 1.','en'),(372,313,'Priority for Product page','The value should range from 0 to 1.','en'),(373,314,'Store ID','Store ID is an unique value generated by X-Payments for this shopping cart. This value should be obtained from this online store details page in X-Payments back-end.','en'),(374,315,'X-Payments URL','URL of your X-Payments installation (specify the URL beginning with https://). The store will send payment transaction requests to this URL.','en'),(375,316,'Public key','Public key is used to encrypt requests from the store to your X-Payments installation. This value should be obtained from this online store details page in X-Payments back-end.','en'),(376,317,'Private key','Private key is used to decrypt responses and callback requests that the store receives from your X-Payments installation. This value should be obtained from this online store details page in X-Payments back-end.','en'),(377,318,'Private key password','Private key password is used to decrypt the Private key. This value should be obtained from this online store details page in X-Payments back-end.','en'),(378,319,'Payment currency','All the payments will be made using the currency specified here.','en'),(379,320,'API version compatibility','','en'),(380,321,'Use iframe','','en'),(381,322,'Date when the payment methods were loaded from site','','en'),(382,323,'List of payment methods allowed by X-Payments','','en'),(383,324,'Payment method for card setup','','en'),(384,325,'Authorize amount for card setup','Which amount should be authorized on card. Recommended 0.00, 0.01 or 1.00. Note: if you chose 0.00 make sure the payment gateway supports such authorization','en'),(385,326,'Description of the card setup payment','Description of card setup authorization. It`s sent to the payment gateway and can be seen by you and your customers thru the bank receipt.','en'),(386,327,'Show number of products in category','Select to show the number of products in a category next to the category\'s name','en'),(387,328,'Wrap long category names','Enable word wrapping for long category names','en'),(388,329,'Show category triangles','Select to display a tiny triangle next the names of categories that include subcategories. Categories that do not contain subcategories will not be furnished with a triangle. Having this option activated would help your store visitors to navigate through your category tree better','en'),(389,332,'User','','en'),(390,333,'Password','','en'),(391,334,'Developer mode','','en'),(392,335,'Log all communications between shopping cart and CanadaPost server','','en'),(393,336,'Additional settings','','en'),(394,337,'Quote type','','en'),(395,338,'Customer number','','en'),(396,339,'Currency rate','(specify rate X, where 1 CAD = X in shop currency)','en'),(397,340,'Contract shipping options','','en'),(398,341,'Contract ID','','en'),(399,342,'Shipments pick up type','','en'),(400,343,'Site number of the deposit location','Look up the site number using <a href=\"https://www.canadapost.ca/cpotools/apps/fdl/business/findDepositLocation?execution=e1s1\">Find a Deposit Location</a>','en'),(401,344,'Render detailed manifest','','en'),(402,345,'Contact name for the manifest address','','en'),(403,346,'Deliver to Post Office options','','en'),(404,347,'Enable \"Deliver to Post Office\" feature','','en'),(405,348,'Maximum Post Offices that will be displayed','','en'),(406,349,'Parcel characteristics','','en'),(407,350,'Package length (cm)','Longest dimension. (3.1 digits e.g. 999.9 pattern)','en'),(408,351,'Package width (cm)','Second longest dimension. (3.1 digits e.g. 999.9 pattern)','en'),(409,352,'Package height (cm)','Shortest dimension. (3.1 digits e.g. 999.9 pattern)','en'),(410,353,'Package maximum weight (kg)','This value will be used to separate ordered products into several packages by weight','en'),(411,354,'Document','Indicates whether the shipment is a document or not.','en'),(412,355,'Unpackaged','Indicates whether a shipment is unpackaged or not. For example, auto tires may be an example of an unpackaged shipment.','en'),(413,356,'Mailing tube','Indicates whether a shipment is contained in a mailing tube. (e.g. a poster tube)','en'),(414,357,'Oversized','Indicates whether the parcel is oversized or not.','en'),(415,358,'Parcel options','','en'),(416,359,'Way to deliver','','en'),(417,360,'Signature','','en'),(418,361,'Proof of age','','en'),(419,362,'Coverage','In percent of the order subtotal (0 - do not use coverage)','en'),(420,363,'Non-delivery instructions','','en'),(421,364,'Write key','','en'),(422,365,'Company Id','','en'),(423,366,'User Id','','en'),(424,367,'Additional config loaded','','en'),(425,368,'Max number of files that can be attached','','en'),(426,368,'Максимальное количество файлов, которые можно присоединить','','ru'),(427,369,'Allowed file extensions','','en'),(428,369,'Допустимые расширения','','ru'),(429,370,'Max file size (MB). Set to \"0\" (zero) for unlimited','','en'),(430,370,'Максимальный размер файла (МБ). Используйте \"0\" (ноль) при отсутствии ограничений размера','','ru'),(431,374,'Checkout type','','en'),(432,375,'Shipping cost for products with a defined shipping freight value should be calculated as','','en'),(433,375,'Стоимость доставки для товаров с заданным значением поля \"Фиксированная стоимость доставки\" должна быть равна','','ru'),(434,376,'Use custom colors','','en'),(435,376,'Использовать пользовательские цвета','','ru'),(436,377,'Custom colors','','en'),(437,377,'Пользовательские цвета','','ru'),(438,378,'Use Froala as a text editor for e-mail notifications','','en'),(439,378,'Использовать Froala для редактирования текста e-mail уведомлений','','ru'),(440,379,'Default geolocation provider','','en'),(441,379,'Приоритетный источник данных о местоположении','','ru'),(442,380,'Display location select widget','','en'),(443,380,'Отображать виджет смены местоположения','','ru'),(444,381,'Upload extended database','You can upload an extended .mmdb database to get user location by IP more accurately','en'),(445,381,'Загрузить расширенную базу данных','Вы можете загрузить расширенную базу данных в формате .mmdb для более точного определения местоположения','ru'),(446,382,'Database file in use','','en'),(447,382,'Текущая база данных','','ru'),(448,383,'Frequency of Product Feed renewal','You should configure X-Cart to run <a href=\"https://kb.x-cart.com/general_setup/configuring_your_server_to_run_scheduled_x-cart_tasks.html\" target=\"_blank\">scheduled cron tasks</a> to enable periodic feed updates.','en'),(449,383,'Частота обновления выгрузки товаров','Чтобы автоматизировать обновление списка товаров, необходимо настроить <a href=\"https://kb.x-cart.ru/general_setup/configuring_your_server_to_run_scheduled_x-cart_tasks.html\" target=\"_blank\">выполнение запланированных задач</a> на сервере.','ru'),(450,384,'In case of duplicate product variants','The variants with duplicate attributes will get a title with a suffix, containing the attribute option values as string. Google will do it\'s best to handle such products properly.','en'),(451,384,'При наличии дублирующихся вариантов товара','Вариантам с дублирующимися атрибутами будет присвоен суффикс в наименовании, содержащий прочие значения атрибутов в строковом виде. При загрузке списка товаров Google попытается определить связь вариантов через наименование.','ru'),(452,385,'Mailchimp settings','','en'),(453,386,'Mailchimp API key','','en'),(454,387,'Enable E-commerce analytics','','en'),(455,388,'Enable Abandoned Carts','','en'),(456,389,'Default list for automatic campaigns','','en'),(457,390,'Enable single opt-in for customers','When this option is enabled customers are not prompted to confirm the subscription by email (contrary to double opt-in). Abusing this option might get your account banned by Mailchimp.','en'),(458,391,'Subscription select element type','This option controls the way your customers select a subscription. Select box allows subscription to only one mail list while check box allows subscription to multiple lists. For Checkout page always stays checkbox.','en'),(459,392,'Update Mailchimp lists every','Select the time interval for the periodical list updates.','en'),(460,393,'Type of discount coupons that should be uploaded to Mailchimp','The Mailchimp promo rules are:<br> - Code<br> - Discount amount<br> - Active from<br> - Active till <br>Discount coupons configured using any rules outside this rule set will be treated as not matching the Mailchimp rules.','en'),(461,393,'Тип купонов на скидку, который следует загружать в Mailchimp','Промо-правила Mailchimp: <br> - Код<br> - Сумма скидки<br> - Активен с<br> - Активен по <br>Купоны, настроенные с использованием каких-либо правил сверх этого набора, будут считаться не соответствующим промо-правилам Mailchimp.','ru'),(462,394,'Site connection code','The connection code will appear here automatically once you upload store data to MailChimp. Alternatively, you can connect MailChimp subscription popup via Custom Website integration code. Add your site to the MailChimp account and paste here the connection code.','en'),(463,394,'Код подключения сайта','Код появится автоматически после загрузки данных магазина в MailChimp. Также вы можете самостоятельно присоединить магазин, скопировав код подключения в это поле.','ru'),(464,385,'Настройки Mailchimp','','ru'),(465,386,'API ключ Mailchimp','','ru'),(466,387,'Включить аналитику Ecommerce','','ru'),(467,388,'Включить Abandoned Carts','','ru'),(468,389,'Список рассылок для автоматических кампаний','','ru'),(469,390,'Включить режим подписки \"single opt-in\"','Когда этоа опция включена клиенты не будут получать запрос на подтверждение подписки (в отличие от метода \"double opt-in\"). Злоупотребление данной опцией может привести к блокировке вашей учетной записи Mailchimp!','ru'),(470,391,'Тип элемента выбора подписки','Эта опция управляет тем, как ваши клиенты выбирают подписку на рассылку. Список позволяет подписаться только на одну рассылку из списка за раз, когда как галочка позволяет подписаться на несколько рассылок сразу. Для страницы оплаты всегда остаётся галочка.','ru'),(471,392,'Обновлять список рассылок Mailchimp каждые','Выберите временной интервал для обновления информации о списках рассылок.','ru'),(472,395,'Number of news messages in the Top news list','','en'),(473,395,'Количество новостей в списке Последних новостей','','ru'),(474,396,'News messages per page','','en'),(475,396,'Количество новостей на странице','','ru'),(476,397,'Frequency of content renewal for News Message page','','en'),(477,398,'Priority for News Message page','The value should range from 0 to 1.','en'),(478,399,'Not finished order will be created','','en'),(479,399,'Создавать незавершенный заказ','','ru'),(480,400,'Clear cart if administrator changes order','','en'),(481,400,'Очищать корзину при изменении заказа администратором','','ru'),(482,401,'Limit lifetime of not finished order','','en'),(483,401,'Ограничить срок действия незавершенного заказа','','ru'),(484,402,'Time to use the order for future attempts (days)','0 means that every failed attempt will be recorded as individual not finished order and its data will not be used in the next attempts.','en'),(485,402,'Срок действия незавершенного заказа (в днях)','Если задать срок равным 0 (нулю), то каждая неудачная попытка оплаты будет создавать отдельный незавершенный заказ, и данные этого заказа не будут внесены в будущие попытки.','ru'),(486,404,'Enable \"In stock only\" filter','','en'),(487,405,'Enable \"Price range\" filter','','en'),(488,406,'Enable \"Attributes\" filter','','en'),(489,407,'Show only available attributes and tags for products in category','If the setting is disabled, the filter shows all the attribute values and tags used in your store. If the setting is enabled, X-Cart generates a data cache that is used to display in the filter only the attribute values and tags that are actually used for the products in the category being viewed. Please be aware that the availability of the products for specific user membership levels is not taken into account during cache generation.','en'),(490,408,'Cache reset mode','Cache is first generated when a category page is opened. When attribute, tag or product data is changed, the generated cache is removed. It is then generated again when any category is opened.','en'),(491,409,'Sort order for class attributes','This setting affects only the attributes themselves, not their values. The values are sorted alphabetically.','en'),(492,410,'Generate the URL query string for filter with','This setting defines how the URL query string should be assembled when selecting the parameters that will be used to filter products.','en'),(493,404,'Включить фильтр \"Только товары в наличии\"','','ru'),(494,405,'Включить фильтр \"Цена\"','','ru'),(495,406,'Включить фильтр \"Атрибуты\"','','ru'),(496,407,'Отображать только атрибуты и теги, реально используемые для товаров в категории','Если данная настройка выключена, в фильтре показываются все значения атрибутов и все теги, используемые в магазине. Если настройка включена, X-Cart генерирует кеш данных, позволяющий отображать в фильтре только те значения атрибутов и теги, которые реально используются для товаров в просматриваемой категории. Обратите внимание, что доступность товаров для отдельных групп пользователей при генерации кеша не учитывается.','ru'),(497,408,'Режим обновления кэша','Кеш впервые генерируется при открытии страницы категории. При внесении изменений в данные атрибутов, тегов или товаров, кеш сбрасывается. Затем он генерируется заново, когда происходит открытие любой категории.','ru'),(498,409,'Порядок сортировки классовых атрибутов','Эта настройка влияет только на сами атрибуты, а не их значения. Значения сортируются в алфавитном порядке.','ru'),(499,410,'Строить строку запроса в URL для фильтра используя','Данная настройка позволяет выбрать, каким образом должен собираться URL страницы при наборе параметров, по которым будет осуществляться фильтрация товаров.','ru'),(500,411,'Show tags list in the sidebar','','en'),(501,412,'Enable \"Tags\" filter','','en'),(502,411,'Показывать список тегов в боковой колонке','','ru'),(503,412,'Включить фильтр \"Теги\"','','ru'),(504,413,'API key (read/write)','','en'),(505,414,'API key (only read)','','en'),(506,415,'Who can leave feedback','','en'),(507,416,'Admin moderates all reviews before showing them to customers','','en'),(508,417,'The quantity of reviews for tabs product reviews','','en'),(509,418,'Request customers to review the purchased products after successful orders','A successful order means an order that has been paid for and delivered.','en'),(510,418,'Отправлять покупателям приглашение оставить отзыв о купленных товарах после успешного заказа','Успешным заказом считается заказ, оплаченный и доставленный покупателю.','ru'),(511,419,'How many days later to send a review request','','en'),(512,419,'Через сколько дней отправлять приглашение оставить отзыв','','ru'),(513,420,'Use custom css','','en'),(514,421,'Use custom javascript','','en'),(515,422,'User ID','','en'),(516,423,'Password','','en'),(517,424,'Access key','','en'),(518,425,'UPS Account number','A shipper\'s UPS account number is required when requesting to receive the negotiated rates.','en'),(519,426,'Test mode','','en'),(520,427,'Additional settings','','en'),(521,428,'Package settings','','en'),(522,429,'Package box type','','en'),(523,430,'Package dimensions','','en'),(524,431,'Maximum package weight','','en'),(525,432,'Service options','','en'),(526,433,'Pickup type','','en'),(527,434,'Saturday pickup','','en'),(528,435,'Additional handling','','en'),(529,436,'Saturday delivery','','en'),(530,437,'Use negotiated rates','','en'),(531,438,'Delivery confirmation','','en'),(532,439,'Add insured value','','en'),(533,440,'Insured value','','en'),(534,441,'Shipping refunds settings','','en'),(535,443,'Cash on delivery','','en'),(536,444,'Currency conversion options','','en'),(537,445,'Shipping cost currency','','en'),(538,446,'Currency rate','If the UPS returns rates in currency which is differ from the currency the store uses for payments you need to specify the conversion rate to convert the shipping cost returned by UPS into the necessary currency. Otherwise leave 1.','en'),(539,447,'Additional options','','en'),(540,448,'Enable debugging','This option enables logging of all communication between shopping cart and UPS server.','en'),(541,449,'Allow direct communication between vendor and buyer in the \"Warehouse\" multivendor mode','','en'),(542,449,'Разрешить обмен сообщениями между продавцом и покупателем в режиме \"Общий склад\"','','ru');
/*!40000 ALTER TABLE `xlite_config_translations` ENABLE KEYS */;
UNLOCK TABLES;

--
-- Table structure for table `xlite_content_images`
--

DROP TABLE IF EXISTS `xlite_content_images`;
/*!40101 SET @saved_cs_client     = @@character_set_client */;
/*!40101 SET character_set_client = utf8 */;
CREATE TABLE `xlite_content_images` (
  `id` int(10) unsigned NOT NULL AUTO_INCREMENT,
  `width` int(11) NOT NULL,
  `height` int(11) NOT NULL,
  `hash` char(32) COLLATE utf8_unicode_ci DEFAULT NULL,
  `needProcess` tinyint(1) NOT NULL,
  `path` varchar(512) COLLATE utf8_unicode_ci NOT NULL,
  `fileName` varchar(255) COLLATE utf8_unicode_ci NOT NULL,
  `mime` varchar(128) COLLATE utf8_unicode_ci NOT NULL,
  `storageType` varchar(1) COLLATE utf8_unicode_ci NOT NULL,
  `size` int(10) unsigned NOT NULL,
  `date` int(10) unsigned NOT NULL,
  PRIMARY KEY (`id`)
) ENGINE=InnoDB DEFAULT CHARSET=utf8 COLLATE=utf8_unicode_ci;
/*!40101 SET character_set_client = @saved_cs_client */;

--
-- Dumping data for table `xlite_content_images`
--

LOCK TABLES `xlite_content_images` WRITE;
/*!40000 ALTER TABLE `xlite_content_images` DISABLE KEYS */;
/*!40000 ALTER TABLE `xlite_content_images` ENABLE KEYS */;
UNLOCK TABLES;

--
-- Table structure for table `xlite_content_videos`
--

DROP TABLE IF EXISTS `xlite_content_videos`;
/*!40101 SET @saved_cs_client     = @@character_set_client */;
/*!40101 SET character_set_client = utf8 */;
CREATE TABLE `xlite_content_videos` (
  `id` int(10) unsigned NOT NULL AUTO_INCREMENT,
  `path` varchar(512) COLLATE utf8_unicode_ci NOT NULL,
  `fileName` varchar(255) COLLATE utf8_unicode_ci NOT NULL,
  `mime` varchar(128) COLLATE utf8_unicode_ci NOT NULL,
  `storageType` varchar(1) COLLATE utf8_unicode_ci NOT NULL,
  `size` int(10) unsigned NOT NULL,
  `date` int(10) unsigned NOT NULL,
  PRIMARY KEY (`id`)
) ENGINE=InnoDB DEFAULT CHARSET=utf8 COLLATE=utf8_unicode_ci;
/*!40101 SET character_set_client = @saved_cs_client */;

--
-- Dumping data for table `xlite_content_videos`
--

LOCK TABLES `xlite_content_videos` WRITE;
/*!40000 ALTER TABLE `xlite_content_videos` DISABLE KEYS */;
/*!40000 ALTER TABLE `xlite_content_videos` ENABLE KEYS */;
UNLOCK TABLES;

--
-- Table structure for table `xlite_conversation_members`
--

DROP TABLE IF EXISTS `xlite_conversation_members`;
/*!40101 SET @saved_cs_client     = @@character_set_client */;
/*!40101 SET character_set_client = utf8 */;
CREATE TABLE `xlite_conversation_members` (
  `conversation_id` int(10) unsigned NOT NULL,
  `profile_id` int(11) NOT NULL,
  PRIMARY KEY (`conversation_id`,`profile_id`),
  KEY `IDX_6165ADA39AC0396` (`conversation_id`),
  KEY `IDX_6165ADA3CCFA12B8` (`profile_id`),
  CONSTRAINT `FK_6165ADA39AC0396` FOREIGN KEY (`conversation_id`) REFERENCES `xlite_conversations` (`id`) ON DELETE CASCADE,
  CONSTRAINT `FK_6165ADA3CCFA12B8` FOREIGN KEY (`profile_id`) REFERENCES `xlite_profiles` (`profile_id`) ON DELETE CASCADE
) ENGINE=InnoDB DEFAULT CHARSET=utf8 COLLATE=utf8_unicode_ci;
/*!40101 SET character_set_client = @saved_cs_client */;

--
-- Dumping data for table `xlite_conversation_members`
--

LOCK TABLES `xlite_conversation_members` WRITE;
/*!40000 ALTER TABLE `xlite_conversation_members` DISABLE KEYS */;
/*!40000 ALTER TABLE `xlite_conversation_members` ENABLE KEYS */;
UNLOCK TABLES;

--
-- Table structure for table `xlite_conversations`
--

DROP TABLE IF EXISTS `xlite_conversations`;
/*!40101 SET @saved_cs_client     = @@character_set_client */;
/*!40101 SET character_set_client = utf8 */;
CREATE TABLE `xlite_conversations` (
  `id` int(10) unsigned NOT NULL AUTO_INCREMENT,
  `order_id` int(11) DEFAULT NULL,
  PRIMARY KEY (`id`),
  UNIQUE KEY `UNIQ_845131BB8D9F6D38` (`order_id`),
  CONSTRAINT `FK_845131BB8D9F6D38` FOREIGN KEY (`order_id`) REFERENCES `xlite_orders` (`order_id`) ON DELETE CASCADE
) ENGINE=InnoDB DEFAULT CHARSET=utf8 COLLATE=utf8_unicode_ci;
/*!40101 SET character_set_client = @saved_cs_client */;

--
-- Dumping data for table `xlite_conversations`
--

LOCK TABLES `xlite_conversations` WRITE;
/*!40000 ALTER TABLE `xlite_conversations` DISABLE KEYS */;
/*!40000 ALTER TABLE `xlite_conversations` ENABLE KEYS */;
UNLOCK TABLES;

--
-- Table structure for table `xlite_countries`
--

DROP TABLE IF EXISTS `xlite_countries`;
/*!40101 SET @saved_cs_client     = @@character_set_client */;
/*!40101 SET character_set_client = utf8 */;
CREATE TABLE `xlite_countries` (
  `code` char(2) COLLATE utf8_unicode_ci NOT NULL,
  `currency_id` int(10) unsigned DEFAULT NULL,
  `id` int(11) NOT NULL,
  `code3` char(3) COLLATE utf8_unicode_ci NOT NULL,
  `enabled` tinyint(1) NOT NULL,
  PRIMARY KEY (`code`),
  KEY `IDX_C4F7794938248176` (`currency_id`),
  KEY `enabled` (`enabled`),
  CONSTRAINT `FK_C4F7794938248176` FOREIGN KEY (`currency_id`) REFERENCES `xlite_currencies` (`currency_id`) ON DELETE CASCADE
) ENGINE=InnoDB DEFAULT CHARSET=utf8 COLLATE=utf8_unicode_ci;
/*!40101 SET character_set_client = @saved_cs_client */;

--
-- Dumping data for table `xlite_countries`
--

LOCK TABLES `xlite_countries` WRITE;
/*!40000 ALTER TABLE `xlite_countries` DISABLE KEYS */;
INSERT INTO `xlite_countries` VALUES ('AD',978,20,'AND',1),('AE',784,784,'ARE',1),('AF',971,4,'AFG',1),('AG',951,28,'ATG',1),('AI',951,660,'AIA',1),('AL',8,8,'ALB',1),('AM',51,51,'ARM',1),('AO',973,24,'AGO',1),('AQ',NULL,10,'ATA',1),('AR',32,32,'ARG',1),('AS',840,16,'ASM',1),('AT',978,40,'AUT',1),('AU',36,36,'AUS',1),('AW',533,533,'ABW',1),('AX',978,248,'ALA',1),('AZ',944,31,'AZE',1),('BA',977,70,'BIH',1),('BB',52,52,'BRB',1),('BD',50,50,'BGD',1),('BE',978,56,'BEL',1),('BF',952,854,'BFA',1),('BG',975,100,'BGR',1),('BH',48,48,'BHR',1),('BI',108,108,'BDI',1),('BJ',952,204,'BEN',1),('BL',978,652,'BLM',1),('BM',60,60,'BMU',1),('BN',96,96,'BRN',1),('BO',68,68,'BOL',1),('BQ',840,535,'BES',1),('BR',986,76,'BRA',1),('BS',44,44,'BHS',1),('BT',356,64,'BTN',1),('BV',578,74,'BVT',1),('BW',72,72,'BWA',1),('BY',974,112,'BLR',1),('BZ',84,84,'BLZ',1),('CA',124,124,'CAN',1),('CC',36,166,'CCK',1),('CD',976,180,'COD',1),('CF',950,140,'CAF',1),('CG',950,178,'COG',1),('CH',756,756,'CHE',1),('CI',950,384,'CIV',1),('CK',554,184,'COK',1),('CL',152,152,'CHL',1),('CM',950,120,'CMR',1),('CN',156,156,'CHN',1),('CO',170,170,'COL',1),('CR',188,188,'CRI',1),('CU',192,192,'CUB',1),('CV',132,132,'CPV',1),('CW',532,531,'CUW',1),('CX',36,162,'CXR',1),('CY',978,196,'CYP',1),('CZ',203,203,'CZE',1),('DE',978,276,'DEU',1),('DJ',262,262,'DJI',1),('DK',208,208,'DNK',1),('DM',951,212,'DMA',1),('DO',214,214,'DOM',1),('DZ',12,12,'DZA',1),('EC',840,218,'ECU',1),('EE',978,233,'EST',1),('EG',818,818,'EGY',1),('EH',504,732,'ESH',1),('ER',232,232,'ERI',1),('ES',978,724,'ESP',1),('ET',230,231,'ETH',1),('FI',978,246,'FIN',1),('FJ',242,242,'FJI',1),('FK',238,238,'FLK',1),('FM',840,583,'FSM',1),('FO',208,234,'FRO',1),('FR',978,250,'FRA',1),('GA',950,266,'GAB',1),('GB',826,826,'GBR',1),('GD',951,308,'GRD',1),('GE',981,268,'GEO',1),('GF',978,254,'GUF',1),('GG',826,831,'GGY',1),('GH',936,288,'GHA',1),('GI',292,292,'GIB',1),('GL',208,304,'GRL',1),('GM',270,270,'GMB',1),('GN',324,324,'GIN',1),('GP',978,312,'GLP',1),('GQ',950,226,'GNQ',1),('GR',978,300,'GRC',1),('GS',826,239,'SGS',1),('GT',320,320,'GTM',1),('GU',840,316,'GUM',1),('GW',952,624,'GNB',1),('GY',328,328,'GUY',1),('HK',344,344,'HKG',1),('HM',36,334,'HMD',1),('HN',340,340,'HND',1),('HR',191,191,'HRV',1),('HT',332,332,'HTI',1),('HU',348,348,'HUN',1),('ID',360,360,'IDN',1),('IE',978,372,'IRL',1),('IL',376,376,'ISR',1),('IM',826,833,'IMN',1),('IN',356,356,'IND',1),('IO',840,86,'IOT',1),('IQ',368,368,'IRQ',1),('IR',364,364,'IRN',1),('IS',352,352,'ISL',1),('IT',978,380,'ITA',1),('JE',826,832,'JEY',1),('JM',388,388,'JAM',1),('JO',400,400,'JOR',1),('JP',392,392,'JPN',1),('KE',404,404,'KEN',1),('KG',417,417,'KGZ',1),('KH',116,116,'KHM',1),('KI',36,296,'KIR',1),('KM',174,174,'COM',1),('KN',951,659,'KNA',1),('KP',408,408,'PRK',1),('KR',410,410,'KOR',1),('KW',414,414,'KWT',1),('KY',136,136,'CYM',1),('KZ',398,398,'KAZ',1),('LA',418,418,'LAO',1),('LB',422,422,'LBN',1),('LC',951,662,'LCA',1),('LI',756,438,'LIE',1),('LK',144,144,'LKA',1),('LR',430,430,'LBR',1),('LS',426,426,'LSO',1),('LT',440,440,'LTU',1),('LU',978,442,'LUX',1),('LV',428,428,'LVA',1),('LY',434,434,'LBY',1),('MA',504,504,'MAR',1),('MC',978,492,'MCO',1),('MD',498,498,'MDA',1),('ME',978,499,'MNE',1),('MF',978,663,'MAF',1),('MG',969,450,'MDG',1),('MH',840,584,'MHL',1),('MK',807,807,'MKD',1),('ML',952,466,'MLI',1),('MM',64,104,'MMR',1),('MN',496,496,'MNG',1),('MO',446,446,'MAC',1),('MP',840,580,'MNP',1),('MQ',978,474,'MTQ',1),('MR',478,478,'MRT',1),('MS',951,500,'MSR',1),('MT',978,470,'MLT',1),('MU',480,480,'MUS',1),('MV',462,462,'MDV',1),('MW',454,454,'MWI',1),('MX',484,484,'MEX',1),('MY',458,458,'MYS',1),('MZ',943,508,'MOZ',1),('NA',516,516,'NAM',1),('NC',953,540,'NCL',1),('NE',952,562,'NER',1),('NF',36,574,'NFK',1),('NG',566,566,'NGA',1),('NI',558,558,'NIC',1),('NL',978,528,'NLD',1),('NO',578,578,'NOR',1),('NP',524,524,'NPL',1),('NR',36,520,'NRU',1),('NU',554,570,'NIU',1),('NZ',554,554,'NZL',1),('OM',512,512,'OMN',1),('PA',590,591,'PAN',1),('PE',604,604,'PER',1),('PF',953,258,'PYF',1),('PG',598,598,'PNG',1),('PH',608,608,'PHL',1),('PK',586,586,'PAK',1),('PL',985,616,'POL',1),('PM',978,666,'SPM',1),('PN',554,612,'PCN',1),('PR',840,630,'PRI',1),('PS',400,275,'PSE',1),('PT',978,620,'PRT',1),('PW',840,585,'PLW',1),('PY',600,600,'PRY',1),('QA',634,634,'QAT',1),('RE',978,638,'REU',1),('RO',946,642,'ROU',1),('RS',941,688,'SRB',1),('RU',643,643,'RUS',1),('RW',646,646,'RWA',1),('SA',682,682,'SAU',1),('SB',90,90,'SLB',1),('SC',690,690,'SYC',1),('SD',938,729,'SDN',1),('SE',752,752,'SWE',1),('SG',702,702,'SGP',1),('SH',654,654,'SHN',1),('SI',978,705,'SVN',1),('SJ',978,744,'SJM',1),('SK',978,703,'SVK',1),('SL',694,694,'SLE',1),('SM',978,674,'SMR',1),('SN',952,686,'SEN',1),('SO',706,706,'SOM',1),('SR',968,740,'SUR',1),('SS',728,728,'SSD',1),('ST',678,678,'STP',1),('SV',222,222,'SLV',1),('SX',532,534,'SXM',1),('SY',760,760,'SYR',1),('SZ',748,748,'SWZ',1),('TC',840,796,'TCA',1),('TD',950,148,'TCD',1),('TF',978,260,'ATF',1),('TG',952,768,'TGO',1),('TH',764,764,'THA',1),('TJ',972,762,'TJK',1),('TK',554,772,'TKL',1),('TL',840,626,'TLS',1),('TM',934,795,'TKM',1),('TN',788,788,'TUN',1),('TO',776,776,'TON',1),('TR',949,792,'TUR',1),('TT',780,780,'TTO',1),('TV',36,798,'TUV',1),('TW',901,158,'TWN',1),('TZ',834,834,'TZA',1),('UA',980,804,'UKR',1),('UG',800,800,'UGA',1),('UM',840,581,'UMI',1),('US',840,840,'USA',1),('UY',858,858,'URY',1),('UZ',860,860,'UZB',1),('VA',978,336,'VAT',1),('VC',951,670,'VCT',1),('VE',937,862,'VEN',1),('VG',840,92,'VGB',1),('VI',840,850,'VIR',1),('VN',704,704,'VNM',1),('VU',548,548,'VUT',1),('WF',953,876,'WLF',1),('WS',882,882,'WSM',1),('YE',886,887,'YEM',1),('YT',978,175,'MYT',1),('ZA',710,710,'ZAF',1),('ZM',894,894,'ZMB',1),('ZW',932,716,'ZWE',1);
/*!40000 ALTER TABLE `xlite_countries` ENABLE KEYS */;
UNLOCK TABLES;

--
-- Table structure for table `xlite_country_translations`
--

DROP TABLE IF EXISTS `xlite_country_translations`;
/*!40101 SET @saved_cs_client     = @@character_set_client */;
/*!40101 SET character_set_client = utf8 */;
CREATE TABLE `xlite_country_translations` (
  `label_id` int(11) NOT NULL AUTO_INCREMENT,
  `id` char(2) COLLATE utf8_unicode_ci DEFAULT NULL,
  `country` varchar(64) COLLATE utf8_unicode_ci NOT NULL,
  `code` char(2) COLLATE utf8_unicode_ci NOT NULL,
  PRIMARY KEY (`label_id`),
  KEY `ci` (`code`,`id`),
  KEY `country` (`country`),
  KEY `id` (`id`),
  CONSTRAINT `FK_758727C3BF396750` FOREIGN KEY (`id`) REFERENCES `xlite_countries` (`code`) ON DELETE CASCADE
) ENGINE=InnoDB AUTO_INCREMENT=250 DEFAULT CHARSET=utf8 COLLATE=utf8_unicode_ci;
/*!40101 SET character_set_client = @saved_cs_client */;

--
-- Dumping data for table `xlite_country_translations`
--

LOCK TABLES `xlite_country_translations` WRITE;
/*!40000 ALTER TABLE `xlite_country_translations` DISABLE KEYS */;
INSERT INTO `xlite_country_translations` VALUES (1,'AF','Afghanistan','en'),(2,'AX','Åland Islands','en'),(3,'AL','Albania','en'),(4,'DZ','Algeria','en'),(5,'AS','American Samoa','en'),(6,'AD','Andorra','en'),(7,'AO','Angola','en'),(8,'AI','Anguilla','en'),(9,'AQ','Antarctica','en'),(10,'AG','Antigua and Barbuda','en'),(11,'AR','Argentina','en'),(12,'AM','Armenia','en'),(13,'AW','Aruba','en'),(14,'AU','Australia','en'),(15,'AT','Austria','en'),(16,'AZ','Azerbaijan','en'),(17,'BS','Bahamas','en'),(18,'BH','Bahrain','en'),(19,'BD','Bangladesh','en'),(20,'BB','Barbados','en'),(21,'BY','Belarus','en'),(22,'BE','Belgium','en'),(23,'BZ','Belize','en'),(24,'BJ','Benin','en'),(25,'BM','Bermuda','en'),(26,'BT','Bhutan','en'),(27,'BO','Bolivia, Plurinational State of','en'),(28,'BQ','Bonaire, Sint Eustatius and Saba','en'),(29,'BA','Bosnia and Herzegowina','en'),(30,'BW','Botswana','en'),(31,'BV','Bouvet Island','en'),(32,'BR','Brazil','en'),(33,'IO','British Indian Ocean Territory','en'),(34,'BN','Brunei Darussalam','en'),(35,'BG','Bulgaria','en'),(36,'BF','Burkina Faso','en'),(37,'BI','Burundi','en'),(38,'KH','Cambodia','en'),(39,'CM','Cameroon','en'),(40,'CA','Canada','en'),(41,'CV','Cape Verde','en'),(42,'KY','Cayman Islands','en'),(43,'CF','Central African Republic','en'),(44,'TD','Chad','en'),(45,'CL','Chile','en'),(46,'CN','China','en'),(47,'CX','Christmas Island','en'),(48,'CC','Cocos (Keeling) Islands','en'),(49,'CO','Colombia','en'),(50,'KM','Comoros','en'),(51,'CG','Congo','en'),(52,'CD','Congo, the Democratic Republic of the','en'),(53,'CK','Cook Islands','en'),(54,'CR','Costa Rica','en'),(55,'CI','Côte d\'Ivoire','en'),(56,'HR','Croatia','en'),(57,'CU','Cuba','en'),(58,'CW','Curaçao','en'),(59,'CY','Cyprus','en'),(60,'CZ','Czech Republic','en'),(61,'DK','Denmark','en'),(62,'DJ','Djibouti','en'),(63,'DM','Dominica','en'),(64,'DO','Dominican Republic','en'),(65,'EC','Ecuador','en'),(66,'EG','Egypt','en'),(67,'SV','El Salvador','en'),(68,'GQ','Equatorial Guinea','en'),(69,'ER','Eritrea','en'),(70,'EE','Estonia','en'),(71,'ET','Ethiopia','en'),(72,'FK','Falkland Islands (Malvinas)','en'),(73,'FO','Faroe Islands','en'),(74,'FJ','Fiji','en'),(75,'FI','Finland','en'),(76,'FR','France','en'),(77,'GF','French Guiana','en'),(78,'PF','French Polynesia','en'),(79,'TF','French Southern Territories','en'),(80,'GA','Gabon','en'),(81,'GM','Gambia','en'),(82,'GE','Georgia','en'),(83,'DE','Germany','en'),(84,'GH','Ghana','en'),(85,'GI','Gibraltar','en'),(86,'GR','Greece','en'),(87,'GL','Greenland','en'),(88,'GD','Grenada','en'),(89,'GP','Guadeloupe','en'),(90,'GU','Guam','en'),(91,'GT','Guatemala','en'),(92,'GG','Guernsey','en'),(93,'GN','Guinea','en'),(94,'GW','Guinea-Bissau','en'),(95,'GY','Guyana','en'),(96,'HT','Haiti','en'),(97,'HM','Heard and McDonald Islands','en'),(98,'VA','Holy See (Vatican City State)','en'),(99,'HN','Honduras','en'),(100,'HK','Hong Kong','en'),(101,'HU','Hungary','en'),(102,'IS','Iceland','en'),(103,'IN','India','en'),(104,'ID','Indonesia','en'),(105,'IR','Iran, Islamic Republic of','en'),(106,'IQ','Iraq','en'),(107,'IE','Ireland','en'),(108,'IM','Isle of Man','en'),(109,'IL','Israel','en'),(110,'IT','Italy','en'),(111,'JM','Jamaica','en'),(112,'JP','Japan','en'),(113,'JE','Jersey','en'),(114,'JO','Jordan','en'),(115,'KZ','Kazakhstan','en'),(116,'KE','Kenya','en'),(117,'KI','Kiribati','en'),(118,'KP','Korea, Democratic People\'s Republic of','en'),(119,'KR','Korea, Republic of','en'),(120,'KW','Kuwait','en'),(121,'KG','Kyrgyzstan','en'),(122,'LA','Lao People\'s Democratic Republic','en'),(123,'LV','Latvia','en'),(124,'LB','Lebanon','en'),(125,'LS','Lesotho','en'),(126,'LR','Liberia','en'),(127,'LY','Libya','en'),(128,'LI','Liechtenstein','en'),(129,'LT','Lithuania','en'),(130,'LU','Luxembourg','en'),(131,'MO','Macao','en'),(132,'MK','North Macedonia','en'),(133,'MG','Madagascar','en'),(134,'MW','Malawi','en'),(135,'MY','Malaysia','en'),(136,'MV','Maldives','en'),(137,'ML','Mali','en'),(138,'MT','Malta','en'),(139,'MH','Marshall Islands','en'),(140,'MQ','Martinique','en'),(141,'MR','Mauritania','en'),(142,'MU','Mauritius','en'),(143,'YT','Mayotte','en'),(144,'MX','Mexico','en'),(145,'FM','Micronesia, Federated States of','en'),(146,'MD','Moldova, Republic of','en'),(147,'MC','Monaco','en'),(148,'MN','Mongolia','en'),(149,'ME','Montenegro','en'),(150,'MS','Montserrat','en'),(151,'MA','Morocco','en'),(152,'MZ','Mozambique','en'),(153,'MM','Myanmar','en'),(154,'NA','Namibia','en'),(155,'NR','Nauru','en'),(156,'NP','Nepal','en'),(157,'NL','Netherlands','en'),(158,'NC','New Caledonia','en'),(159,'NZ','New Zealand','en'),(160,'NI','Nicaragua','en'),(161,'NE','Niger','en'),(162,'NG','Nigeria','en'),(163,'NU','Niue','en'),(164,'NF','Norfolk Island','en'),(165,'MP','Northern Mariana Islands','en'),(166,'NO','Norway','en'),(167,'OM','Oman','en'),(168,'PK','Pakistan','en'),(169,'PW','Palau','en'),(170,'PS','Palestinian Territory, Occupied','en'),(171,'PA','Panama','en'),(172,'PG','Papua New Guinea','en'),(173,'PY','Paraguay','en'),(174,'PE','Peru','en'),(175,'PH','Philippines','en'),(176,'PN','Pitcairn','en'),(177,'PL','Poland','en'),(178,'PT','Portugal','en'),(179,'PR','Puerto Rico','en'),(180,'QA','Qatar','en'),(181,'RE','Réunion','en'),(182,'RO','Romania','en'),(183,'RU','Russian Federation','en'),(184,'RW','Rwanda','en'),(185,'BL','Saint Barthélemy','en'),(186,'SH','Saint Helena, Ascension and Tristan da Cunha','en'),(187,'KN','Saint Kitts and Nevis','en'),(188,'LC','Saint Lucia','en'),(189,'MF','Saint Martin','en'),(190,'PM','Saint Pierre and Miquelon','en'),(191,'VC','Saint Vincent and the Grenadines','en'),(192,'WS','Samoa','en'),(193,'SM','San Marino','en'),(194,'ST','Sao Tome and Principe','en'),(195,'SA','Saudi Arabia','en'),(196,'SN','Senegal','en'),(197,'RS','Serbia','en'),(198,'SC','Seychelles','en'),(199,'SL','Sierra Leone','en'),(200,'SG','Singapore','en'),(201,'SX','Sint Maarten','en'),(202,'SK','Slovakia','en'),(203,'SI','Slovenia','en'),(204,'SB','Solomon Islands','en'),(205,'SO','Somalia','en'),(206,'ZA','South Africa','en'),(207,'GS','South Georgia and the South Sandwich Islands','en'),(208,'SS','South Sudan','en'),(209,'ES','Spain','en'),(210,'LK','Sri Lanka','en'),(211,'SD','Sudan','en'),(212,'SR','Suriname','en'),(213,'SJ','Svalbard and Jan Mayen','en'),(214,'SZ','Swaziland','en'),(215,'SE','Sweden','en'),(216,'CH','Switzerland','en'),(217,'SY','Syrian Arab Republic','en'),(218,'TW','Taiwan, Province of China','en'),(219,'TJ','Tajikistan','en'),(220,'TZ','Tanzania, United Republic of','en'),(221,'TH','Thailand','en'),(222,'TL','Timor-Leste','en'),(223,'TG','Togo','en'),(224,'TK','Tokelau','en'),(225,'TO','Tonga','en'),(226,'TT','Trinidad and Tobago','en'),(227,'TN','Tunisia','en'),(228,'TR','Turkey','en'),(229,'TM','Turkmenistan','en'),(230,'TC','Turks and Caicos Islands','en'),(231,'TV','Tuvalu','en'),(232,'UG','Uganda','en'),(233,'UA','Ukraine','en'),(234,'AE','United Arab Emirates','en'),(235,'GB','United Kingdom','en'),(236,'US','United States','en'),(237,'UM','United States Minor Outlying Islands','en'),(238,'UY','Uruguay','en'),(239,'UZ','Uzbekistan','en'),(240,'VU','Vanuatu','en'),(241,'VE','Venezuela, Bolivarian Republic of','en'),(242,'VN','Viet Nam','en'),(243,'VG','Virgin Islands, British','en'),(244,'VI','Virgin Islands, U.S.','en'),(245,'WF','Wallis And Futuna Islands','en'),(246,'EH','Western Sahara','en'),(247,'YE','Yemen','en'),(248,'ZM','Zambia','en'),(249,'ZW','Zimbabwe','en');
/*!40000 ALTER TABLE `xlite_country_translations` ENABLE KEYS */;
UNLOCK TABLES;

--
-- Table structure for table `xlite_coupon_categories`
--

DROP TABLE IF EXISTS `xlite_coupon_categories`;
/*!40101 SET @saved_cs_client     = @@character_set_client */;
/*!40101 SET character_set_client = utf8 */;
CREATE TABLE `xlite_coupon_categories` (
  `coupon_id` int(10) unsigned NOT NULL,
  `category_id` int(10) unsigned NOT NULL,
  PRIMARY KEY (`coupon_id`,`category_id`),
  KEY `IDX_2EB1BB6066C5951B` (`coupon_id`),
  KEY `IDX_2EB1BB6012469DE2` (`category_id`),
  CONSTRAINT `FK_2EB1BB6012469DE2` FOREIGN KEY (`category_id`) REFERENCES `xlite_categories` (`category_id`) ON DELETE CASCADE,
  CONSTRAINT `FK_2EB1BB6066C5951B` FOREIGN KEY (`coupon_id`) REFERENCES `xlite_coupons` (`id`) ON DELETE CASCADE
) ENGINE=InnoDB DEFAULT CHARSET=utf8 COLLATE=utf8_unicode_ci;
/*!40101 SET character_set_client = @saved_cs_client */;

--
-- Dumping data for table `xlite_coupon_categories`
--

LOCK TABLES `xlite_coupon_categories` WRITE;
/*!40000 ALTER TABLE `xlite_coupon_categories` DISABLE KEYS */;
/*!40000 ALTER TABLE `xlite_coupon_categories` ENABLE KEYS */;
UNLOCK TABLES;

--
-- Table structure for table `xlite_coupons`
--

DROP TABLE IF EXISTS `xlite_coupons`;
/*!40101 SET @saved_cs_client     = @@character_set_client */;
/*!40101 SET character_set_client = utf8 */;
CREATE TABLE `xlite_coupons` (
  `id` int(10) unsigned NOT NULL AUTO_INCREMENT,
  `code` char(16) COLLATE utf8_unicode_ci NOT NULL,
  `enabled` tinyint(1) NOT NULL,
  `value` decimal(14,4) NOT NULL,
  `type` char(1) COLLATE utf8_unicode_ci NOT NULL,
  `comment` varchar(64) COLLATE utf8_unicode_ci NOT NULL,
  `uses` int(10) unsigned NOT NULL,
  `dateRangeBegin` int(10) unsigned NOT NULL,
  `dateRangeEnd` int(10) unsigned NOT NULL,
  `totalRangeBegin` decimal(14,4) NOT NULL,
  `totalRangeEnd` decimal(14,4) NOT NULL,
  `usesLimit` int(10) unsigned NOT NULL,
  `usesLimitPerUser` int(10) unsigned NOT NULL,
  `singleUse` tinyint(1) NOT NULL,
  PRIMARY KEY (`id`),
  KEY `ce` (`code`,`enabled`)
) ENGINE=InnoDB DEFAULT CHARSET=utf8 COLLATE=utf8_unicode_ci;
/*!40101 SET character_set_client = @saved_cs_client */;

--
-- Dumping data for table `xlite_coupons`
--

LOCK TABLES `xlite_coupons` WRITE;
/*!40000 ALTER TABLE `xlite_coupons` DISABLE KEYS */;
/*!40000 ALTER TABLE `xlite_coupons` ENABLE KEYS */;
UNLOCK TABLES;

--
-- Table structure for table `xlite_currencies`
--

DROP TABLE IF EXISTS `xlite_currencies`;
/*!40101 SET @saved_cs_client     = @@character_set_client */;
/*!40101 SET character_set_client = utf8 */;
CREATE TABLE `xlite_currencies` (
  `currency_id` int(10) unsigned NOT NULL,
  `code` char(3) COLLATE utf8_unicode_ci NOT NULL,
  `symbol` varchar(16) COLLATE utf8_unicode_ci NOT NULL,
  `prefix` varchar(32) COLLATE utf8_unicode_ci NOT NULL,
  `suffix` varchar(32) COLLATE utf8_unicode_ci NOT NULL,
  `e` smallint(6) NOT NULL,
  `decimalDelimiter` varchar(8) COLLATE utf8_unicode_ci NOT NULL,
  `thousandDelimiter` varchar(8) COLLATE utf8_unicode_ci NOT NULL,
  `roundUp` varchar(255) COLLATE utf8_unicode_ci NOT NULL DEFAULT 'N',
  PRIMARY KEY (`currency_id`),
  UNIQUE KEY `UNIQ_903AF16077153098` (`code`),
  KEY `code` (`code`)
) ENGINE=InnoDB DEFAULT CHARSET=utf8 COLLATE=utf8_unicode_ci;
/*!40101 SET character_set_client = @saved_cs_client */;

--
-- Dumping data for table `xlite_currencies`
--

LOCK TABLES `xlite_currencies` WRITE;
/*!40000 ALTER TABLE `xlite_currencies` DISABLE KEYS */;
INSERT INTO `xlite_currencies` VALUES (8,'ALL','L','L','',2,'.','','N'),(12,'DZD','د.ج','د.ج','',2,'.','','N'),(32,'ARS','$','$','',2,'.','','N'),(36,'AUD','$','$','',2,'.','','N'),(44,'BSD','$','$','',2,'.','','N'),(48,'BHD','.د.ب','.د.ب','',3,'.','','N'),(50,'BDT','৳','৳','',2,'.','','N'),(51,'AMD','դր.','դր.','',2,'.','','N'),(52,'BBD','$','$','',2,'.','','N'),(60,'BMD','$','$','',2,'.','','N'),(64,'BTN','Nu','Nu','',2,'.','','N'),(68,'BOB','$','$','',2,'.','','N'),(72,'BWP','P','P','',2,'.','','N'),(84,'BZD','$','$','',2,'.','','N'),(90,'SBD','$','$','',2,'.','','N'),(96,'BND','$','$','',2,'.','','N'),(104,'MMK','K','K','',2,'.','','N'),(108,'BIF','₣','₣','',0,'.','','N'),(116,'KHR','$','$','',2,'.','','N'),(124,'CAD','$','$','',2,'.','','N'),(132,'CVE','$','$','',2,'.','','N'),(136,'KYD','$','$','',2,'.','','N'),(144,'LKR','Re','Re','',2,'.','','N'),(152,'CLP','$','$','',0,'.','','N'),(156,'CNY','¥','¥','',2,'.','','N'),(170,'COP','$','$','',2,'.','','N'),(174,'KMF','₣','₣','',0,'.','','N'),(188,'CRC','₡','₡','',2,'.','','N'),(191,'HRK','Kn','Kn','',2,'.','','N'),(192,'CUP','$','$','',2,'.','','N'),(203,'CZK','Kč','Kč','',2,'.','','N'),(208,'DKK','kr','kr','',2,'.','','N'),(214,'DOP','$','$','',2,'.','','N'),(222,'SVC','₡','₡','',2,'.','','N'),(230,'ETB','Br','Br','',2,'.','','N'),(232,'ERN','Nfk','Nfk','',2,'.','','N'),(238,'FKP','£','£','',2,'.','','N'),(242,'FJD','$','$','',2,'.','','N'),(262,'DJF','₣','₣','',0,'.','','N'),(270,'GMD','D','D','',2,'.','','N'),(292,'GIP','£','£','',2,'.','','N'),(320,'GTQ','Q','Q','',2,'.','','N'),(324,'GNF','₣','₣','',0,'.','','N'),(328,'GYD','$','$','',2,'.','','N'),(332,'HTG','G','G','',2,'.','','N'),(340,'HNL','L','L','',2,'.','','N'),(344,'HKD','$','$','',2,'.','','N'),(348,'HUF','ƒ','ƒ','',2,'.','','N'),(352,'ISK','kr','kr','',0,'.','','N'),(356,'INR','₹','₹','',2,'.','','N'),(360,'IDR','Rp','Rp','',0,'.','','N'),(364,'IRR','﷼','﷼','',2,'.','','N'),(368,'IQD','ع.د','ع.د','',3,'.','','N'),(376,'ILS','₪','₪','',2,'.','','N'),(388,'JMD','$','$','',2,'.','','N'),(392,'JPY','¥','¥','',0,'.','','N'),(398,'KZT','₸','₸','',2,'.','','N'),(400,'JOD','د.ا','د.ا','',3,'.','','N'),(404,'KES','KSh','KSh','',2,'.','','N'),(408,'KPW','₩','₩','',2,'.','','N'),(410,'KRW','₩','₩','',0,'.','','N'),(414,'KWD','د.ك','د.ك','',3,'.','','N'),(417,'KGS','C','C','',2,'.','','N'),(418,'LAK','₭','₭','',2,'.','','N'),(422,'LBP','.ل.ل','.ل.ل','',2,'.','','N'),(426,'LSL','L','L','',2,'.','','N'),(428,'LVL','Ls','Ls','',2,'.','','N'),(430,'LRD','$','$','',2,'.','','N'),(434,'LYD','ل.د','ل.د','',3,'.','','N'),(440,'LTL','Lt','Lt','',2,'.','','N'),(446,'MOP','$','$','',2,'.','','N'),(454,'MWK','K','K','',2,'.','','N'),(458,'MYR','RM','RM','',2,'.','','N'),(462,'MVR','Rf','Rf','',2,'.','','N'),(478,'MRO','UM','UM','',0,'.','','N'),(480,'MUR','Re','Re','',2,'.','','N'),(484,'MXN','$','$','',2,'.','','N'),(496,'MNT','₮','₮','',2,'.','','N'),(498,'MDL','L','L','',2,'.','','N'),(504,'MAD','د. م.','د. م.','',2,'.','','N'),(512,'OMR','ر.ع.','ر.ع.','',3,'.','','N'),(516,'NAD','N$','N$','',2,'.','','N'),(524,'NPR','Re','Re','',2,'.','','N'),(532,'ANG','ƒ','ƒ','',2,'.','','N'),(533,'AWG','ƒ','ƒ','',2,'.','','N'),(548,'VUV','Vt','Vt','',0,'.','','N'),(554,'NZD','$','$','',2,'.','','N'),(558,'NIO','$','$','',2,'.','','N'),(566,'NGN','₦','₦','',2,'.','','N'),(578,'NOK','kr','kr','',2,'.','','N'),(586,'PKR','Re','Re','',2,'.','','N'),(590,'PAB','B/.','B/.','',2,'.','','N'),(598,'PGK','K','K','',2,'.','','N'),(600,'PYG','₲','₲','',0,'.','','N'),(604,'PEN','S/.','S/.','',2,'.','','N'),(608,'PHP','₱','₱','',2,'.','','N'),(634,'QAR','ر.ق','ر.ق','',2,'.','','N'),(643,'RUB','₽','','₽',2,'.','','N'),(646,'RWF','₣','₣','',0,'.','','N'),(654,'SHP','£','£','',2,'.','','N'),(678,'STD','Db','Db','',2,'.','','N'),(682,'SAR','ر.س','ر.س','',2,'.','','N'),(690,'SCR','Re','Re','',2,'.','','N'),(694,'SLL','Le','Le','',2,'.','','N'),(702,'SGD','$','$','',2,'.','','N'),(704,'VND','₫','₫','',0,'.','','N'),(706,'SOS','S','S','',2,'.','','N'),(710,'ZAR','R','R','',2,'.','','N'),(728,'SSP','SSP','SSP','',2,'.','','N'),(748,'SZL','L','L','',2,'.','','N'),(752,'SEK','kr','kr','',2,'.','','N'),(756,'CHF','₣','₣','',2,'.','','N'),(760,'SYP','S£','S£','',2,'.','','N'),(764,'THB','฿','฿','',2,'.','','N'),(776,'TOP','$','$','',2,'.','','N'),(780,'TTD','$','$','',2,'.','','N'),(784,'AED','د.إ','د.إ','',2,'.','','N'),(788,'TND','د.ت','د.ت','',3,'.','','N'),(800,'UGX','USh','USh','',2,'.','','N'),(807,'MKD','ден.','ден.','',2,'.','','N'),(818,'EGP','LE','LE','',2,'.','','N'),(826,'GBP','£','£','',2,'.','','N'),(834,'TZS','TSh','TSh','',2,'.','','N'),(840,'USD','$','$','',2,'.','','N'),(858,'UYU','$','$','',2,'.','','N'),(860,'UZS','сўм','сўм','',2,'.','','N'),(882,'WST','$','$','',2,'.','','N'),(886,'YER','﷼','﷼','',2,'.','','N'),(894,'ZMK','K','K','',2,'.','','N'),(901,'TWD','NT$','NT$','',2,'.','','N'),(932,'ZWL','Z$','Z$','',2,'.','','N'),(934,'TMT','m','m','',2,'.','','N'),(936,'GHS','₵','₵','',2,'.','','N'),(937,'VEF','Bs','Bs','',2,'.','','N'),(938,'SDG','£','£','',2,'.','','N'),(941,'RSD','дин.','дин.','',2,'.','','N'),(943,'MZN','MT','MT','',2,'.','','N'),(944,'AZN','m','m','',2,'.','','N'),(946,'RON','L','L','',2,'.','','N'),(949,'TRY','₤','₤','',2,'.','','N'),(950,'XAF','₣','₣','',0,'.','','N'),(951,'XCD','$','$','',2,'.','','N'),(952,'XOF','₣','₣','',0,'.','','N'),(953,'XPF','₣','₣','',0,'.','','N'),(968,'SRD','$','$','',2,'.','','N'),(969,'MGA','Ar.','Ar.','',0,'.','','N'),(971,'AFN','؋','؋','',2,'.','','N'),(972,'TJS','с.','с.','',2,'.','','N'),(973,'AOA','Kz','Kz','',2,'.','','N'),(974,'BYR','Br','','Br',0,'.','','N'),(975,'BGN','лв','лв','',2,'.','','N'),(976,'CDF','₣','₣','',2,'.','','N'),(977,'BAM','KM','KM','',2,'.','','N'),(978,'EUR','€','€','',2,'.','','N'),(980,'UAH','₴','₴','',2,'.','','N'),(981,'GEL','ლ.','ლ.','',2,'.','','N'),(985,'PLN','zł','zł','',2,'.','','N'),(986,'BRL','$','$','',2,'.','','N');
/*!40000 ALTER TABLE `xlite_currencies` ENABLE KEYS */;
UNLOCK TABLES;

--
-- Table structure for table `xlite_currency_translations`
--

DROP TABLE IF EXISTS `xlite_currency_translations`;
/*!40101 SET @saved_cs_client     = @@character_set_client */;
/*!40101 SET character_set_client = utf8 */;
CREATE TABLE `xlite_currency_translations` (
  `label_id` int(11) NOT NULL AUTO_INCREMENT,
  `id` int(10) unsigned DEFAULT NULL,
  `name` varchar(255) COLLATE utf8_unicode_ci NOT NULL,
  `code` char(2) COLLATE utf8_unicode_ci NOT NULL,
  PRIMARY KEY (`label_id`),
  KEY `ci` (`code`,`id`),
  KEY `id` (`id`),
  CONSTRAINT `FK_E560C647BF396750` FOREIGN KEY (`id`) REFERENCES `xlite_currencies` (`currency_id`) ON DELETE CASCADE
) ENGINE=InnoDB AUTO_INCREMENT=159 DEFAULT CHARSET=utf8 COLLATE=utf8_unicode_ci;
/*!40101 SET character_set_client = @saved_cs_client */;

--
-- Dumping data for table `xlite_currency_translations`
--

LOCK TABLES `xlite_currency_translations` WRITE;
/*!40000 ALTER TABLE `xlite_currency_translations` DISABLE KEYS */;
INSERT INTO `xlite_currency_translations` VALUES (1,784,'UAE Dirham','en'),(2,971,'Afghani','en'),(3,8,'Lek','en'),(4,51,'Armenian Dram','en'),(5,532,'Netherlands Antillian Guilder','en'),(6,973,'Kwanza','en'),(7,32,'Argentine Peso','en'),(8,36,'Australian Dollar','en'),(9,533,'Aruban Guilder','en'),(10,944,'Azerbaijanian Manat','en'),(11,977,'Convertible Marks','en'),(12,52,'Barbados Dollar','en'),(13,50,'Bangladesh Taka','en'),(14,975,'Bulgarian Lev','en'),(15,48,'Bahraini dinar','en'),(16,108,'Burundi Franc','en'),(17,60,'Bermudian Dollar','en'),(18,96,'Brunei Dollar','en'),(19,68,'Boliviano','en'),(20,986,'Brazilian Real','en'),(21,44,'Bahamian dollar','en'),(22,64,'Ngultrum','en'),(23,72,'Botswana Pula','en'),(24,974,'Belarussian Rouble','en'),(25,84,'Belize Dollar','en'),(26,124,'Canadian Dollar','en'),(27,976,'Franc Congolais','en'),(28,756,'Swiss Franc','en'),(29,152,'Chilean Peso','en'),(30,156,'Chinese Renminbi Yuan','en'),(31,170,'Colombian Peso','en'),(32,188,'Cost Rican Colon','en'),(33,192,'Cuban Peso','en'),(34,132,'Cape Verde Escudo','en'),(35,203,'Czech Koruna','en'),(36,262,'Djibouti Franc','en'),(37,208,'Danish Krone','en'),(38,214,'Dominican Peso','en'),(39,12,'Algerian Dinar','en'),(40,818,'Egyptian Pound','en'),(41,232,'Nakfa','en'),(42,230,'Ethiopian Birr','en'),(43,978,'Euro','en'),(44,242,'Fiji Dollar','en'),(45,238,'Falkland Islands Pound','en'),(46,826,'Pound Sterling','en'),(47,981,'Lari','en'),(48,936,'Ghana Cedi','en'),(49,292,'Gilbraltar Pound','en'),(50,270,'Dalasi','en'),(51,324,'Guinea Franc','en'),(52,320,'Quetzal','en'),(53,328,'Guyana Dollar','en'),(54,344,'Hong Kong Dollar','en'),(55,340,'Lempira','en'),(56,191,'Croatian Kuna','en'),(57,332,'Gourde','en'),(58,348,'Hungary Forint','en'),(59,360,'Indonesian Rupiah','en'),(60,376,'New Israeli Sheqel','en'),(61,356,'Indian Rupee','en'),(62,368,'Iraqi Dinar','en'),(63,364,'Iranian Rial','en'),(64,352,'Iceland Krona','en'),(65,388,'Jamaican Dollar','en'),(66,400,'Jordanian Dinar','en'),(67,392,'Japanese Yen','en'),(68,404,'Kenyan Shilling','en'),(69,417,'Son','en'),(70,116,'Cambodian riel','en'),(71,174,'Comoro Franc','en'),(72,408,'North Korean Won','en'),(73,410,'South Korean Won','en'),(74,414,'Kuwaiti Dinar','en'),(75,136,'Cayman Islands Dollar','en'),(76,398,'Tenge','en'),(77,418,'Kip','en'),(78,422,'Lebanese Pound','en'),(79,144,'Sri Lanka Rupee','en'),(80,430,'Liberian Dollar','en'),(81,426,'Loti','en'),(82,440,'Lithuanian Litus','en'),(83,428,'Latvian Lats','en'),(84,434,'Libyan Dinar','en'),(85,504,'Moroccan Dirham','en'),(86,498,'Moldovan Leu','en'),(87,969,'Malagasy Ariary','en'),(88,807,'Denar','en'),(89,104,'Kyat','en'),(90,496,'Tugrik','en'),(91,446,'Pataca','en'),(92,478,'Ouguiya','en'),(93,480,'Mauritius Rupee','en'),(94,462,'Rufiyaa','en'),(95,454,'Malawian kwacha','en'),(96,484,'Mexican Peso','en'),(97,458,'Ringgit Malaysia','en'),(98,943,'Mozambique Metical','en'),(99,516,'Namibia Dollar','en'),(100,566,'Naira','en'),(101,558,'Cordoba Oro','en'),(102,578,'Norwegian Krone','en'),(103,524,'Nepalese Rupee','en'),(104,554,'New Zealand Dollar','en'),(105,512,'Rial Omani','en'),(106,590,'Balboa','en'),(107,604,'Nuevo Sol','en'),(108,598,'Kina','en'),(109,608,'Philippine Peso','en'),(110,586,'Pakistan Rupee','en'),(111,985,'Polish Zloty','en'),(112,600,'Guarani','en'),(113,634,'Qatari Rial','en'),(114,946,'Romanian Leu','en'),(115,941,'Serbian Dinar','en'),(116,643,'Russian Ruble','en'),(117,646,'Rwanda Franc','en'),(118,682,'Saudi Riyal','en'),(119,90,'Solomon Islands Dollar','en'),(120,690,'Seychelles Rupee','en'),(121,938,'Sudanese Pound','en'),(122,752,'Swedish Krona','en'),(123,702,'Singapore Dollar','en'),(124,654,'Saint Helena Pound','en'),(125,694,'Leone','en'),(126,706,'Somali Shilling','en'),(127,968,'Surinam Dollar','en'),(128,728,'South Sudanese Pound','en'),(129,678,'Dobra','en'),(130,222,'El Salvador Colon','en'),(131,760,'Syrian Pound','en'),(132,748,'Lilangeni','en'),(133,764,'Thailand Baht','en'),(134,972,'Somoni','en'),(135,934,'Turkmenistan New Manat','en'),(136,788,'Tunisian Dinar','en'),(137,776,'Pa\'anga','en'),(138,949,'Turkish Lira','en'),(139,780,'Trinidad and Tobago Dollar','en'),(140,901,'New Taiwan Dollar','en'),(141,834,'Tanzanian Shilling','en'),(142,980,'Hryvnia','en'),(143,800,'Uganda Shilling','en'),(144,840,'US Dollar','en'),(145,858,'Peso Uruguayo','en'),(146,860,'Uzbekistan som','en'),(147,937,'Bolivar Fuerte','en'),(148,704,'Vietnamese Dong','en'),(149,548,'Vatu','en'),(150,882,'Tala','en'),(151,950,'CFA Franc BEAC','en'),(152,951,'East Caribbean Dollar','en'),(153,952,'CFA Franc BCEAO','en'),(154,953,'CFP Franc','en'),(155,886,'Yemeni Rial','en'),(156,710,'South Africa Rand','en'),(157,894,'Zambian kwacha','en'),(158,932,'Zimbabwe Dollar','en');
/*!40000 ALTER TABLE `xlite_currency_translations` ENABLE KEYS */;
UNLOCK TABLES;

--
-- Table structure for table `xlite_custom_global_tab_translation`
--

DROP TABLE IF EXISTS `xlite_custom_global_tab_translation`;
/*!40101 SET @saved_cs_client     = @@character_set_client */;
/*!40101 SET character_set_client = utf8 */;
CREATE TABLE `xlite_custom_global_tab_translation` (
  `label_id` int(11) NOT NULL AUTO_INCREMENT,
  `id` int(10) unsigned DEFAULT NULL,
  `name` varchar(255) COLLATE utf8_unicode_ci NOT NULL,
  `brief_info` longtext COLLATE utf8_unicode_ci NOT NULL,
  `content` longtext COLLATE utf8_unicode_ci NOT NULL,
  `code` char(2) COLLATE utf8_unicode_ci NOT NULL,
  PRIMARY KEY (`label_id`),
  KEY `IDX_A95B1F3CBF396750` (`id`),
  CONSTRAINT `FK_A95B1F3CBF396750` FOREIGN KEY (`id`) REFERENCES `xlite_custom_global_tabs` (`id`) ON DELETE CASCADE
) ENGINE=InnoDB AUTO_INCREMENT=7 DEFAULT CHARSET=utf8 COLLATE=utf8_unicode_ci;
/*!40101 SET character_set_client = @saved_cs_client */;

--
-- Dumping data for table `xlite_custom_global_tab_translation`
--

LOCK TABLES `xlite_custom_global_tab_translation` WRITE;
/*!40000 ALTER TABLE `xlite_custom_global_tab_translation` DISABLE KEYS */;
INSERT INTO `xlite_custom_global_tab_translation` VALUES (1,1,'Shipping info','We deliver worldwide','To replace this text with your store\'s actual shipping info, go to \"Catalog -> Product tabs\" and edit the Shipping info page.','en'),(2,1,'Доставка','Мы доставляем по всему миру','Для замены данного текста на настоящий текст информации о доставке товаров из вашего магазина, перейдите в секцию \"Каталог -> Вкладки страницы товара\" и редактируйте страницу \"Доставка\".','ru'),(3,2,'Payment methods','<p><img class=\"fr-draggable fr-dii fr-fil\" src=\"skins/customer/images/demo/tabs/logos-payments-tab.png\" alt=\"Accepted payment methods\" style=\"width:300px;\" /></p>','<p>We accept the following payment methods:</p><p><img class=\"fr-draggable fr-dii\" src=\"skins/customer/images/demo/tabs/logos-payments-tab.png\" style=\"width:400px;\" /></p><p>To replace this text with your store\'s actual info on payment methods, go to \"Catalog -&gt; Product tabs\" and edit the Payment methods page.</p>','en'),(4,2,'Способы оплаты','<p><img class=\"fr-draggable fr-dii fr-fil\" src=\"skins/customer/images/demo/tabs/logos-payments-tab.png\" alt=\"Методы оплаты\" style=\"width:300px;\" /></p>','<p>Мы принимаем следующие способы оплаты:</p><p><img class=\"fr-draggable fr-dii\" src=\"skins/customer/images/demo/tabs/logos-payments-tab.png\" style=\"width:400px;\" /></p><p>Для замены данного текста на настоящий текст информации о способах оплаты для вашего магазина, перейдите в секцию \"Каталог -> Вкладки страницы товара\" и редактируйте страницу \"Способы оплаты\".</p>','ru'),(5,3,'Return Policy','We accept returns','This page is intended for your policy regarding returns and refunds.<br/><br/> Here you can provide information as to what products can be returned, how many days your customers have to return their purchase, whether they will receive a refund in the original form of payment, a replacement or a store credit, who pays for the shipping of the previously purchased products to the store, and so on.<br/><br/> To replace this text with your store\'s actual return policy, go to \"Catalog -> Product tabs\" and edit the Return Policy page.','en'),(6,3,'Правила обмена и возврата','Мы принимаем возвраты','Данная страница предназначена для размещения информации о правилах обмена и возврата товаров.<br/><br/> Здесь вы можете указать, возврат каких товаров может быть осуществлен, в пределах какого срока ваши покупатели могут вернуть приобретенный товар, будет ли осуществлен возврат средств на исходный метод оплаты, либо же будет осуществлена замена товара или возврат средств в форме товарного кредита, кто оплачивает доставку ранее купленного товара обратно в магазин, и так далее.<br/><br/> Для замены данного текста на настоящий текст правил обмена и возврата товаров для вашего магазина, перейдите в секцию \"Каталог -> Вкладки страницы товара\" и редактируйте страницу \"Правила обмена и возврата\".','ru');
/*!40000 ALTER TABLE `xlite_custom_global_tab_translation` ENABLE KEYS */;
UNLOCK TABLES;

--
-- Table structure for table `xlite_custom_global_tabs`
--

DROP TABLE IF EXISTS `xlite_custom_global_tabs`;
/*!40101 SET @saved_cs_client     = @@character_set_client */;
/*!40101 SET character_set_client = utf8 */;
CREATE TABLE `xlite_custom_global_tabs` (
  `id` int(10) unsigned NOT NULL AUTO_INCREMENT,
  `global_tab_id` int(10) unsigned DEFAULT NULL,
  PRIMARY KEY (`id`),
  UNIQUE KEY `UNIQ_5C09BCAD629D8673` (`global_tab_id`),
  CONSTRAINT `FK_5C09BCAD629D8673` FOREIGN KEY (`global_tab_id`) REFERENCES `xlite_global_product_tabs` (`id`) ON DELETE CASCADE
) ENGINE=InnoDB AUTO_INCREMENT=4 DEFAULT CHARSET=utf8 COLLATE=utf8_unicode_ci;
/*!40101 SET character_set_client = @saved_cs_client */;

--
-- Dumping data for table `xlite_custom_global_tabs`
--

LOCK TABLES `xlite_custom_global_tabs` WRITE;
/*!40000 ALTER TABLE `xlite_custom_global_tabs` DISABLE KEYS */;
INSERT INTO `xlite_custom_global_tabs` VALUES (1,5),(2,6),(3,7);
/*!40000 ALTER TABLE `xlite_custom_global_tabs` ENABLE KEYS */;
UNLOCK TABLES;

--
-- Table structure for table `xlite_customer_attachments_storage`
--

DROP TABLE IF EXISTS `xlite_customer_attachments_storage`;
/*!40101 SET @saved_cs_client     = @@character_set_client */;
/*!40101 SET character_set_client = utf8 */;
CREATE TABLE `xlite_customer_attachments_storage` (
  `id` int(10) unsigned NOT NULL AUTO_INCREMENT,
  `item_id` int(11) DEFAULT NULL,
  `path` varchar(512) COLLATE utf8_unicode_ci NOT NULL,
  `fileName` varchar(255) COLLATE utf8_unicode_ci NOT NULL,
  `mime` varchar(128) COLLATE utf8_unicode_ci NOT NULL,
  `storageType` varchar(1) COLLATE utf8_unicode_ci NOT NULL,
  `size` int(10) unsigned NOT NULL,
  `date` int(10) unsigned NOT NULL,
  PRIMARY KEY (`id`),
  KEY `IDX_ACB714E4126F525E` (`item_id`),
  CONSTRAINT `FK_ACB714E4126F525E` FOREIGN KEY (`item_id`) REFERENCES `xlite_order_items` (`item_id`)
) ENGINE=InnoDB DEFAULT CHARSET=utf8 COLLATE=utf8_unicode_ci;
/*!40101 SET character_set_client = @saved_cs_client */;

--
-- Dumping data for table `xlite_customer_attachments_storage`
--

LOCK TABLES `xlite_customer_attachments_storage` WRITE;
/*!40000 ALTER TABLE `xlite_customer_attachments_storage` DISABLE KEYS */;
/*!40000 ALTER TABLE `xlite_customer_attachments_storage` ENABLE KEYS */;
UNLOCK TABLES;

--
-- Table structure for table `xlite_data_source_parameters`
--

DROP TABLE IF EXISTS `xlite_data_source_parameters`;
/*!40101 SET @saved_cs_client     = @@character_set_client */;
/*!40101 SET character_set_client = utf8 */;
CREATE TABLE `xlite_data_source_parameters` (
  `id` int(10) unsigned NOT NULL AUTO_INCREMENT,
  `data_source_id` int(10) unsigned DEFAULT NULL,
  `name` varchar(255) COLLATE utf8_unicode_ci NOT NULL,
  `value` longtext COLLATE utf8_unicode_ci NOT NULL,
  PRIMARY KEY (`id`),
  KEY `IDX_6D9196CA1A935C57` (`data_source_id`),
  CONSTRAINT `FK_6D9196CA1A935C57` FOREIGN KEY (`data_source_id`) REFERENCES `xlite_data_sources` (`id`) ON DELETE CASCADE
) ENGINE=InnoDB DEFAULT CHARSET=utf8 COLLATE=utf8_unicode_ci;
/*!40101 SET character_set_client = @saved_cs_client */;

--
-- Dumping data for table `xlite_data_source_parameters`
--

LOCK TABLES `xlite_data_source_parameters` WRITE;
/*!40000 ALTER TABLE `xlite_data_source_parameters` DISABLE KEYS */;
/*!40000 ALTER TABLE `xlite_data_source_parameters` ENABLE KEYS */;
UNLOCK TABLES;

--
-- Table structure for table `xlite_data_sources`
--

DROP TABLE IF EXISTS `xlite_data_sources`;
/*!40101 SET @saved_cs_client     = @@character_set_client */;
/*!40101 SET character_set_client = utf8 */;
CREATE TABLE `xlite_data_sources` (
  `id` int(10) unsigned NOT NULL AUTO_INCREMENT,
  `type` varchar(255) COLLATE utf8_unicode_ci NOT NULL,
  PRIMARY KEY (`id`)
) ENGINE=InnoDB DEFAULT CHARSET=utf8 COLLATE=utf8_unicode_ci;
/*!40101 SET character_set_client = @saved_cs_client */;

--
-- Dumping data for table `xlite_data_sources`
--

LOCK TABLES `xlite_data_sources` WRITE;
/*!40000 ALTER TABLE `xlite_data_sources` DISABLE KEYS */;
/*!40000 ALTER TABLE `xlite_data_sources` ENABLE KEYS */;
UNLOCK TABLES;

--
-- Table structure for table `xlite_entity_type_versions`
--

DROP TABLE IF EXISTS `xlite_entity_type_versions`;
/*!40101 SET @saved_cs_client     = @@character_set_client */;
/*!40101 SET character_set_client = utf8 */;
CREATE TABLE `xlite_entity_type_versions` (
  `id` int(11) NOT NULL AUTO_INCREMENT,
  `entityType` varchar(255) COLLATE utf8_unicode_ci NOT NULL,
  `version` char(36) COLLATE utf8_unicode_ci NOT NULL COMMENT '(DC2Type:guid)',
  PRIMARY KEY (`id`),
  UNIQUE KEY `UNIQ_4A1BBA741F08814A` (`entityType`)
) ENGINE=InnoDB AUTO_INCREMENT=1009 DEFAULT CHARSET=utf8 COLLATE=utf8_unicode_ci;
/*!40101 SET character_set_client = @saved_cs_client */;

--
-- Dumping data for table `xlite_entity_type_versions`
--

LOCK TABLES `xlite_entity_type_versions` WRITE;
/*!40000 ALTER TABLE `xlite_entity_type_versions` DISABLE KEYS */;
INSERT INTO `xlite_entity_type_versions` VALUES (1,'XLite\\Model\\Config','3baca499-5257-453e-a95d-08d8ab6f69bc'),(2,'XLite\\Model\\ConfigTranslation','a2b493d2-96ac-4f36-bced-4160c5c43a3e'),(3,'XLite\\Model\\Category','3a22caa7-4826-4c9c-9d8e-93b1bc000101'),(4,'XLite\\Model\\CategoryTranslation','63920e3e-d561-4556-a385-296faffb9df2'),(5,'XLite\\Model\\Category\\QuickFlags','af00c210-d215-4510-bb33-2d411a7a5b65'),(6,'XLite\\Model\\Currency','6c86c433-a969-42f7-b103-d77ade49a606'),(7,'XLite\\Model\\CurrencyTranslation','f24ef8a4-52e9-4e86-a4e8-00c97f5853f3'),(8,'XLite\\Model\\Membership','c70f3e18-1fe7-424c-ba59-8872e32b38ce'),(9,'XLite\\Model\\MembershipTranslation','04b05548-f430-454f-a829-66f1275c1168'),(10,'XLite\\Model\\Language','57b942a7-308b-4f04-9dc0-b98b2878ba5e'),(11,'XLite\\Model\\LanguageTranslation','5c52d211-5f78-49ec-9cb4-84d86cd9215f'),(12,'XLite\\Model\\Payment\\Method','5ca70441-ed42-45ae-bd44-bed59ed0c882'),(13,'XLite\\Model\\Payment\\MethodTranslation','adc1757c-c8d9-404f-ad20-d0dc7978c6f9'),(14,'XLite\\Model\\Region','7f96a6c1-764c-487d-ae6a-532a1680cdc3'),(15,'XLite\\Model\\Country','8b7e237b-a771-4589-904a-75c5a68a277f'),(16,'XLite\\Model\\CountryTranslation','4eefe7f8-36d1-4253-886d-ebe71ed72568'),(17,'XLite\\Model\\State','518e4fa5-33f7-44cc-a5da-37e1d5c76013'),(19,'XLite\\Model\\Order\\Modifier','dfe78e53-15f1-41b9-a0d4-4d55a6108cd4'),(20,'XLite\\Model\\Task','ab699962-aa63-4b96-95dc-21271be8a4bf'),(21,'XLite\\Model\\Role','03daea1d-434b-4232-a624-0c933c3db152'),(22,'XLite\\Model\\RoleTranslation','1bab6878-bbdc-495e-bb27-0b6517edd178'),(23,'XLite\\Model\\Role\\Permission','f954f514-cb82-4844-84cf-adc809bac171'),(24,'XLite\\Model\\Role\\PermissionTranslation','ffe333e9-66c1-4177-8ead-19a8b0223e6f'),(27,'XLite\\Model\\AddressField','a8fee4d9-9337-420b-974d-eb1447c26ee8'),(28,'XLite\\Model\\AddressFieldTranslation','ce5afa1c-4072-49a4-a764-534299543925'),(29,'XLite\\Model\\MoneyModificator','1e037344-274c-4363-9bae-9d145f3f365b'),(30,'XLite\\Model\\Order\\Status\\Payment','842753b4-41fb-4d4d-aa5f-62967b0486ac'),(31,'XLite\\Model\\Order\\Status\\PaymentTranslation','48dd5784-6ee4-4abb-b7ab-b8a695559b47'),(32,'XLite\\Model\\Order\\Status\\Shipping','3526b5bf-85c2-4c81-953e-3cbea496108b'),(33,'XLite\\Model\\Order\\Status\\ShippingTranslation','5ba0bec4-f486-4f05-8a06-01d69c69ed65'),(34,'XLite\\Model\\Order\\Status\\Property','d47e8a9e-83e0-4b60-bb68-5a303564bada'),(35,'XLite\\Model\\Notification','f8985970-28bc-4ff8-bba4-21ce6a1881f0'),(36,'XLite\\Model\\NotificationTranslation','82e92ce9-cb0a-4bca-abfd-33bae7242b00'),(37,'XLite\\Model\\ImageSettings','72b27484-2b11-416f-9c2d-d737817d4261'),(38,'XLite\\Model\\SearchFilter','af43f1bb-586e-4fed-85d9-73291cd4dda7'),(39,'XLite\\Model\\SearchFilterTranslation','53091169-745b-4fe8-ae4a-9b6949923818'),(40,'XLite\\Model\\AccessControlEntityType','c6dc3c19-ca6a-4160-af02-398e6b632b65'),(41,'XLite\\Model\\AccessControlZoneType','7802bb7e-8311-49fb-bf1a-e816169ff2cb'),(42,'XLite\\Model\\Product\\GlobalTab','c693f698-4c2b-48fd-bf29-d7bf23089c00'),(43,'XLite\\Model\\Product\\GlobalTabProvider','1cedfaeb-bb3f-484e-9710-03d71d99dbe1'),(46,'XLite\\Model\\LanguageLabel','328e69e7-6b7a-41d2-ade5-51b87a94b0da'),(47,'XLite\\Model\\LanguageLabelTranslation','6985f303-3c19-4059-bcb5-98ae28fca7c1'),(50,'XLite\\Model\\Payment\\MethodSetting','86b50c26-5241-49ad-b0ca-3a6aa1f160c4'),(55,'XLite\\Model\\Shipping\\Method','0ff07ccc-a932-4c9d-ab77-22c5dd3bb86e'),(56,'XLite\\Model\\Shipping\\MethodTranslation','05982287-df77-48c3-a264-d067af1b887c'),(162,'XLite\\Module\\CDev\\SimpleCMS\\Model\\Page','6688f380-2965-4b2f-a74b-4a7778e864aa'),(163,'XLite\\Model\\CleanURL','3e235533-dfdd-49af-80b0-ac77b3e9898c'),(164,'XLite\\Module\\CDev\\SimpleCMS\\Model\\PageTranslation','8e9e645e-c6c2-484e-bc60-b259f5eedea5'),(165,'XLite\\Module\\CDev\\SimpleCMS\\Model\\Menu','ab0dfc77-15e2-4356-b6a0-5c470db6616f'),(167,'XLite\\Module\\CDev\\SimpleCMS\\Model\\MenuTranslation','634ee133-4033-4e2c-bc48-38d806ec6e8d'),(169,'XLite\\Module\\CDev\\SimpleCMS\\Model\\Menu\\QuickFlags','d5022d4b-c7fb-465f-a4f6-0d362dbafb5c'),(381,'XLite\\Model\\Product','9c443e82-3228-4e8f-b112-df39dd3d841f'),(382,'XLite\\Model\\QuickData','ab0bae7b-4fc9-4956-b39f-d3e0193d662e'),(384,'XLite\\Model\\Image\\Product\\Image','e21ce53b-03d5-484f-b5df-bca5cdff9392'),(385,'XLite\\Model\\ProductTranslation','618b4ade-c113-455b-9771-b80d42c5eeba'),(636,'XLite\\Model\\Image\\Category\\Image','c14b1ff7-19dd-4666-8f2c-7b92c366d461'),(637,'XLite\\Model\\Image\\Category\\Banner','ca4ad7b3-546f-4c9b-80cc-d592c4c4a41f'),(644,'XLite\\Model\\CategoryProducts','6c16066c-e4ed-46ae-b835-cda4486c624f'),(762,'XLite\\Model\\BannerRotationSlide','1bbf4f80-76cf-4025-b14e-026eba1615b9'),(763,'XLite\\Model\\Image\\BannerRotationImage','3e9fc270-09cb-4d54-9d3d-9500abe7d4e8'),(764,'XLite\\Module\\XC\\CustomProductTabs\\Model\\Product\\CustomGlobalTab','9f026910-6b68-4b6a-ab65-5cf64b4e0956'),(767,'XLite\\Module\\XC\\CustomProductTabs\\Model\\Product\\CustomGlobalTabTranslation','1cfce447-515e-43f3-869c-389a617031e8'),(777,'XLite\\Module\\CDev\\FeaturedProducts\\Model\\FeaturedProduct','513152a7-52f3-43b4-80d4-c1ca37bddc4a'),(861,'XLite\\Model\\Order','c493a4d3-8250-495e-ba7a-fb2bfbd99011'),(862,'XLite\\Model\\Zone','c81ad2ba-9e2a-4ee1-913c-e06a817d0a83'),(863,'XLite\\Model\\ZoneElement','732b5393-486d-4b0a-a35c-c2fef79d4420'),(866,'XLite\\Model\\Shipping\\Markup','b5c2ef47-ae32-4931-b957-c2d6d665fab8'),(867,'XLite\\Model\\Profile','8fa6fd74-30ca-4e18-9140-af80618c2c85'),(868,'XLite\\Model\\Address','d213e70b-3a9c-42ca-ae27-75dbf29a9ba7'),(869,'XLite\\Model\\AddressFieldValue','7a552d83-e283-43be-90cb-e5900fc472a6'),(873,'XLite\\Model\\Payment\\Transaction','e449075c-0d1e-4fc6-b909-c790fe7b00a0'),(874,'XLite\\Model\\OrderItem','e63d7afe-ec38-43cf-935d-b61dfe4c6393'),(876,'XLite\\Model\\Order\\Surcharge','d8fb8021-db71-4969-a133-fdec5d30f737'),(877,'XLite\\Model\\OrderHistoryEvents','3ea497eb-f39d-4d28-a42a-baed12d34b99'),(900,'XLite\\Model\\Payment\\TransactionData','b143d40b-db8f-4304-b82d-7f99363305fd'),(937,'XLite\\Model\\ViewList','0649789a-9a20-4cd6-9f95-cef0c3b84d4f');
/*!40000 ALTER TABLE `xlite_entity_type_versions` ENABLE KEYS */;
UNLOCK TABLES;

--
-- Table structure for table `xlite_event_tasks`
--

DROP TABLE IF EXISTS `xlite_event_tasks`;
/*!40101 SET @saved_cs_client     = @@character_set_client */;
/*!40101 SET character_set_client = utf8 */;
CREATE TABLE `xlite_event_tasks` (
  `id` int(10) unsigned NOT NULL AUTO_INCREMENT,
  `name` varchar(128) COLLATE utf8_unicode_ci NOT NULL,
  `arguments` longtext COLLATE utf8_unicode_ci NOT NULL COMMENT '(DC2Type:array)',
  PRIMARY KEY (`id`)
) ENGINE=InnoDB DEFAULT CHARSET=utf8 COLLATE=utf8_unicode_ci;
/*!40101 SET character_set_client = @saved_cs_client */;

--
-- Dumping data for table `xlite_event_tasks`
--

LOCK TABLES `xlite_event_tasks` WRITE;
/*!40000 ALTER TABLE `xlite_event_tasks` DISABLE KEYS */;
/*!40000 ALTER TABLE `xlite_event_tasks` ENABLE KEYS */;
UNLOCK TABLES;

--
-- Table structure for table `xlite_featured_products`
--

DROP TABLE IF EXISTS `xlite_featured_products`;
/*!40101 SET @saved_cs_client     = @@character_set_client */;
/*!40101 SET character_set_client = utf8 */;
CREATE TABLE `xlite_featured_products` (
  `id` int(11) NOT NULL AUTO_INCREMENT,
  `product_id` int(10) unsigned DEFAULT NULL,
  `category_id` int(10) unsigned DEFAULT NULL,
  `orderBy` int(11) NOT NULL,
  PRIMARY KEY (`id`),
  UNIQUE KEY `pair` (`category_id`,`product_id`),
  KEY `IDX_CE976A6E4584665A` (`product_id`),
  KEY `IDX_CE976A6E12469DE2` (`category_id`),
  CONSTRAINT `FK_CE976A6E12469DE2` FOREIGN KEY (`category_id`) REFERENCES `xlite_categories` (`category_id`) ON DELETE CASCADE,
  CONSTRAINT `FK_CE976A6E4584665A` FOREIGN KEY (`product_id`) REFERENCES `xlite_products` (`product_id`) ON DELETE CASCADE
) ENGINE=InnoDB AUTO_INCREMENT=9 DEFAULT CHARSET=utf8 COLLATE=utf8_unicode_ci;
/*!40101 SET character_set_client = @saved_cs_client */;

--
-- Dumping data for table `xlite_featured_products`
--

LOCK TABLES `xlite_featured_products` WRITE;
/*!40000 ALTER TABLE `xlite_featured_products` DISABLE KEYS */;
INSERT INTO `xlite_featured_products` VALUES (1,14,1,10),(2,29,1,20),(3,42,1,30),(4,31,1,40),(5,35,1,50),(6,25,1,60),(7,21,1,70),(8,2,1,80);
/*!40000 ALTER TABLE `xlite_featured_products` ENABLE KEYS */;
UNLOCK TABLES;

--
-- Table structure for table `xlite_form_ids`
--

DROP TABLE IF EXISTS `xlite_form_ids`;
/*!40101 SET @saved_cs_client     = @@character_set_client */;
/*!40101 SET character_set_client = utf8 */;
CREATE TABLE `xlite_form_ids` (
  `id` int(11) NOT NULL AUTO_INCREMENT,
  `session_id` int(11) DEFAULT NULL,
  `form_id` varchar(32) COLLATE utf8_unicode_ci NOT NULL,
  `date` int(11) NOT NULL,
  PRIMARY KEY (`id`),
  UNIQUE KEY `fs` (`form_id`,`session_id`),
  KEY `session_id` (`session_id`),
  CONSTRAINT `FK_AD266A12613FECDF` FOREIGN KEY (`session_id`) REFERENCES `xlite_sessions` (`id`) ON DELETE CASCADE
) ENGINE=InnoDB DEFAULT CHARSET=utf8 COLLATE=utf8_unicode_ci;
/*!40101 SET character_set_client = @saved_cs_client */;

--
-- Dumping data for table `xlite_form_ids`
--

LOCK TABLES `xlite_form_ids` WRITE;
/*!40000 ALTER TABLE `xlite_form_ids` DISABLE KEYS */;
/*!40000 ALTER TABLE `xlite_form_ids` ENABLE KEYS */;
UNLOCK TABLES;

--
-- Table structure for table `xlite_global_product_tab_provider`
--

DROP TABLE IF EXISTS `xlite_global_product_tab_provider`;
/*!40101 SET @saved_cs_client     = @@character_set_client */;
/*!40101 SET character_set_client = utf8 */;
CREATE TABLE `xlite_global_product_tab_provider` (
  `id` int(10) unsigned NOT NULL AUTO_INCREMENT,
  `tab_id` int(10) unsigned DEFAULT NULL,
  `code` varchar(255) COLLATE utf8_unicode_ci DEFAULT NULL,
  PRIMARY KEY (`id`),
  KEY `IDX_5120A7CB8D0C9323` (`tab_id`),
  CONSTRAINT `FK_5120A7CB8D0C9323` FOREIGN KEY (`tab_id`) REFERENCES `xlite_global_product_tabs` (`id`) ON DELETE CASCADE
) ENGINE=InnoDB AUTO_INCREMENT=8 DEFAULT CHARSET=utf8 COLLATE=utf8_unicode_ci;
/*!40101 SET character_set_client = @saved_cs_client */;

--
-- Dumping data for table `xlite_global_product_tab_provider`
--

LOCK TABLES `xlite_global_product_tab_provider` WRITE;
/*!40000 ALTER TABLE `xlite_global_product_tab_provider` DISABLE KEYS */;
INSERT INTO `xlite_global_product_tab_provider` VALUES (1,1,'Core'),(2,2,'Core'),(3,3,'CDev-GoSocial'),(4,4,'XC-Reviews'),(5,5,'Core'),(6,6,'Core'),(7,7,'Core');
/*!40000 ALTER TABLE `xlite_global_product_tab_provider` ENABLE KEYS */;
UNLOCK TABLES;

--
-- Table structure for table `xlite_global_product_tabs`
--

DROP TABLE IF EXISTS `xlite_global_product_tabs`;
/*!40101 SET @saved_cs_client     = @@character_set_client */;
/*!40101 SET character_set_client = utf8 */;
CREATE TABLE `xlite_global_product_tabs` (
  `id` int(10) unsigned NOT NULL AUTO_INCREMENT,
  `enabled` tinyint(1) NOT NULL,
  `link` varchar(255) COLLATE utf8_unicode_ci DEFAULT NULL,
  `position` int(11) NOT NULL,
  `service_name` varchar(255) COLLATE utf8_unicode_ci DEFAULT NULL,
  PRIMARY KEY (`id`),
  UNIQUE KEY `service_name` (`service_name`)
) ENGINE=InnoDB AUTO_INCREMENT=8 DEFAULT CHARSET=utf8 COLLATE=utf8_unicode_ci;
/*!40101 SET character_set_client = @saved_cs_client */;

--
-- Dumping data for table `xlite_global_product_tabs`
--

LOCK TABLES `xlite_global_product_tabs` WRITE;
/*!40000 ALTER TABLE `xlite_global_product_tabs` DISABLE KEYS */;
INSERT INTO `xlite_global_product_tabs` VALUES (1,1,NULL,10,'Description'),(2,1,NULL,20,'Specification'),(3,1,NULL,30,'Comments'),(4,1,NULL,60,'Reviews'),(5,1,'Shipping_info',60,NULL),(6,1,'Payment_methods',70,NULL),(7,1,'Return_Policy',80,NULL);
/*!40000 ALTER TABLE `xlite_global_product_tabs` ENABLE KEYS */;
UNLOCK TABLES;

--
-- Table structure for table `xlite_iframe_contents`
--

DROP TABLE IF EXISTS `xlite_iframe_contents`;
/*!40101 SET @saved_cs_client     = @@character_set_client */;
/*!40101 SET character_set_client = utf8 */;
CREATE TABLE `xlite_iframe_contents` (
  `id` int(10) unsigned NOT NULL AUTO_INCREMENT,
  `url` varchar(255) COLLATE utf8_unicode_ci NOT NULL,
  `method` varchar(16) COLLATE utf8_unicode_ci NOT NULL,
  `data` longtext COLLATE utf8_unicode_ci NOT NULL COMMENT '(DC2Type:array)',
  PRIMARY KEY (`id`)
) ENGINE=InnoDB DEFAULT CHARSET=utf8 COLLATE=utf8_unicode_ci;
/*!40101 SET character_set_client = @saved_cs_client */;

--
-- Dumping data for table `xlite_iframe_contents`
--

LOCK TABLES `xlite_iframe_contents` WRITE;
/*!40000 ALTER TABLE `xlite_iframe_contents` DISABLE KEYS */;
/*!40000 ALTER TABLE `xlite_iframe_contents` ENABLE KEYS */;
UNLOCK TABLES;

--
-- Table structure for table `xlite_images_settings`
--

DROP TABLE IF EXISTS `xlite_images_settings`;
/*!40101 SET @saved_cs_client     = @@character_set_client */;
/*!40101 SET character_set_client = utf8 */;
CREATE TABLE `xlite_images_settings` (
  `id` int(11) NOT NULL AUTO_INCREMENT,
  `code` varchar(64) COLLATE utf8_unicode_ci NOT NULL,
  `model` varchar(200) COLLATE utf8_unicode_ci NOT NULL,
  `moduleName` varchar(200) COLLATE utf8_unicode_ci NOT NULL,
  `width` int(11) NOT NULL,
  `height` int(11) NOT NULL,
  PRIMARY KEY (`id`),
  UNIQUE KEY `code_model_module` (`code`,`model`,`moduleName`)
) ENGINE=InnoDB AUTO_INCREMENT=11 DEFAULT CHARSET=utf8 COLLATE=utf8_unicode_ci;
/*!40101 SET character_set_client = @saved_cs_client */;

--
-- Dumping data for table `xlite_images_settings`
--

LOCK TABLES `xlite_images_settings` WRITE;
/*!40000 ALTER TABLE `xlite_images_settings` DISABLE KEYS */;
INSERT INTO `xlite_images_settings` VALUES (1,'Default','XLite\\Model\\Image\\Product\\Image','standard',300,300),(2,'LGThumbnailList','XLite\\Model\\Image\\Product\\Image','standard',160,160),(3,'LGThumbnailGrid','XLite\\Model\\Image\\Product\\Image','standard',160,160),(4,'Default','XLite\\Model\\Image\\Category\\Image','standard',160,160),(5,'Default','XLite\\Model\\Image\\Common\\Logo','standard',180,66),(6,'Default','XLite\\Model\\Image\\Category\\Image','XC-CrispWhiteSkin',100,120),(7,'LGThumbnailGrid','XLite\\Model\\Image\\Product\\Image','XC-CrispWhiteSkin',262,280),(8,'LGThumbnailList','XLite\\Model\\Image\\Product\\Image','XC-CrispWhiteSkin',262,280),(9,'Default','XLite\\Model\\Image\\Product\\Image','XC-CrispWhiteSkin',366,440),(10,'Default','XLite\\Model\\Image\\Common\\Logo','XC-CrispWhiteSkin',221,40);
/*!40000 ALTER TABLE `xlite_images_settings` ENABLE KEYS */;
UNLOCK TABLES;

--
-- Table structure for table `xlite_import_logs`
--

DROP TABLE IF EXISTS `xlite_import_logs`;
/*!40101 SET @saved_cs_client     = @@character_set_client */;
/*!40101 SET character_set_client = utf8 */;
CREATE TABLE `xlite_import_logs` (
  `id` int(10) unsigned NOT NULL AUTO_INCREMENT,
  `date` int(11) NOT NULL,
  `type` char(1) COLLATE utf8_unicode_ci NOT NULL,
  `code` char(32) COLLATE utf8_unicode_ci NOT NULL,
  `arguments` longtext COLLATE utf8_unicode_ci NOT NULL COMMENT '(DC2Type:array)',
  `file` varchar(255) COLLATE utf8_unicode_ci NOT NULL,
  `row` int(10) unsigned NOT NULL,
  `processor` varchar(255) COLLATE utf8_unicode_ci NOT NULL,
  PRIMARY KEY (`id`)
) ENGINE=InnoDB DEFAULT CHARSET=utf8 COLLATE=utf8_unicode_ci;
/*!40101 SET character_set_client = @saved_cs_client */;

--
-- Dumping data for table `xlite_import_logs`
--

LOCK TABLES `xlite_import_logs` WRITE;
/*!40000 ALTER TABLE `xlite_import_logs` DISABLE KEYS */;
/*!40000 ALTER TABLE `xlite_import_logs` ENABLE KEYS */;
UNLOCK TABLES;

--
-- Table structure for table `xlite_job_states`
--

DROP TABLE IF EXISTS `xlite_job_states`;
/*!40101 SET @saved_cs_client     = @@character_set_client */;
/*!40101 SET character_set_client = utf8 */;
CREATE TABLE `xlite_job_states` (
  `id` varchar(255) COLLATE utf8_unicode_ci NOT NULL,
  `progress` int(11) NOT NULL,
  `startedAt` decimal(10,0) NOT NULL,
  `cancelled` tinyint(1) NOT NULL,
  `finished` tinyint(1) NOT NULL,
  `data` longtext COLLATE utf8_unicode_ci NOT NULL COMMENT '(DC2Type:array)',
  PRIMARY KEY (`id`)
) ENGINE=InnoDB DEFAULT CHARSET=utf8 COLLATE=utf8_unicode_ci;
/*!40101 SET character_set_client = @saved_cs_client */;

--
-- Dumping data for table `xlite_job_states`
--

LOCK TABLES `xlite_job_states` WRITE;
/*!40000 ALTER TABLE `xlite_job_states` DISABLE KEYS */;
/*!40000 ALTER TABLE `xlite_job_states` ENABLE KEYS */;
UNLOCK TABLES;

--
-- Table structure for table `xlite_language_label_translations`
--

DROP TABLE IF EXISTS `xlite_language_label_translations`;
/*!40101 SET @saved_cs_client     = @@character_set_client */;
/*!40101 SET character_set_client = utf8 */;
CREATE TABLE `xlite_language_label_translations` (
  `label_id` int(11) NOT NULL AUTO_INCREMENT,
  `id` int(11) DEFAULT NULL,
  `label` longtext COLLATE utf8_unicode_ci NOT NULL,
  `code` char(2) COLLATE utf8_unicode_ci NOT NULL,
  PRIMARY KEY (`label_id`),
  KEY `ci` (`code`,`id`),
  KEY `id` (`id`),
  CONSTRAINT `FK_D36B6764BF396750` FOREIGN KEY (`id`) REFERENCES `xlite_language_labels` (`label_id`) ON DELETE CASCADE
) ENGINE=InnoDB AUTO_INCREMENT=5598 DEFAULT CHARSET=utf8 COLLATE=utf8_unicode_ci;
/*!40101 SET character_set_client = @saved_cs_client */;

--
-- Dumping data for table `xlite_language_label_translations`
--

LOCK TABLES `xlite_language_label_translations` WRITE;
/*!40000 ALTER TABLE `xlite_language_label_translations` DISABLE KEYS */;
INSERT INTO `xlite_language_label_translations` VALUES (1,1,'%','en'),(2,2,'Most popular','en'),(3,3,'Newest','en'),(4,4,'Alphabetically','en'),(5,5,'Tags','en'),(6,6,'All tags','en'),(7,7,'All tags','en'),(8,8,'All','en'),(9,9,'Accounting','en'),(10,10,'Administration','en'),(11,11,'Delivery','en'),(12,12,'Development','en'),(13,13,'Fulfillment','en'),(14,14,'Marketing','en'),(15,15,'Payment processing','en'),(16,16,'Statistics','en'),(17,17,'Translation','en'),(18,18,'User experience','en'),(19,19,'Website design','en'),(20,20,'Sales Channels','en'),(21,21,'Orders','en'),(22,22,'Security','en'),(23,23,'Migration','en'),(24,24,'Price modifiers','en'),(25,25,'Checkout','en'),(26,26,'Products','en'),(27,27,'Fraud prevention','en'),(28,28,'Before editing attributes specific for the chosen type you should save the changes. <br /><br />Changing the type of a product attribute after having defined values for this attribute for some products will result in losing the defined attribute values.','en'),(29,29,'For details refer to <a href=\"{{licenseAgreementURL}}\" target=\"_blank\">X-Cart license agreement</a>.','en'),(30,30,'We are sorry, the Marketplace server is currently unavailable. Your license could not be registered. Please try again later.','en'),(31,31,'<a href=\"{{contactURL}}\" target=\"_blank\">Contact us</a> if you have any questions','en'),(32,32,'Activate your license key','en'),(33,33,'To activate your X-Cart license, enter your secret key into the field below and click Activate.','en'),(34,34,'To activate your X-Cart or commercial module license, enter your license key into the field below and click Activate.','en'),(35,35,'To set up Tax Rates, find and install appropriate add-on modules from the <a href=\"{{url}}\">Marketplace</a>','en'),(36,36,'Simplify tax compilance process and reduce the sales tax audit risk with <a href=\"{{url}}\">AvaTax Sales Tax Automation</a>','en'),(37,37,'Purchase premium license','en'),(38,38,'Activate free license','en'),(39,39,'activate existing key','en'),(40,40,'Enter your license key here','en'),(41,41,'Activate','en'),(42,42,'Need a license key?','en'),(43,43,'You must register your installation before you can use it for real sales. Registration can be accomplished by activating a free license with limited features or by purchasing a premium license.','en'),(44,44,'Removal of this message is allowed only through activation of a free or premium license.','en'),(45,45,'Free Edition has a limited set of features, so all the modules of the Business package will be removed in your store. However, you will be able to <a href=\'{{purchaseURL}}\'>upgrade</a> your Free version to Premium at any time and install addons from the Premium package.<br /><br /><strong>Here\'s a list of modules that are not available under free license. After the activation of a free license key all these modules will be removed from your installation.</strong>','en'),(46,46,'Evaluation notice','en'),(47,47,'Don\'t have an account yet?','en'),(48,48,'Go to checkout as a New customer','en'),(49,49,'Weight','en'),(50,50,'Weight ({{symbol}})','en'),(51,51,'Add to cart','en'),(52,52,'Description','en'),(53,53,'SKU','en'),(54,54,'Previous','en'),(55,55,'Next product','en'),(56,56,'Clear cart','en'),(57,57,'Continue shopping','en'),(58,58,'Submit','en'),(59,59,'Submit','en'),(60,60,'Delivery','en'),(61,61,'(!) This product is out of stock or not available','en'),(62,62,'Update','en'),(63,63,'Grand total','en'),(64,64,'Shipping cost','en'),(65,65,'Free','en'),(66,66,'Subtotal','en'),(67,67,'Tax','en'),(68,68,'n/a','en'),(69,69,'Delete item','en'),(70,70,'Continue...','en'),(71,71,'The text was copied to your clipboard','en'),(72,72,'When X-Cart aggregates CSS and JS files, the result is cached. If you change your JS/CSS files directly in the file system after they have been included into the cache, you will not see the functionality or style changes you have made. To make your changes visible, clear the aggregation cache.','en'),(73,73,'When X-Cart uses widgets cache, the static content of product lists is stored into a temporary cache. After editing the content (modifying the product descriptions, titles or photos), you should clear the widgets cache to make these changes visible in the front end right away. If you do not clear it, the changes will be updated anyway, but it may require more time','en'),(74,74,'The language you want to add has not been found','en'),(75,75,'This language already exists','en'),(76,76,'The {{language}} language has been added successfully','en'),(77,77,'The language you want to delete has not been found','en'),(78,78,'The {{language}} language has been deleted successfully','en'),(79,79,'Language not found','en'),(80,80,'The default interface language cannot be disabled','en'),(81,81,'The {{language}} language has been disabled','en'),(82,82,'The {{language}} language has been enabled','en'),(83,83,'The text labels have been updated','en'),(84,84,'Couldn\'t update the text labels: the translation language is not specified','en'),(85,85,'Couldn\'t update the text labels: the default language is set as the translation language','en'),(86,86,'Couldn\'t update the text labels: the translation language has not been found','en'),(87,87,'The text labels have been deleted','en'),(88,88,'Couldn\'t delete the text labels: text labels not found or not specified','en'),(89,89,'The text label has been deleted','en'),(90,90,'Couldn\'t delete the text label: text label not found or not specified','en'),(91,91,'Couldn\'t add the text label: name not specified.','en'),(92,92,'Couldn\'t add the text label: text label already exists.','en'),(93,93,'The text label has been added successfully','en'),(94,94,'The text label has been updated successfully','en'),(95,95,'The language you are trying to edit has not been found','en'),(96,96,'The language data has been saved','en'),(97,97,'The maximum upload file size is {{upload_max_filesize}}','en'),(98,98,'Search','en'),(99,99,'Next','en'),(100,100,'Custom HTML title','en'),(101,101,'Show category title','en'),(102,102,'Category icon','en'),(103,103,'Top banner','en'),(104,104,'<a href=\"https://devs.x-cart.com/en/how-to_articles/how_to_change_the_height_of_the_top_category_banner.html\">Learn more about the top banner and how it shows in the page layout</a>','en'),(105,105,'Meta tags','en'),(106,106,'Meta desc','en'),(107,107,'View image','en'),(108,108,'From computer','en'),(109,109,'Via URL','en'),(110,110,'Upload via URL','en'),(111,111,'Copy to file system','en'),(112,112,'Alt','en'),(113,113,'Copy','en'),(114,114,'Copy to clipboard','en'),(115,115,'Select file','en'),(116,116,'Undelete','en'),(117,117,'Show all labels','en'),(118,118,'{{n}} items found','en'),(119,119,'No modules found for \"<em>{{search_string}}</em>\"','en'),(120,120,'Language options','en'),(121,121,'{{language}} labels','en'),(122,122,'Select language','en'),(123,123,'No other languages defined','en'),(124,124,'Languages','en'),(125,125,'Help','en'),(126,126,'Knowledge Base','en'),(127,127,'Suggest an idea','en'),(128,128,'Report a bug','en'),(129,129,'Translations','en'),(130,130,'X-Cart News','en'),(131,131,'Our Blog','en'),(132,132,'Clear fields','en'),(133,133,'New membership','en'),(134,134,'Any availability status','en'),(135,135,'Only enabled','en'),(136,136,'Only disabled','en'),(137,137,'Any class','en'),(138,138,'Default tax class','en'),(139,139,'Images','en'),(140,140,'Attributes','en'),(141,141,'Cloned products','en'),(142,142,'New category','en'),(143,143,'Subcat','en'),(144,144,'Main categories','en'),(145,145,'Add new label','en'),(146,146,'Add language','en'),(147,147,'{{n}} items total','en'),(148,148,'{{count}} item(s)','en'),(149,149,'Add new language','en'),(150,150,'Save','en'),(151,151,'Provide a translation of the text label into each of the languages used at your store. If the text label does not have a translation for a specific language, the translation of the label into the default language will be used instead. If the default language translation is also not available, the Label Name will be used.','en'),(152,152,'Purchase {{list}} license to install this add-on or','en'),(153,153,'Purchase {{list}} license to enable this add-on or','en'),(154,154,'The following modules will be disabled','en'),(155,155,'You can install these updates after <a href=\"{{URL}}\" target=\"_blank\">purchasing</a> and activating your X-Cart license key.','en'),(156,156,'Label name','en'),(157,157,'required','en'),(158,158,'Confirm deletion','en'),(159,159,'You are about to delete the {{language}} language. This operation is irreversible. Are you sure you want to continue?','en'),(160,160,'Delete','en'),(161,161,'Cancel','en'),(162,162,'{{language}} Language (Code: {{code}})','en'),(163,163,'Language name in {{language}}','en'),(164,164,'Native language name','en'),(165,165,'Disable','en'),(166,166,'Enable','en'),(167,167,'Set this language as default for the Customer area','en'),(168,168,'A disabled language cannot be set as default for the Customer area','en'),(169,169,'Delete Language','en'),(170,170,'Edit label','en'),(171,171,'Edit labels','en'),(172,172,'Please specify a pattern to find the required labels','en'),(173,173,'Module not found. Cannot uninstall.','en'),(174,174,'The module has been uninstalled successfully','en'),(175,175,'The {{module}} module has been uninstalled successfully','en'),(176,176,'The {{module}} module was installed with errors: the database was not updated correctly','en'),(177,177,'The {{module}} module was installed incorrectly. Please see logs for more information.','en'),(178,178,'The {{module}} module has been installed; however, the module has a wrong module control class','en'),(179,179,'The modules have been updated','en'),(180,180,'Congratulations! Your order has been placed.<br />You will receive your order confirmation shortly.','en'),(181,181,'{{count}} item in cart','en'),(182,182,'{{count}} items in cart','en'),(183,183,'Items in <a href=\"cart.php?target=cart\">your cart</a>: {{count}}','en'),(184,184,'See all {{count}} items','en'),(185,185,'Last added items','en'),(186,186,'Other items','en'),(187,187,'The selected shipping method has been deleted successfully','en'),(188,188,'The shipping methods have been updated','en'),(189,189,'The selected zones have been deleted successfully','en'),(190,190,'Zone details have been updated successfully','en'),(191,191,'The new zone has been created successfully','en'),(192,192,'This product is in <a href=\"{{href}}\">your cart</a>','en'),(193,193,'Your shopping cart - {{count}} item','en'),(194,194,'Your shopping cart - {{count}} items','en'),(195,195,'Greetings, {{name}}','en'),(196,196,'{{count}} items','en'),(197,197,'<div class=\"minicart-items-number\">{{count}}</div> <div class=\"minicart-items-text\">item</div>','en'),(198,198,'<div class=\"minicart-items-number\">{{count}}</div> <div class=\"minicart-items-text\">items</div>','en'),(199,199,'The email you provided is already in use. You can continue as guest or <a href=\"{{URL}}\" class=\"sign-in log-in\">Sign in</a>','en'),(200,200,'This user name is already taken. Please choose a different user name or <a href=\"{{URL}}\" class=\"log-in\">sign in</a>','en'),(201,201,'I accept the <a href=\"{{URL}}\" target=\"_blank\">Terms &amp; Conditions</a>','en'),(202,202,'By clicking the \"Place order\" button you confirm that you accept the <a href=\"{{URL}}\">Terms &amp; Conditions</a>','en'),(203,203,'Place order: {{total}}','en'),(204,204,'Proceed to payment: {{total}}','en'),(205,205,'Enter a correct email','en'),(206,206,'Enter an integer','en'),(207,207,'Enter a number','en'),(208,208,'Zero cannot be used','en'),(209,209,'Enter a positive number','en'),(210,210,'Enter a negative number','en'),(211,211,'This field is required','en'),(212,212,'\'{{field}}\' field is required','en'),(213,213,'Image #{{index}}','en'),(214,214,'Top {{count}} products','en'),(215,215,'\"{{name}}\" module settings','en'),(216,216,'The benchmark evaluates server environment, namely:<br />1. File subsystem - read and write speed.<br />2. Database server - computing speed, DB data read and write speed.<br />3. Computing power - speed of computing and exchanging data in the memory.<br /><span>The total test time is the sum of the times taken by each of these tests.</span>','en'),(217,217,'Thank you for using {{company}} services','en'),(218,218,'The confirmation URL link was sent to {{email}}','en'),(219,219,'An email with your account information was sent to {{email}}. Please make sure you can log in using the received data.','en'),(220,220,'Show filter options','en'),(221,221,'Customer note','en'),(222,222,'Customer','en'),(223,223,'Anonymous Customer','en'),(224,224,'Anonymous Customer, <a href=\"{{URL}}\">Registered User with the same email</a>','en'),(225,225,'Registered Customer','en'),(226,226,'Registered Customer, <a href=\"{{URL}}\">Anonymous Customer with the same email</a>','en'),(227,227,'The user will be registered; a password will be sent to the user via email','en'),(228,228,'Merge with Registered','en'),(229,229,'Invoice #{{id}}','en'),(230,230,'Welcome to X-Cart','en'),(231,231,'Quantity','en'),(232,232,'Total','en'),(233,233,'Cart is empty','en'),(234,234,'{{count}} item','en'),(235,235,'Items','en'),(236,236,'items','en'),(237,237,'Checkout','en'),(238,238,'Secure Checkout','en'),(239,239,'View cart','en'),(240,240,'Email address','en'),(241,241,'Password','en'),(242,242,'Recover password','en'),(243,243,'Your cart','en'),(244,244,'This is a demo store powered by X-Cart, using PHP5 templates technology and MySQL database.','en'),(245,245,'Price','en'),(246,246,'Product name','en'),(247,247,'Please let us know if you want to <a href=\"//ideas.x-cart.com/forums/229428-x-cart-5-ideas\" target=\"_blank\">suggest an idea</a> or <a href=\"//www.x-cart.com/custom-development.html\" target=\"_blank\">contact us</a> for a free quote for custom development service</a>','en'),(248,248,'Please clarify your search request or search in the <a href=\"{{marketplace}}\">Marketplace</a>','en'),(249,249,'Select one...','en'),(250,250,'Other','en'),(251,251,'Hello, {{name}}','en'),(252,252,'All','en'),(253,253,'None','en'),(254,254,'[Root level]','en'),(255,255,'-- No categories --','en'),(256,256,'Sort by','en'),(257,257,'Pending membership','en'),(258,258,'{{count}} result(s) found','en'),(259,259,'per page','en'),(260,260,'<span>{{count}}</span> order','en'),(261,261,'<span>{{count}}</span> orders','en'),(262,262,'Logged in!','en'),(263,263,'Log off','en'),(264,264,'Account settings','en'),(265,265,'User <strong>{{login}}</strong> is logged in.','en'),(266,266,'{{count}} products found','en'),(267,267,'Thank you for registering a customer account.<br />As a registered customer you can enjoy a simplified checkout process and review your order history.<br /><br />A registration confirmation message with your account details has been sent to your email <b>{profile.login}</b>.<br />Please use your registration email and password every time you place orders at our store.<br /><br />You are now logged in and welcome to continue shopping.','en'),(268,268,'<span class=\"begin-record-number\">{{begin}}</span>&ndash;<span class=\"end-record-number\">{{end}}</span> of <span class=\"records-count\">{{total}}</span>','en'),(269,269,'{{value}} bytes','en'),(270,270,'{{value}} kB','en'),(271,271,'{{value}} MB','en'),(272,272,'{{value}} GB','en'),(273,273,'Including {{name}}','en'),(274,274,'{{years}} year(s)','en'),(275,275,'{{months}} month(s)','en'),(276,276,'{{days}} day(s)','en'),(277,277,'{{hours}} hour(s)','en'),(278,278,'{{minutes}} minute(s)','en'),(279,279,'{{seconds}} second(s)','en'),(280,280,'Import will overwrite the existing product information. This operation cannot be undone.','en'),(281,281,'To find out the data format for import, you can create a sample data file <a href=\"{{url}}\">by exporting your existing products</a>. Then you can prepare your import file using the same format.','en'),(282,282,'Note that data import time will depend on the size of the file being imported.','en'),(283,283,'Cannot import the field \'{{name}}\': unknown field','en'),(284,284,'String is inconsistent with the title: the number of columns is {{wrong}} instead of {{right}}','en'),(285,285,'The required field \'{{name}}\' is not defined or empty. The product has not been created','en'),(286,286,'{{url}} image unable to load','en'),(287,287,'During import {{count}} errors were generated. For details, <a href=\"{{url}}\">download</a> the log files.','en'),(288,288,'Some products might have been imported incorrectly. Please check your catalog. Find the IDs of such products in the import log file above.','en'),(289,289,'Order #{{id}}, {{date}}','en'),(290,290,'Order #{{id}}','en'),(291,291,'The {{name}} field is empty','en'),(292,292,'The value of the {{name}} field must be greater than {{min}}','en'),(293,293,'The value of the {{name}} field must be less than {{max}}','en'),(294,294,'Incorrect value format in {{name}} field.','en'),(295,295,'The value of the {{name}} field must not be longer than {{max}}','en'),(296,296,'To boost your sales, try the \"<a href=\"{{discountCoupons}}\">Coupons</a>\", \"<a href=\"{{sale}}\">Sale</a>\", \"<a href=\"{{productAdvisor}}\">Product Advisor</a>\" and \"<a href=\"{{volumeDiscounts}}\">Volume Discounts</a>\" addons. You may also be interested in other <a href=\"{{marketingTag}}\">Marketing</a> extensions from our Marketplace','en'),(297,297,'Trying to access the shop at <a href=\"{{url}}\">{{url}}</a> ...','en'),(298,298,'To fix this problem take the following steps: <ul><li>make sure the HTTPS protocol is enabled by your hosting service provider;</li><li>check your HTTPS settings (the \'https_host\' parameter in the \'etc/config.php\' file must be valid);</li><li>reload this page.</li></ul>','en'),(299,299,'To upload the database data directly from your local computer, click \"Browse\", choose an SQL dump file and click \"Upload and restore\". This method is more convenient; however, it has a file size limitation of {{N}}.','en'),(300,300,'You may upload a file named sqldump.sql.php to the var/backup/ directory of your X-Cart installation on the web server and click \"Restore from server\".','en'),(301,301,'Maximum upload file size is {{N}}.','en'),(302,302,'Unable to install the module \"{{X}}\":  required modules have not been installed or activated.','en'),(303,303,'cannot set {{X}} permissions','en'),(304,304,'Incorrect owner of {{X}} directory','en'),(305,305,'Cannot set {{X}} permissions for subdirectories:','en'),(306,306,'Incorrect owner of {{X}} file','en'),(307,307,'File size exceeds the maximum size of ({{size}})','en'),(308,308,'File was not loaded due to a server side failure.','en'),(309,309,'{{count}} item available','en'),(310,310,'{{count}} items available','en'),(311,311,'{{count}} product(s) removed','en'),(312,312,'{{count}} product(s) created','en'),(313,313,'{{count}} entities  removed','en'),(314,314,'{{count}} entities created','en'),(315,315,'Select a country or a state from the list, specify the zone where the country or state should be listed and click \"Apply\". To select more than one country/state, hold down the CTRL key while selecting the items. A zone must contain either countries or states. You cannot include both states and countries into the same zone.','en'),(316,316,'If you store product images in the database, they are included in the SQL dump file. If the product images are located on the file system, they are not included in the SQL dump file. To back up such images you need to download them directly from the server.','en'),(317,317,'You can choose one of the following options:<ol class=\"styled\"><li>Download the database data (SQL dump) directly to your local computer - please click the \'Download SQL file\' button.</li><li>Save the database data as a file on the web server (\'var/backup/sqldump.sql.php\') - please click the \'Create SQL file\' button.</li></ol>','en'),(318,318,'Dear {{name}}!','en'),(319,319,'Thank you for your business. Please come back soon!','en'),(320,320,'{{percent}}% off','en'),(321,321,'Placed on <span class=\"date\">{{date}}</span> by <span class=\"name\">{{name}}</span>','en'),(322,322,'Placed on <span class=\"date\">{{date}}</span> by <a href=\"{{url}}\" class=\"name\">{{name}}</a>','en'),(323,323,'Order Total: <span>{{total}}</span>','en'),(324,324,'Oops! Our payment system has not informed us whether your last order was paid for, or not. Is there a payment form that you have not completed yet? If so, please complete and submit it. Or you can quickly <a href=\"{{url}}\">re-order the products</a> from your last incomplete order.','en'),(325,325,'Payment transaction [method: {{trx_method}}, type: {{trx_type}}, amount: {{trx_value}}, status: {{trx_status}}]','en'),(326,326,'Back end payment transaction [method: {{trx_method}}, type: {{trx_type}}, amount: {{trx_value}}, status: {{trx_status}}]','en'),(327,327,'Trial period &mdash; {{X}} day(s) left','en'),(328,328,'Editing attribute groups on this page will not affect other product classes that use these groups. Removing a group does not delete attributes from the group, but makes them show up among other attributes having no associated groups.','en'),(329,329,'What\'s new','en'),(330,330,'Your account email is {{email}}','en'),(331,331,'Your account password is {{password}}','en'),(332,332,'Watch this short video and learn the basics of how online payment processing works. You will also find out what to look for when choosing the best payment processing solution for your business.','en'),(333,333,'{{count}} methods available','en'),(334,334,'The payment method has been enabled','en'),(335,335,'The payment method has been disabled','en'),(336,336,'The payment method has been removed','en'),(337,337,'The payment method has not been configured properly','en'),(338,338,'Duplicated clean URL: {{value}}','en'),(339,339,'Attributes for \"{{class}}\" product class','en'),(340,340,'{{count}} attributes in group','en'),(341,341,'Order {{order_number}} has been placed','en'),(342,342,'This module is available for X-Cart hosted stores only. <a href=\"{{url}}\">Click here for more information.</a>','en'),(343,343,'Low inventory products ({{count}})','en'),(344,344,'{{value}} orders yesterday','en'),(345,345,'{{value}} orders last week','en'),(346,346,'{{value}} orders last month','en'),(347,347,'{{value}} yesterday','en'),(348,348,'{{value}} last week','en'),(349,349,'{{value}} last month','en'),(350,350,'No orders yesterday','en'),(351,351,'No orders last week','en'),(352,352,'No orders last month','en'),(353,353,'No orders yet','en'),(354,354,'No orders','en'),(355,355,'To use the secure protocol you need an SSL certificate purchased for the \"<span>{{domain}}</span>\" domain and installed on your server.','en'),(356,356,'To enable the secure protocol for your website pages you need a valid SSL certificate purchased for the \"<span>{{domain}}</span>\" website domain and installed on your server.','en'),(357,357,'Pre-launch checklist:','en'),(358,358,'{{size}}','en'),(359,359,'Exported on {{date}}','en'),(360,360,'No write permissions to directory {{path}}. Please set the necessary permissions to directory {{path}}.','en'),(361,361,'Failed write to file {{path}}. There may not be enough disk space. Please check if there is enough disk space.','en'),(362,362,'Export is complete. <a href=\"{{url}}\">Check results and download</a>.','en'),(363,363,'This will increase the shipping cost by {{XX}}','en'),(364,364,'{{count}} products','en'),(365,365,'Subcategories: {{count}}','en'),(366,366,'Manage category: {{category_name}}','en'),(367,367,'Subcategories for','en'),(368,368,'OrderID or email, ID1-ID2 for range','en'),(369,369,'All Order Statuses','en'),(370,370,'Enter date range','en'),(371,371,'Authorized','en'),(372,372,'Shipped','en'),(373,373,'Cancelled','en'),(374,374,'Expired','en'),(375,375,'Refund requested','en'),(376,376,'Refunded','en'),(377,377,'Partially refunded','en'),(378,378,'Selected:','en'),(379,379,'Days','en'),(380,380,'Close','en'),(381,381,'MO','en'),(382,382,'TU','en'),(383,383,'WE','en'),(384,384,'TH','en'),(385,385,'FR','en'),(386,386,'SA','en'),(387,387,'SU','en'),(388,388,'JANUARY','en'),(389,389,'FEBRUARY','en'),(390,390,'MARCH','en'),(391,391,'APRIL','en'),(392,392,'MAY','en'),(393,393,'JUNE','en'),(394,394,'JULY','en'),(395,395,'AUGUST','en'),(396,396,'SEPTEMBER','en'),(397,397,'OCTOBER','en'),(398,398,'NOVEMBER','en'),(399,399,'DECEMBER','en'),(400,400,'Shortcuts','en'),(401,401,'Past','en'),(402,402,'7days','en'),(403,403,'14days','en'),(404,404,'30days','en'),(405,405,'Previous','en'),(406,406,'Week','en'),(407,407,'Month','en'),(408,408,'Quarter','en'),(409,409,'Year','en'),(410,410,'Date range should be longer than %d days','en'),(411,411,'Date range should be less than %d days','en'),(412,412,'Please select a date range longer than %d days','en'),(413,413,'Please select a date range shorter than %d days','en'),(414,414,'Please select a date range between %d and %d days','en'),(415,415,'Please select a date range','en'),(416,416,'Enter keyword','en'),(417,417,'All membership levels','en'),(418,418,'No membership','en'),(419,419,'All User Types','en'),(420,420,'Please select one ...','en'),(421,421,'Please select an option','en'),(422,422,'Search keywords','en'),(423,423,'Search payment method','en'),(424,424,'Any category','en'),(425,425,'Any status','en'),(426,426,'Search in','en'),(427,427,'{{count}} label(s)','en'),(428,428,'This language was added by the module {{module}} and cannot be removed.','en'),(429,429,'{{count}} language(s) removed','en'),(430,430,'{{count}} language label(s) removed','en'),(431,431,'No payment methods available. Please contact the <a href=\"mailto:{{email}}\">store administrator</a>.','en'),(432,432,'Edit states ({{count}})','en'),(433,433,'{{count}} state(s) removed','en'),(434,434,'{{count}} state(s) created','en'),(435,435,'{{count}} zone(s) removed','en'),(436,436,'{{count}} zone(s) created','en'),(437,437,'This is the default zone which matches all possible addresses.<br />The default zone can be edited but cannot be removed.','en'),(438,438,'Examples:<br /><br />2204%<br />38?45<br />23%<br /><br /><b>?</b> - any character<br /><b>%</b> - any character sequence, even empty','en'),(439,439,'Examples:<br /><br />New York<br />New%<br />%Y?rk<br /><br /><b>?</b> - any character<br /><b>%</b> - any character sequence, even empty','en'),(440,440,'Examples:<br /><br />%Water St%<br />%Coney Is?and%<br /><br /><b>?</b> - any character<br /><b>%</b> - any character sequence, even empty','en'),(441,441,'{{count}} shipping method(s) created','en'),(442,442,'{{count}} shipping method(s) removed','en'),(443,443,'Edit rates ({{count}})','en'),(444,444,'Your first name','en'),(445,445,'Your last name','en'),(446,446,'1000 Example street','en'),(447,447,'Example city','en'),(448,448,'California','en'),(449,449,'','en'),(450,450,'+12130000000','en'),(451,451,'','en'),(452,452,'Specification','en'),(453,453,'Not all the upgrade packs have been downloaded. This may have been caused by one of the following:<ul class=\'marked-list\'><li>slow Internet connection;</li><li>an internal problem on the Marketplace server;</li><li>a problem with your X-Cart license (expired license key, license key not matching the module license, etc.)</li></ul>','en'),(454,454,'A new customer? Enter your email','en'),(455,455,'ABA routing number','en'),(456,456,'Absolute','en'),(457,457,'Accept','en'),(458,458,'Orders','en'),(459,459,'Online methods','en'),(460,460,'Access denied!','en'),(461,461,'Access information','en'),(462,462,'Access is locked out','en'),(463,463,'Access level','en'),(464,464,'Account','en'),(465,465,'Account details','en'),(466,466,'Account status','en'),(467,467,'Account summary','en'),(468,468,'Activate license key','en'),(469,469,'Activate your paid module license','en'),(470,470,'Active','en'),(471,471,'Active from','en'),(472,472,'Active till','en'),(473,473,'Add','en'),(474,474,'Add Product','en'),(475,475,'Add alternative payment method','en'),(476,476,'Add category','en'),(477,477,'Add child','en'),(478,478,'Add discount','en'),(479,479,'Add featured products','en'),(480,480,'Add file','en'),(481,481,'Add image','en'),(482,482,'Add rate','en'),(483,483,'Add new','en'),(484,484,'Add new address','en'),(485,485,'Add new country','en'),(486,486,'Add new exception','en'),(487,487,'Add new membership level','en'),(488,488,'Add new option','en'),(489,489,'Add new option group','en'),(490,490,'Add new state','en'),(491,491,'Add offline payment method','en'),(492,492,'Add payment method','en'),(493,493,'Add shipping method','en'),(494,494,'Add subcategory','en'),(495,495,'Add user','en'),(496,496,'Add your <a href=\"{{URL}}\">products</a>','en'),(497,497,'Add zone','en'),(498,498,'Add-ons','en'),(499,499,'Add/update options','en'),(500,500,'Added','en'),(501,501,'Joined','en'),(502,502,'Added to cart','en'),(503,503,'Address','en'),(504,504,'Address book','en'),(505,505,'Address details','en'),(506,506,'Address field','en'),(507,507,'Address fields','en'),(508,508,'Address pattern','en'),(509,509,'Admin','en'),(510,510,'Administrator area','en'),(511,511,'Administrator','en'),(512,512,'All add-ons','en'),(513,513,'All customers','en'),(514,514,'All memberships','en'),(515,515,'All the necessary adaptation will be done by the developer (covered by extended warranty).','en'),(516,516,'All products on sale','en'),(517,517,'All shipping methods','en'),(518,518,'All address zones','en'),(519,519,'All the products are in sufficient quantities','en'),(520,520,'All time','en'),(521,521,'PayPal all-in-one solutions','en'),(522,522,'No merchant account required. Simple onboarding for you and easy checkout for your customers.','en'),(523,523,'Alphabetically','en'),(524,524,'Already have an account?','en'),(525,525,'Alternative payment methods','en'),(526,526,'Alternative text','en'),(527,527,'Amount','en'),(528,528,'Amount: high to low','en'),(529,529,'Amount: low to high','en'),(530,530,'An upgrade is a dangerous process that may result in a crashed website. It is strongly recommended to create a full backup of your store (the code and the database) and download it to a local computer before proceeding to the next step.','en'),(531,531,'Another state','en'),(532,532,'Any membership level','en'),(533,533,'Any product class','en'),(534,534,'Any zone','en'),(535,535,'Appearance','en'),(536,536,'Apply destination','en'),(537,537,'Apply price','en'),(538,538,'Are you sure you want to continue?','en'),(539,539,'Are you sure you want to delete the selected user?','en'),(540,540,'Are you sure you want to disable this add-on?','en'),(541,541,'Are you sure you want to enable this add-on?','en'),(542,542,'Are you sure you want to uninstall this add-on?','en'),(543,543,'Are you sure you wish to delete the selected zones?','en'),(544,544,'Are you sure?','en'),(545,545,'Arrival date','en'),(546,546,'Asynchronous','en'),(547,547,'Ask.com','en'),(548,548,'Assigned classes','en'),(549,549,'Attachment has not been deleted','en'),(550,550,'Attachments','en'),(551,551,'Attachments have been updated successfully','en'),(552,552,'Australia Post settings','en'),(553,553,'Authentication','en'),(554,554,'Authentication code','en'),(555,555,'Author','en'),(556,556,'Authorization then capture','en'),(557,557,'Auto','en'),(558,558,'Availability','en'),(559,559,'Available for sale','en'),(560,560,'B','en'),(561,561,'Back to file select','en'),(562,562,'Back to layout settings','en'),(563,563,'Back to methods','en'),(564,564,'Back to orders list','en'),(565,565,'Backup','en'),(566,566,'Backup database','en'),(567,567,'Bank Account Number','en'),(568,568,'Benchmark completed in ','en'),(569,569,'Benchmark result under 3000ms is considered good','en'),(570,570,'Bestsellers','en'),(571,571,'Billing address','en'),(572,572,'Billing address is not defined yet','en'),(573,573,'Bing','en'),(574,574,'Brief description','en'),(575,575,'Brief description','en'),(576,576,'Browse server','en'),(577,577,'Buy more','en'),(578,578,'CLOSE','en'),(579,579,'CSS & JavaScript','en'),(580,580,'Cache rebuild is already started, please wait','en'),(581,581,'Calculate rates','en'),(582,582,'Cannot be disabled. The module is required by:','en'),(583,583,'Cannot connect to the Addons Marketplace server','en'),(584,584,'Capture status','en'),(585,585,'Cart & checkout','en'),(586,586,'Catalog','en'),(587,587,'Categories','en'),(588,588,'Category','en'),(589,589,'Category info','en'),(590,590,'Category name','en'),(591,591,'Category name contains invalid UTF-8 characters or 4-byte UTF-8 characters which are not supported. Please correct and try again.','en'),(592,592,'Category page title','en'),(593,593,'Category path contains invalid UTF-8 characters or 4-byte UTF-8 characters which are not supported. Please correct and try again.','en'),(594,594,'Change','en'),(595,595,'Change address','en'),(596,596,'Change method','en'),(597,597,'Change options','en'),(598,598,'Change payment info','en'),(599,599,'Change shipping info','en'),(600,600,'Change shipping info','en'),(601,601,'Check all','en'),(602,602,'Check number','en'),(603,603,'Checking','en'),(604,604,'Checking integrity, please wait...','en'),(605,605,'Choose','en'),(606,606,'Choose <a href=\"{{URL}}\">payment methods</a>','en'),(607,607,'Choose file','en'),(608,608,'Choose from a variety of bundled payment solutions to accept credit cards and other methods of payment on your website','en'),(609,609,'Choose method','en'),(610,610,'Choose shipping method','en'),(611,611,'City','en'),(612,612,'Clean URL','en'),(613,613,'Enable clean URL','en'),(614,614,'Error code explanation','en'),(615,615,'More information about clean urls in X-Cart is available in <a href=\"{{url}}\" target=\"blank\">{{url}}</a>','en'),(616,616,'We made a test request to <a href=\"{{url}}\">{{url}}</a> URL and got the following result. <br>It means that your SEO-friendly URLs may not work properly after enabling.','en'),(617,617,'Clear aggregation cache','en'),(618,618,'Clear widgets cache','en'),(619,619,'CleanURL','en'),(620,620,'Empty your cart','en'),(621,621,'Click here to access/add subcategories','en'),(622,622,'Click here to view states of country','en'),(623,623,'Click to unblock','en'),(624,624,'Close storefront','en'),(625,625,'Code','en'),(626,626,'Comment','en'),(627,627,'Comments','en'),(628,628,'Company','en'),(629,629,'Company name','en'),(630,630,'Completed','en'),(631,631,'Component','en'),(632,632,'Configuration','en'),(633,633,'Configure <a href=\"{{URL}}\">shipping methods</a>','en'),(634,634,'Configure your store','en'),(635,635,'Confirm password','en'),(636,636,'Contacts','en'),(637,637,'Content','en'),(638,638,'Continue','en'),(639,639,'Copy file to local server','en'),(640,640,'Core version: ','en'),(641,641,'Countries','en'),(642,642,'Countries, states and zones','en'),(643,643,'Country','en'),(644,644,'Country is not selected','en'),(645,645,'Coupon code','en'),(646,646,'Coupons','en'),(647,647,'Create','en'),(648,648,'Create profile','en'),(649,649,'Create SQL file','en'),(650,650,'Create a backup','en'),(651,651,'Create account','en'),(652,652,'Create an account for later use','en'),(653,653,'Create category','en'),(654,654,'Create new account','en'),(655,655,'Created','en'),(656,656,'Currency','en'),(657,657,'Custom add-ons','en'),(658,658,'Custom CSS','en'),(659,659,'Custom JavaScript','en'),(660,660,'Custom images','en'),(661,661,'Custom translation','en'),(662,662,'Customer zip/postal code','en'),(663,663,'Clean URLs are disabled. <a target=\'_blank\' href=\'{{more_info_url}}\'>More info</a>','en'),(664,664,'Clean URLs are enabled','en'),(665,665,'Clean URLs are disabled','en'),(666,666,'Enable clean URLs','en'),(667,667,'Clean URLs functionality may not be enabled. <a target=\'_blank\' href=\'{{article_url}}\'>More info<i class=\'icon fa fa-external-link\'></i></a>','en'),(668,668,'More information on Clean URL problems on your system','en'),(669,669,'The data has been deleted successfully','en'),(670,670,'The data has been saved successfully','en'),(671,671,'Database backup has been created successfully','en'),(672,672,'Date','en'),(673,673,'Day','en'),(674,674,'Dear','en'),(675,675,'Dear customer!','en'),(676,676,'Decline','en'),(677,677,'Declined','en'),(678,678,'Default','en'),(679,679,'Default customer address','en'),(680,680,'Default for Customer area and cannot be disabled or deleted','en'),(681,681,'Default for Customer area and cannot be disabled or deleted','en'),(682,682,'Default images settings','en'),(683,683,'The powerful shopping cart software for web stores and e-commerce enabled stores is based on PHP5 with SQL database with highly configurable implementation based on templates','en'),(684,684,'All Addresses (default zone)','en'),(685,685,'Define classes','en'),(686,686,'Delete SQL file','en'),(687,687,'Delete all','en'),(688,688,'Delete profile','en'),(689,689,'Delete selected','en'),(690,690,'Delete selected profile','en'),(691,691,'Delete the image','en'),(692,692,'Delete this address?','en'),(693,693,'Delivery methods','en'),(694,694,'Destination zone','en'),(695,695,'Details','en'),(696,696,'Directory and file permissions','en'),(697,697,'Disable all modules in the system','en'),(698,698,'Disable suspicious modules','en'),(699,699,'Disabled','en'),(700,700,'A disabled language cannot be set as default for Customer area','en'),(701,701,'Discount','en'),(702,702,'Discount amount','en'),(703,703,'Discount type','en'),(704,704,'Display \'inc/ex VAT\' labels next to prices','en'),(705,705,'Display type','en'),(706,706,'Do not close this page!','en'),(707,707,'Do not show at startup anymore','en'),(708,708,'Do you really want to delete the selected items?','en'),(709,709,'Dont have account yet?','en'),(710,710,'Download SQL file','en'),(711,711,'Downloaded components','en'),(712,712,'Downloading updates','en'),(713,713,'Downloading updates, please wait...','en'),(714,714,'Drag and drop me to the cart','en'),(715,715,'Drop items here to shop','en'),(716,716,'Drupal front end','en'),(717,717,'Email','en'),(718,718,'Email is not defined yet','en'),(719,719,'Edit charges for:','en'),(720,720,'Edit payment method data','en'),(721,721,'Edit page','en'),(722,722,'Edit profile','en'),(723,723,'Email','en'),(724,724,'Email &amp; password','en'),(725,725,'Email body','en'),(726,726,'Email settings','en'),(727,727,'Enable HTTPS','en'),(728,728,'Enabled','en'),(729,729,'Enter coupon code','en'),(730,730,'Enter keywords','en'),(731,731,'Enter license key','en'),(732,732,'Enter shipping address','en'),(733,733,'Enter {{X}} more characters to start search','en'),(734,734,'Environment','en'),(735,735,'Environment info','en'),(736,736,'Error','en'),(737,737,'Estimate shipping cost','en'),(738,738,'Estimate your server performance','en'),(739,739,'Estimated for','en'),(740,740,'Everything you need','en'),(741,741,'Example','en'),(742,742,'Examples','en'),(743,743,'Exception','en'),(744,744,'Extend the functionality of your store by installing and using add-on modules','en'),(745,745,'Export','en'),(746,746,'Export products','en'),(747,747,'Extensions','en'),(748,748,'Facebook','en'),(749,749,'Failed','en'),(750,750,'Failed to add the detailed image','en'),(751,751,'Failed to add the attachment','en'),(752,752,'Failed to add the attachment. The file download is forbidden','en'),(753,753,'Failed/Declined','en'),(754,754,'Featured products','en'),(755,755,'Field is required!','en'),(756,756,'File title','en'),(757,757,'Find us on','en'),(758,758,'Find us on Facebook','en'),(759,759,'First name','en'),(760,760,'Flat rate','en'),(761,761,'Footer menu','en'),(762,762,'For the period','en'),(763,763,'Forgot password?','en'),(764,764,'Format','en'),(765,765,'Free add-ons','en'),(766,766,'From','en'),(767,767,'from','en'),(768,768,'Selected countries:','en'),(769,769,'Selected countries','en'),(770,770,'All states','en'),(771,771,'Selected states','en'),(772,772,'Back to Zones list','en'),(773,773,'Attributes block','en'),(774,774,'From email','en'),(775,775,'Full description','en'),(776,776,'Full name','en'),(777,777,'General','en'),(778,778,'General Settings','en'),(779,779,'General info','en'),(780,780,'General settings','en'),(781,781,'Give buyers a way to pay by adding an alternative payment method.','en'),(782,782,'Give buyers another way to pay by adding an alternative payment method','en'),(783,783,'Go to Marketplace','en'),(784,784,'Go to checkout','en'),(785,785,'Grid','en'),(786,786,'Group options','en'),(787,787,'Here\'s a new link for access to your information: <a href=\"{{link}}\">{{link}}</a>','en'),(788,788,'HTML title (\'title\' tag)','en'),(789,789,'HTTPS check','en'),(790,790,'HTTPS settings','en'),(791,791,'Restores to current state of active addons (use in case of emergency)','en'),(792,792,'Disables all addons except ones that are provided by X-Cart Team (hard reset)','en'),(793,793,'Disables all addons except ones that are provided by X-Cart Team & Qualiteam (soft reset)','en'),(794,794,'Disables all addons (core reset)','en'),(795,795,'Have a discount coupon?','en'),(796,796,'Height (px)','en'),(797,797,'Help zone','en'),(798,798,'The list below shows only the methods enabled on the configuration page','en'),(799,799,'Here you can define how your payment methods will look in the Customer area','en'),(800,800,'Hide','en'),(801,801,'Hide trailing zeros in fractional part','en'),(802,802,'History','en'),(803,803,'Home','en'),(804,804,'How to','en'),(805,805,'How to back up your store database','en'),(806,806,'How to define address zones','en'),(807,807,'I understand that these add-ons may require an adaptation.','en'),(808,808,'Icons','en'),(809,809,'Identity','en'),(810,810,'If any critical errors have occurred, you can do the following','en'),(811,811,'If you choose the second option, you can download the file from the server later on and delete it from the server by clicking on the \'Delete SQL file\' button.','en'),(812,812,'If you do not have an account, you can easily','en'),(813,813,'If you don\'t have a moneybookers account yet, please sign up for a free moneybookers account at: http://www.skrill.com','en'),(814,814,'If you have a license key for a commercial module, you can enter it here to register the purchase of the module.','en'),(815,815,'If you have a plugin in the .tar format, you can install it by uploading it here','en'),(816,816,'Image','en'),(817,817,'Image border will not be displayed in the storefront','en'),(818,818,'Image has been identified as a duplicate and has not been imported: {{value}}','en'),(819,819,'Import','en'),(820,820,'Import / Export','en'),(821,821,'Import from file','en'),(822,822,'Import/Export','en'),(823,823,'Important','en'),(824,824,'In category','en'),(825,825,'In stock','en'),(826,826,'Inactive','en'),(827,827,'Incl. X','en'),(828,828,'Incomplete','en'),(829,829,'InnoDB engine support enabled','en'),(830,830,'Install','en'),(831,831,'Install add-on','en'),(832,832,'Install updates','en'),(833,833,'Installation directory','en'),(834,834,'Installed','en'),(835,835,'Installed Modules','en'),(836,836,'Installed modules','en'),(837,837,'Installing updates, please wait...','en'),(838,838,'Invalid login or password','en'),(839,839,'Invalid login or password. <br/><span class=\"common-text\">You can use the \'Forgot password?\' link to reset your password.</span>','en'),(840,840,'Inventory status','en'),(841,841,'Inventory tracking','en'),(842,842,'Inventory tracking','en'),(843,843,'Invoice','en'),(844,844,'It is not possible to delete or create user accounts because your store currently works as an integration with Drupal and shares users with Drupal. Deleting/creating user accounts is possible via Drupal administrator interface.','en'),(845,845,'It is not possible to edit some user profile fields because your store currently works as an integration with Drupal and shares users with Drupal. Modifying these fields is possible via Drupal administrator interface.','en'),(846,846,'Item description','en'),(847,847,'Item(s) deleted from your cart','en'),(848,848,'Item name','en'),(849,849,'Items per page','en'),(850,850,'Join forces with your bank','en'),(851,851,'K','en'),(852,852,'Language','en'),(853,853,'Language labels','en'),(854,854,'Last logged in','en'),(855,855,'Last login','en'),(856,856,'Last name','en'),(857,857,'License key has been successfully verified for the \"{{name}}\" module by \"{{author}}\" ','en'),(858,858,'Lifetime','en'),(859,859,'Limit the number of uses','en'),(860,860,'Link','en'),(861,861,'List','en'),(862,862,'List of states','en'),(863,863,'Loading...','en'),(864,864,'Localization','en'),(865,865,'Log in','en'),(866,866,'Log out','en'),(867,867,'Logged as','en'),(868,868,'Login','en'),(869,869,'Log in here','en'),(870,870,'Login history','en'),(871,871,'Look & Feel','en'),(872,872,'Low stock notification for this product is','en'),(873,873,'Low stock threshold','en'),(874,874,'Low stock','en'),(875,875,'M','en'),(876,876,'Maintenance','en'),(877,877,'Maintenance and operation','en'),(878,878,'Back up your store\'s database','en'),(879,879,'Manage catalog','en'),(880,880,'Manage categories','en'),(881,881,'Manage customer and administrator accounts','en'),(882,882,'Manage layout','en'),(883,883,'Manage orders','en'),(884,884,'Manage orders placed at your store','en'),(885,885,'Manage users','en'),(886,886,'Manage administrators','en'),(887,887,'Manage your product inventory','en'),(888,888,'Required fields are marked with an asterisk','en'),(889,889,'Manually defined shipping methods','en'),(890,890,'Mark the search engines you want to inform of the structure of your site using the site map','en'),(891,891,'Market price','en'),(892,892,'Marketplace','en'),(893,893,'Marketplace [check_addon_key]: the \"{{url}}\" URL requested','en'),(894,894,'Marketplace [check_for_updates]: the \"{{url}}\" URL requested','en'),(895,895,'Marketplace [check_for_updates]: valid response received','en'),(896,896,'Marketplace [get_hosting_score]: response has an invalid format','en'),(897,897,'Marketplace [get_hosting_score]: the \"{{url}}\" URL requested','en'),(898,898,'Rate per item','en'),(899,899,'Rate per weight unit','en'),(900,900,'Membership','en'),(901,901,'Membership access','en'),(902,902,'Membership levels','en'),(903,903,'Membership name','en'),(904,904,'Memberships','en'),(905,905,'Menus','en'),(906,906,'Message','en'),(907,907,'Meta description','en'),(908,908,'Meta keywords','en'),(909,909,'Methods','en'),(910,910,'Modify','en'),(911,911,'Modify \"{{name}}\" option group','en'),(912,912,'Modify category','en'),(913,913,'Modify option group exceptions','en'),(914,914,'Modify root category (the store\'s front page)','en'),(915,915,'The module has been successfully installed','en'),(916,916,'Addons Marketplace','en'),(917,917,'More add-ons','en'),(918,918,'More details','en'),(919,919,'Most Popular','en'),(920,920,'Most Rated','en'),(921,921,'Move','en'),(922,922,'My account','en'),(923,923,'MySQL server','en'),(924,924,'Name','en'),(925,925,'Name of address field','en'),(926,926,'Name of purchaser','en'),(927,927,'Bank name','en'),(928,928,'Name of account holder','en'),(929,929,'Never','en'),(930,930,'New access link','en'),(931,931,'New access key will also be sent to the Site administrator\'s email address','en'),(932,932,'New address field','en'),(933,933,'New discount coupon','en'),(934,934,'New image','en'),(935,935,'New item','en'),(936,936,'New page','en'),(937,937,'New product class','en'),(938,938,'The new product has been added successfully','en'),(939,939,'New rate','en'),(940,940,'New role','en'),(941,941,'Newest','en'),(942,942,'Newest first','en'),(943,943,'Next','en'),(944,944,'Next page','en'),(945,945,'No','en'),(946,946,'No countries found','en'),(947,947,'No products are featured in this category','en'),(948,948,'No image','en'),(949,949,'No images uploaded','en'),(950,950,'No items found.','en'),(951,951,'No merchant account required','en'),(952,952,'No orders have been placed yet','en'),(953,953,'No orders have been placed yet','en'),(954,954,'No payment modules installed','en'),(955,955,'No products sold yet','en'),(956,956,'No states found','en'),(957,957,'No tax rates defined','en'),(958,958,'Non-administrator','en'),(959,959,'Not finished','en'),(960,960,'Not a numeric value','en'),(961,961,'Note','en'),(962,962,'Notes','en'),(963,963,'This setting is inactive because \"Low stock warning\" notifications are disabled. You can enable them <a href=\"{{link}}\">here</a>.','en'),(964,964,'Off','en'),(965,965,'Official website','en'),(966,966,'Offline methods','en'),(967,967,'Old price','en'),(968,968,'On','en'),(969,969,'On all catalog pages','en'),(970,970,'On product details pages only','en'),(971,971,'Online catalog structure setup','en'),(972,972,'Only lowercase letters, digits and undescore character are allowed','en'),(973,973,'Open Graph meta tags','en'),(974,974,'Open graph tags','en'),(975,975,'Open storefront','en'),(976,976,'Operating system','en'),(977,977,'Option group','en'),(978,978,'The options have been successfully updated','en'),(979,979,'Order','en'),(980,980,'Order #','en'),(981,981,'Order ID','en'),(982,982,'Order Total','en'),(983,983,'Order date from','en'),(984,984,'Order date through','en'),(985,985,'Order details','en'),(986,986,'Order id','en'),(987,987,'Order items','en'),(988,988,'Order note','en'),(989,989,'Order page','en'),(990,990,'Order review','en'),(991,991,'Order statistics','en'),(992,992,'Order status','en'),(993,993,'Orders','en'),(994,994,'Orders count','en'),(995,995,'Orders placed','en'),(996,996,'Out of stock','en'),(997,997,'Pack it','en'),(998,998,'Page','en'),(999,999,'Page URL','en'),(1000,1000,'Page name','en'),(1001,1001,'Page not found','en'),(1002,1002,'Pages','en'),(1003,1003,'Paid','en'),(1004,1004,'Parent category','en'),(1005,1005,'Password and its confirmation do not match','en'),(1006,1006,'Pattern search','en'),(1007,1007,'All payment methods','en'),(1008,1008,'Payment info','en'),(1009,1009,'Payment instructions','en'),(1010,1010,'Payment method','en'),(1011,1011,'Payment methods','en'),(1012,1012,'Payment method data','en'),(1013,1013,'Payment data ({{method}})','en'),(1014,1014,'Payment settings','en'),(1015,1015,'Payment transaction ID','en'),(1016,1016,'Payment transactions','en'),(1017,1017,'Payment methods','en'),(1018,1018,'Pending','en'),(1019,1019,'Pending memberships','en'),(1020,1020,'Per item rate','en'),(1021,1021,'Per weight unit rate','en'),(1022,1022,'Percent','en'),(1023,1023,'Percent rate','en'),(1024,1024,'Percent off','en'),(1025,1025,'Perform order search','en'),(1026,1026,'Performance','en'),(1027,1027,'Permissions','en'),(1028,1028,'Not enough permissions to run the process. Make sure the following permissions are set (UNIX-like systems only).<br />Such permissions are required for a seamless automated installation or upgrade of X-Cart on your server. They do not take into account the specific configuration of your server or any security requirements. Once the process is completed, make sure you change the permissions to a more restrictive setting. <a target=\'_blank\' href=\'https://kb.x-cart.com/en/setting_up_x-cart_5_environment/secure_configuration.html#why-x-cart-asks-for-666777-permissions\'>Read more</a>','en'),(1029,1029,'Personal info','en'),(1030,1030,'Phone','en'),(1031,1031,'Pick address from address book','en'),(1032,1032,'Place order','en'),(1033,1033,'Please accept the Terms and Conditions to continue','en'),(1034,1034,'Please choose the appropriate action','en'),(1035,1035,'Please enable JavaScript in your web browser.','en'),(1036,1036,'Please identify yourself','en'),(1037,1037,'Please note that some of these modules are incompatible with the upcoming upgrade and will be disabled in order to prevent a system crash','en'),(1038,1038,'Run benchmark to estimate your server performance','en'),(1039,1039,'Please save the soft reset and hard reset links so you can use them later in case your website crashes','en'),(1040,1040,'Please select one','en'),(1041,1041,'Pos','en'),(1042,1042,'Pos.','en'),(1043,1043,'Pos.:','en'),(1044,1044,'Position','en'),(1045,1045,'Prefix','en'),(1046,1046,'Pre-upgrade action required','en'),(1047,1047,'Some of the modules used by your store contain code that must be executed before the upgrade process begins. For the code to be executed successfully, the modules must be enabled. However, some of the modules containing such code are now disabled. This will prevent the pre-upgrade code from execution and is highly likely to cause problems, like a fatal error.<br /><br />Listed below are the modules that contain pre-upgrade code and are disabled. Here you can specify the modules for which you want the pre-upgrade code to be executed:','en'),(1048,1048,'Execute','en'),(1049,1049,'Do not execute','en'),(1050,1050,'Please note that we may not be held responsible for any upgrade problems caused by failure to execute the required pre-upgrade code.','en'),(1051,1051,'Prev','en'),(1052,1052,'Previous page','en'),(1053,1053,'Price modifier','en'),(1054,1054,'Price: Not a numeric value','en'),(1055,1055,'Price','en'),(1056,1056,'Name','en'),(1057,1057,'Primary menu','en'),(1058,1058,'Print invoice','en'),(1059,1059,'Processed','en'),(1060,1060,'Processed/Completed','en'),(1061,1061,'Product Name','en'),(1062,1062,'Product SKU','en'),(1063,1063,'Product Title','en'),(1064,1064,'Product has been added to your cart','en'),(1065,1065,'Product class','en'),(1066,1066,'Product classes','en'),(1067,1067,'Product has been added to your cart','en'),(1068,1068,'Product images','en'),(1069,1069,'Product info','en'),(1070,1070,'Product info has been updated successfully','en'),(1071,1071,'Product is out of stock','en'),(1072,1072,'Product on sale','en'),(1073,1073,'Product options','en'),(1074,1074,'Product page title','en'),(1075,1075,'Product prices are defined including this tax calculated for','en'),(1076,1076,'Products','en'),(1077,1077,'Products in cart','en'),(1078,1078,'Product information has been successfully updated','en'),(1079,1079,'Products with low inventory','en'),(1080,1080,'Profile','en'),(1081,1081,'The profile has been created successfully','en'),(1082,1082,'The profile has been deleted successfully','en'),(1083,1083,'The profile has been updated successfully','en'),(1084,1084,'Profile settings','en'),(1085,1085,'Promotions','en'),(1086,1086,'Properties','en'),(1087,1087,'Purchase','en'),(1088,1088,'Purchase SSL certificate','en'),(1089,1089,'PO number','en'),(1090,1090,'Put up selected for sale','en'),(1091,1091,'Qty','en'),(1092,1092,'Qty.','en'),(1093,1093,'Quantity: high to low','en'),(1094,1094,'Quantity: low to high','en'),(1095,1095,'Queued','en'),(1096,1096,'Quick and easy setup','en'),(1097,1097,'Rate','en'),(1098,1098,'Rates','en'),(1099,1099,'Rates / Conditions','en'),(1100,1100,'Raw online rate (on-line rate)','en'),(1101,1101,'Re-build cache','en'),(1102,1102,'Re-generate access key','en'),(1103,1103,'Re-order','en'),(1104,1104,'Redirect customers to HTTPS','en'),(1105,1105,'Recommended','en'),(1106,1106,'Referer','en'),(1107,1107,'Register','en'),(1108,1108,'Registered','en'),(1109,1109,'Remove','en'),(1110,1110,'Required','en'),(1111,1111,'Required PHP extensions are missing: {{extensions}}','en'),(1112,1112,'Some of them require a registered merchant account','en'),(1113,1113,'Re-run benchmark','en'),(1114,1114,'Resend the secret link to renew access','en'),(1115,1115,'Response from Marketplace not received','en'),(1116,1116,'Response from Marketplace: ','en'),(1117,1117,'Restore','en'),(1118,1118,'Restore database','en'),(1119,1119,'Restore from server','en'),(1120,1120,'Restore last backup','en'),(1121,1121,'Restore links','en'),(1122,1122,'Return to Drupal','en'),(1123,1123,'Revenue','en'),(1124,1124,'Review statistics on the various aspects of your store\'s operation','en'),(1125,1125,'Role','en'),(1126,1126,'Roles','en'),(1127,1127,'Root Level','en'),(1128,1128,'Root access','en'),(1129,1129,'Root category','en'),(1130,1130,'Run Benchmark again','en'),(1131,1131,'Run benchmark','en'),(1132,1132,'SKU: a-z','en'),(1133,1133,'SKU: z-a','en'),(1134,1134,'SMTP server','en'),(1135,1135,'STORE SETUP','en'),(1136,1136,'SYSTEM SETTINGS','en'),(1137,1137,'Safe mode','en'),(1138,1138,'Safe mode access key','en'),(1139,1139,'Sale','en'),(1140,1140,'Sale price','en'),(1141,1141,'Sale statistics since the opening of the store','en'),(1142,1142,'Sales','en'),(1143,1143,'Sales tax','en'),(1144,1144,'Save as new','en'),(1145,1145,'Save changes','en'),(1146,1146,'Save zone details','en'),(1147,1147,'Savings','en'),(1148,1148,'Search for modules','en'),(1149,1149,'Search for orders','en'),(1150,1150,'Search for users','en'),(1151,1151,'Search for users that are','en'),(1152,1152,'Search in subcategories','en'),(1153,1153,'Search product','en'),(1154,1154,'Search profiles','en'),(1155,1155,'Search result','en'),(1156,1156,'Search results','en'),(1157,1157,'Secure connection cannot be established.','en'),(1158,1158,'Security','en'),(1159,1159,'Security settings','en'),(1160,1160,'Select country','en'),(1161,1161,'Select options','en'),(1162,1162,'Select status','en'),(1163,1163,'Send','en'),(1164,1164,'Send test email','en'),(1165,1165,'Send to {{email}}','en'),(1166,1166,'SEO settings','en'),(1167,1167,'Service name','en'),(1168,1168,'Service name of address field','en'),(1169,1169,'Set','en'),(1170,1170,'Set the sale price','en'),(1171,1171,'Settings','en'),(1172,1172,'Set up <a href=\"{{URL1}}\">address zones</a> and <a href=\"{{URL2}}\">taxes</a>','en'),(1173,1173,'Shipping & Taxes','en'),(1174,1174,'Shipping address','en'),(1175,1175,'Shipping address is not completly defined yet','en'),(1176,1176,'Shipping address is not defined','en'),(1177,1177,'Shipping address is not defined yet','en'),(1178,1178,'Shipping info','en'),(1179,1179,'The shipping rate has been created successfully','en'),(1180,1180,'The shipping rates have been updated','en'),(1181,1181,'Shipping method','en'),(1182,1182,'The shipping method has been added','en'),(1183,1183,'Shipping methods','en'),(1184,1184,'Shipping methods are not available','en'),(1185,1185,'Shipping rates','en'),(1186,1186,'Shipping settings','en'),(1187,1187,'Address zones','en'),(1188,1188,'There\'s a minimum purchase limit of {{minQuantity}}. The number of units of the product \'{{productName}}\' in cart has been adjusted to reach this limit.','en'),(1189,1189,'There\'s a maximum purchase limit of {{maxQuantity}}. The number of units of the product \'{{productName}}\' in cart has been adjusted to reach this limit.','en'),(1190,1190,'Carrier','en'),(1191,1191,'Order tracking information','en'),(1192,1192,'Track package','en'),(1193,1193,'Send tracking info','en'),(1194,1194,'No tracking numbers are defined','en'),(1195,1195,'Tracking numbers','en'),(1196,1196,'\"{{number}}\" tracking number has been added','en'),(1197,1197,'\"{{number}}\" tracking number has been removed','en'),(1198,1198,'Tracking number has been changed from \"{{old_number}}\" to \"{{new_number}}\"','en'),(1199,1199,'Add tracking number','en'),(1200,1200,'Tracking information has been sent','en'),(1201,1201,'Shopping cart','en'),(1202,1202,'Show social buttons','en'),(1203,1203,'Sign in','en'),(1204,1204,'Sign out','en'),(1205,1205,'Size','en'),(1206,1206,'Common tax settings','en'),(1207,1207,'Hide settings','en'),(1208,1208,'Display settings','en'),(1209,1209,'Rename label','en'),(1210,1210,'<strong>Disables all modules except for the ones that were downloaded from the Marketplace</strong>(soft reset)','en'),(1211,1211,'Specify your <a href=\"{{URL}}\">store information</a>','en'),(1212,1212,'Speed up your store','en'),(1213,1213,'Start selling!','en'),(1214,1214,'State','en'),(1215,1215,'States','en'),(1216,1216,'The states have been deleted successfully','en'),(1217,1217,'The states have been updated successfully','en'),(1218,1218,'Statistics','en'),(1219,1219,'Status','en'),(1220,1220,'Store Maintenance','en'),(1221,1221,'Store currency','en'),(1222,1222,'Contact information','en'),(1223,1223,'Store is closed','en'),(1224,1224,'Store is open','en'),(1225,1225,'Store setup','en'),(1226,1226,'Storefront','en'),(1227,1227,'Subcategories','en'),(1228,1228,'Subject','en'),(1229,1229,'Substring','en'),(1230,1230,'Subtotal range (begin)','en'),(1231,1231,'Subtotal range (end)','en'),(1232,1232,'Successfully imported X new products','en'),(1233,1233,'Successfully imported X new products and updated Y existing products','en'),(1234,1234,'Successfully updated Y products','en'),(1235,1235,'Suffix','en'),(1236,1236,'Synchronous','en'),(1237,1237,'System settings','en'),(1238,1238,'Table','en'),(1239,1239,'Tax disabled','en'),(1240,1240,'Tax enabled','en'),(1241,1241,'The tax has been disabled successfully','en'),(1242,1242,'The tax has been enabled successfully','en'),(1243,1243,'The tax rates have been updated successfully','en'),(1244,1244,'Tax rate has been deleted successfully','en'),(1245,1245,'Tax rate has not been deleted','en'),(1246,1246,'Tax title','en'),(1247,1247,'Taxes','en'),(1248,1248,'Teaser','en'),(1249,1249,'Test email configuration','en'),(1250,1250,'Test shipping rates','en'),(1251,1251,'Tester','en'),(1252,1252,'Text','en'),(1253,1253,'Thank you for your order','en'),(1254,1254,'The SSL certificate installed for your custom website domain is not valid.','en'),(1255,1255,'The SSL certificate installed on your server is not valid. Although you can switch the store to use the secure protocol for the website pages, most Internet browsers will likely display a warning message scaring your website visitors away.','en'),(1256,1256,'The X language has been added and enabled successfully','en'),(1257,1257,'The attachment has been added successfully','en'),(1258,1258,'The changes will be applied to all selected products','en'),(1259,1259,'The detailed image has been added successfully','en'),(1260,1260,'The detailed image has been deleted','en'),(1261,1261,'The detailed images have been updated successfully','en'),(1262,1262,'The exceptions have been updated successfully','en'),(1263,1263,'To enable this add-on, the following add-on(s) must be enabled','en'),(1264,1264,'To enable this add-on, the following add-on(s) must be disabled','en'),(1265,1265,'The following categories were selected to be removed','en'),(1266,1266,'The following dependent add-ons will be disabled automatically','en'),(1267,1267,'The image has been updated','en'),(1268,1268,'The HTTPS protocol is enabled for your website','en'),(1269,1269,'The import is in progress','en'),(1270,1270,'The import will start immediately upon selecting the data file. No additional confirmation prompts will appear.','en'),(1271,1271,'The language you want to delete is the default application language and cannot be deleted','en'),(1272,1272,'The language you want to delete is the default interface language and cannot be deleted','en'),(1273,1273,'The maximum number of uses','en'),(1274,1274,'The module has been partially uninstalled','en'),(1275,1275,'The module is not compatible with your X-Cart version','en'),(1276,1276,'The page has been added','en'),(1277,1277,'The product option group has been added successfully','en'),(1278,1278,'The product option group has been updated successfully','en'),(1279,1279,'The product option groups have been updated successfully','en'),(1280,1280,'Failed to update the product option groups','en'),(1281,1281,'The requested page could not be found.','en'),(1282,1282,'Sorry, this page is no longer available.','en'),(1283,1283,'Sorry, this product is no longer available.','en'),(1284,1284,'Sorry, this category is no longer available.','en'),(1285,1285,'If you continue having trouble finding what you are looking for please contact our customer service department.','en'),(1286,1286,'Go to home page','en'),(1287,1287,'The restoration procedure is irreversible and erases all existing data tables from your store\'s database. It is highly recommended that you back up the data currently stored in the database before restoring a past version of your database from backup.','en'),(1288,1288,'The same as shipping','en'),(1289,1289,'The selected shipping rates have been deleted successfully','en'),(1290,1290,'The state has been added successfully','en'),(1291,1291,'The text label has not been added because its translation into the default application language has not been specified','en'),(1292,1292,'The text label has not been added because its translation into the default interface language has not been specified','en'),(1293,1293,'The text label has not been modified because its translation into the default application language has not been specified','en'),(1294,1294,'The text label has not been modified because its translation into the default interface language has not been specified','en'),(1295,1295,'The upgrade is completed. Please do not close this page until you check your web site and make sure that everything works properly','en'),(1296,1296,'There are no categories','en'),(1297,1297,'There are no rates selected','en'),(1298,1298,'There are no rates available for the specified source/destination and/or package measurements/weight.','en'),(1299,1299,'Find language in the marketplace','en'),(1300,1300,'There is no user with the specified email address','en'),(1301,1301,'There were no orders placed','en'),(1302,1302,'These components require your attention','en'),(1303,1303,'These components will be updated','en'),(1304,1304,'These instructions will appear below the order invoice on the page that customers see after they confirm their order.','en'),(1305,1305,'These links were already provided to you after this store was installed and will be emailed to you again after you start the upgrade process','en'),(1306,1306,'Please contact the module developers to make sure that these modules are compatible with the upcoming upgrade. We do not guarantee that the store will operate correctly if the modules remain enabled. Consider disabling the modules before you proceed to the next step.','en'),(1307,1307,'This address was used as a billing address during a recent purchase','en'),(1308,1308,'This address was used as a shipping address during a recent purchase','en'),(1309,1309,'This component is automatically calculated by a shipping add-on module and cannot be edited','en'),(1310,1310,'This email address is already in use by another user.','en'),(1311,1311,'This email address is used for an existing account. Enter another email address or sign in','en'),(1312,1312,'This is the default zone which covers all addresses. It is not possible to edit this zone\'s countries, states, etc.','en'),(1313,1313,'This month','en'),(1314,1314,'Once the links are regenerated, they will be sent to the store administrator email.','en'),(1315,1315,'After clicking this button, your hard/soft reset links will be regenerated. You may need this if your old links were compromised.','en'),(1316,1316,'This section displays order placement statistics','en'),(1317,1317,'This site requires JavaScript to function properly.','en'),(1318,1318,'This week','en'),(1319,1319,'This quarter','en'),(1320,1320,'This year','en'),(1321,1321,'Through','en'),(1322,1322,'Thumbnail','en'),(1323,1323,'Title','en'),(1324,1324,'New tax class','en'),(1325,1325,'Create zone','en'),(1326,1326,'Shipping / Payment info','en'),(1327,1327,'To contact us please use the form below','en'),(1328,1328,'To email','en'),(1329,1329,'To place the order please accept the Terms and Conditions','en'),(1330,1330,'To place the order please complete the previous steps first','en'),(1331,1331,'To reset your password, please enter the email address associated with your user account','en'),(1332,1332,'Today','en'),(1333,1333,'Best sellers','en'),(1334,1334,'Best sellers','en'),(1335,1335,'Translation driver','en'),(1336,1336,'Twitter','en'),(1337,1337,'Type','en'),(1338,1338,'Type of Account','en'),(1339,1339,'Admin has requested a change of password for your account. Please change the password before you proceed.','en'),(1340,1340,'The new password must not coincide with the current password for your account.','en'),(1341,1341,'Uncheck all','en'),(1342,1342,'Understanding Online Payments','en'),(1343,1343,'Error: Version value was not passed','en'),(1344,1344,'Uninstall','en'),(1345,1345,'Units & Formats','en'),(1346,1346,'Units of measurement','en'),(1347,1347,'Unknown','en'),(1348,1348,'Unpacking archives, please wait...','en'),(1349,1349,'Unset','en'),(1350,1350,'Update exceptions','en'),(1351,1351,'Update module','en'),(1352,1352,'Update product','en'),(1353,1353,'Update profile','en'),(1354,1354,'Updated components','en'),(1355,1355,'Updates are available','en'),(1356,1356,'Updates for the X-Cart core and/or installed modules are available','en'),(1357,1357,'Updates for your version ({{version}})','en'),(1358,1358,'Upgrade','en'),(1359,1359,'Upgrade is available','en'),(1360,1360,'Upgrade core','en'),(1361,1361,'Upgrade module','en'),(1362,1362,'Upgrade to version {{version}}','en'),(1363,1363,'Upload','en'),(1364,1364,'Upload add-on','en'),(1365,1365,'Upload and restore','en'),(1366,1366,'Upload file','en'),(1367,1367,'Use a merchant account from your financial institution or choose a bundled payment solution to accept credit cards and other methods of payment on your website.','en'),(1368,1368,'Use a merchant account from your financial institution to accept online payments','en'),(1369,1369,'Use custom js','en'),(1370,1370,'Use blurred image placeholders for smart image loading','en'),(1371,1371,'Use image background placeholders for smart image loading','en'),(1372,1372,'When enabled, pre-loaded low resolution images or single color background image placeholders are used to replace the actual full resolution images on the storefront before they are fully loaded.','en'),(1373,1373,'Use default logo','en'),(1374,1374,'Use dynamic image resizing','en'),(1375,1375,'This setting determines what happens if X-Cart cannot find a previously generated resized version of an image it needs to display. If this setting is enabled, an appropriately sized version of the image is generated on the fly. If this setting is disabled, the original (non-resized) image is used.','en'),(1376,1376,'Use the category name','en'),(1377,1377,'Use the navigation bar above this dialog to navigate through the catalog categories','en'),(1378,1378,'Use this section to back up the database of your online store. Please note that the database backup procedure can take up to several minutes.','en'),(1379,1379,'Use this section to define address zones.','en'),(1380,1380,'Use this section to configure your store\'s shipping methods.','en'),(1381,1381,'Use this section to manage the list of existing countries. This list is used in the shipping settings and calculations, as well as in the registration form in the Customer area.','en'),(1382,1382,'Use this section to manage the lists of counties, provinces, regions and states of different countries. The lists are used in shipping settings and calculations, as well as in the registration form in the Customer area.','en'),(1383,1383,'Use this section to restore the database of your online store. Please note that the database restoration procedure can take up to several minutes','en'),(1384,1384,'Use this section to review the list of existing membership levels and add new ones','en'),(1385,1385,'User membership','en'),(1386,1386,'User type','en'),(1387,1387,'Username or email','en'),(1388,1388,'Users','en'),(1389,1389,'Uses count','en'),(1390,1390,'Uses left','en'),(1391,1391,'VAT','en'),(1392,1392,'Validate key','en'),(1393,1393,'Value','en'),(1394,1394,'Version','en'),(1395,1395,'Version change','en'),(1396,1396,'View all open orders','en'),(1397,1397,'View logs','en'),(1398,1398,'View profile','en'),(1399,1399,'View system logs','en'),(1400,1400,'View update log','en'),(1401,1401,'Visit module details page','en'),(1402,1402,'Visit storefront','en'),(1403,1403,'Volume discounts','en'),(1404,1404,'Warning','en'),(1405,1405,'Warning! Not enough items in stock for the order to be processed','en'),(1406,1406,'Warning: this operation cannot be reverted!','en'),(1407,1407,'Watch video','en'),(1408,1408,'Web server','en'),(1409,1409,'Weight modifier','en'),(1410,1410,'What is benchmark?','en'),(1411,1411,'After the export process has been completed, you will be prompted to download the product data file','en'),(1412,1412,'Width (px)','en'),(1413,1413,'Wrong method_id specifed','en'),(1414,1414,'Wrong value is specified for arrival date field. The field was not updated.','en'),(1415,1415,'X-Cart','en'),(1416,1416,'X-Cart online store builder','en'),(1417,1417,'X-Cart shopping cart software','en'),(1418,1418,'XML parser','en'),(1419,1419,'XML sitemap','en'),(1420,1420,'Yahoo!','en'),(1421,1421,'Yandex','en'),(1422,1422,'Yes','en'),(1423,1423,'Yes, I accept the License agreement','en'),(1424,1424,'You are not allowed to access this resource!','en'),(1425,1425,'Your access link has expired.','en'),(1426,1426,'It seems that your custom add-ons were developed for a specific version of X-Cart core. As a result, some adaptation of these add-ons may be required for the upcoming upgrade. Please contact your module developer to assist you with the adaptation.','en'),(1427,1427,'Unfortunately, you don\'t have permissions to access this page.','en'),(1428,1428,'To continue, please {{singin}}','en'),(1429,1429,'sign in','en'),(1430,1430,'Please <a href=\"{{contact_link}}\">contact the administrator</a>','en'),(1431,1431,'You have selected to delete your profile. Please confirm that you want to proceed','en'),(1432,1432,'PHP <a href=\'//php.net/phar\' target=\'_blank\'>.phar</b> extension is not enabled on your server. Here is a <a href=\'https://kb.x-cart.com/en/setting_up_x-cart_5_environment/setting_up_.phar.html\' target=\'_blank\'>manual</a> for setting up the extension.','en'),(1433,1433,'PHP cURL extension is not enabled on your server. Here is a <a href=\'https://kb.x-cart.com/en/setting_up_x-cart_5_environment/setting_up_curl.html\' target=\'_blank\'>manual</a> for setting up the extension.','en'),(1434,1434,'PHP openSSL extension is not enabled on your server. Here is a <a href=\'https://kb.x-cart.com/en/setting_up_x-cart_5_environment/setting_up_openssl.html\' target=\'_blank\'>manual</a> for setting up the extension.','en'),(1435,1435,'Your server does not have an SSL certificate. Ask your hosting team to install an SSL certificate or create a self-signed one according to this <a href=\'https://kb.x-cart.com/en/setting_up_x-cart_5_environment/creating_self-signed_ssl_certificate.html\' target=\'_blank\'>guide</a>.','en'),(1436,1436,'Previous attempt to connect to the Marketplace server failed.','en'),(1437,1437,'cURL returned an error while establishing a connection: {{error code}} {{error message}}','en'),(1438,1438,'After the problem has been fixed, try to <a href=\'{{clear_cache}}\'>connect</a> again.','en'),(1439,1439,'Require to change password on next log in','en'),(1440,1440,'Change password','en'),(1441,1441,'Your account information will be emailed to you shortly','en'),(1442,1442,'Your account information will be emailed to you shortly.','en'),(1443,1443,'Your email','en'),(1444,1444,'Your name','en'),(1445,1445,'Your products will be exported as a CSV file.','en'),(1446,1446,'Your cart is empty','en'),(1447,1447,'Your state','en'),(1448,1448,'Your storefront','en'),(1449,1449,'Your store is currently unable to calculate taxes','en'),(1450,1450,'Zip code','en'),(1451,1451,'Zip/postal code masks','en'),(1452,1452,'City masks','en'),(1453,1453,'Zone','en'),(1454,1454,'Zone name','en'),(1455,1455,'Zones','en'),(1456,1456,'and','en'),(1457,1457,'by','en'),(1458,1458,'details','en'),(1459,1459,'disabled','en'),(1460,1460,'downloads','en'),(1461,1461,'enabled','en'),(1462,1462,'from URL','en'),(1463,1463,'from local computer','en'),(1464,1464,'from local server','en'),(1465,1465,'hard reset','en'),(1466,1466,'in description','en'),(1467,1467,'in title','en'),(1468,1468,'is available','en'),(1469,1469,'items available','en'),(1470,1470,'less','en'),(1471,1471,'modules','en'),(1472,1472,'ms','en'),(1473,1473,'never','en'),(1474,1474,'none','en'),(1475,1475,'The following archives could not be unpacked: {{list}}','en'),(1476,1476,'Try to unpack them manually, then click on <a href=\'{{link}}\'>this link</a>.','en'),(1477,1477,'not available for sale','en'),(1478,1478,'not installed','en'),(1479,1479,'not ready to download packs. Please, try again','en'),(1480,1480,'of','en'),(1481,1481,'options','en'),(1482,1482,'or','en'),(1483,1483,'proxy','en'),(1484,1484,'sale','en'),(1485,1485,'should be performed manually','en'),(1486,1486,'soft reset','en'),(1487,1487,'trying to install a non-marketplace module: \"{{name}}\"','en'),(1488,1488,'trying to unpack non-downloaded archives','en'),(1489,1489,'Unable to install: The following archives could not be unpacked: {{list}}','en'),(1490,1490,'Unable to test files: The following archives could not be unpacked: {{list}}','en'),(1491,1491,'unknown','en'),(1492,1492,'you save','en'),(1493,1493,'Action \"{{class}}::{{action}}\", {{message}}','en'),(1494,1494,'The key has been validated, but the module {{module}} has not been found','en'),(1495,1495,'Response from Marketplace: {{response}}','en'),(1496,1496,'Please specify a non-empty key','en'),(1497,1497,'A DB error occurred while uninstalling the module \"{{name}}\"','en'),(1498,1498,'The module \"{{name}}\" has been uninstalled successfully','en'),(1499,1499,'Unable to delete the module \"{{name}}\" files: some dirs do not have write permissions: {{dirs}}','en'),(1500,1500,'License not received','en'),(1501,1501,'invalid module ID passed: \"{{moduleId}}\"','en'),(1502,1502,'unable to add module entry to the installation list: \"{{path}}\"','en'),(1503,1503,'module version \"{{module_version}}\" does not match the core version (\"{{core_version}}\")','en'),(1504,1504,'unable to upload the module','en'),(1505,1505,'The modules have been successfully installed','en'),(1506,1506,'{{ext}} file type','en'),(1507,1507,'Zone not found ({{zoneId}})','en'),(1508,1508,'The profiles have been merged','en'),(1509,1509,'The profile has been registered. The password has been sent to the user\'s email address','en'),(1510,1510,'<a href=\"terms-and-conditions.html\">Terms and conditions details</a><br /><br />Edit the \"Terms and conditions text\" label via the Admin area','en'),(1511,1511,'<span class=\"modules-amount\">{{count}}</span> addon(s) selected','en'),(1512,1512,'State cannot be created with an unknown country code ({{code}})','en'),(1513,1513,'There are no labels translated to {{language}}','en'),(1514,1514,'Module with ID \"{{id}}\" not found','en'),(1515,1515,'We are already aware of this problem and are working on it. If you would like to get in touch, feel free to contact us via our Help center at <a href=\"{{url}}\" target=\"_blank\">{{url}}</a>.','en'),(1516,1516,'The following expected input data has a wrong format or is empty: {{fields}}','en'),(1517,1517,'Unknown language: {{code}}','en'),(1518,1518,'deleted','en'),(1519,1519,'It is impossible to detect valid SSL certificate availability on your server because curl extension is not installed.','en'),(1520,1520,'Your store is configured to use the secure protocol for both the store’s back end and customer area.','en'),(1521,1521,'We have found a valid SSL certificate installed on the server. Now you can switch the store to use the secure protocol for the store\'s back end, checkout, sign-in and profile pages.','en'),(1522,1522,'Support','en'),(1523,1523,'After the upgrade is completed, please check your website. If you find that the site is not operating properly, please try the following','en'),(1524,1524,'Start Import','en'),(1525,1525,'New import','en'),(1526,1526,'Critical errors have been detected in the files you are trying to import. Check the manual to correct the errors and try again.','en'),(1527,1527,'Data has not been found','en'),(1528,1528,'Clear the item\'s data before importing this item','en'),(1529,1529,'Do not verify images to run the process faster','en'),(1530,1530,'Delete temporary files after the import is completed','en'),(1531,1531,'Import settings','en'),(1532,1532,'Upload files','en'),(1533,1533,'Samples of the file structures','en'),(1534,1534,'Continue import','en'),(1535,1535,'Re-upload files','en'),(1536,1536,'The import process may take a while to complete. You may close the page; the process will continue in the background. If the process takes long enough, we will send you a notification when it is completed.','en'),(1537,1537,'The import process may take a while to complete. Please do not close this page until the process is fully completed. If you have closed the page, please re-open it to complete the import process as it is in progress only when the page is open.','en'),(1538,1538,'Verification results','en'),(1539,1539,'Import by CSV','en'),(1540,1540,'Order by','en'),(1541,1541,'Query','en'),(1542,1542,'Count','en'),(1543,1543,'Products found','en'),(1544,1544,'Cleanup queries','en'),(1545,1545,'requested only once','en'),(1546,1546,'requested once or twice','en'),(1547,1547,'Cleanup','en'),(1548,1548,'The shipping rate has been added successfully','en'),(1549,1549,'The shipping rate cannot be added','en'),(1550,1550,'Please make sure that <b>\"min weight\", \"min total\", \"min items\", \"shipping zone\" and \"shipping method\"</b> fields do not overlap with those of any other shipping rates.','en'),(1551,1551,'Administrator area','en'),(1552,1552,'This section displays order processing statistics','en'),(1553,1553,'Compare your result with other servers','en'),(1554,1554,'The values are average','en'),(1555,1555,'Customer area is closed for maintenance.','en'),(1556,1556,'This page allows you to configure shipping methods, address zones and shipping charges.','en'),(1557,1557,'Shipping charges','en'),(1558,1558,'New address','en'),(1559,1559,'Forgot your password?','en'),(1560,1560,'No such user','en'),(1561,1561,'Edit attributes','en'),(1562,1562,'To set up attributes specific for product classes, define the product classes first.','en'),(1563,1563,'Here you can define attributes for all of your products and sets of attributes for different classes of your products.','en'),(1564,1564,'Here you can define how your payment methods will look in the Customer area.','en'),(1565,1565,'More payment methods can be added by installing appropriate payment modules. Check out the Marketplace to find and install the payment modules you require.','en'),(1566,1566,'Need more payment methods?','en'),(1567,1567,'Upload from server','en'),(1568,1568,'Upload from your computer','en'),(1569,1569,'Warning: The restoration procedure is irreversible and erases all existing data tables from the store\'s database. It is highly recommended that you back up the data currently stored in your database before restoring a past version of your database from backup.','en'),(1570,1570,'Also, if you want to upload the backup of <b>another</b> X-Cart installation, ensure that you have completed the steps described <a href=\'{{url}}\'>here</a>','en'),(1571,1571,'Use this section to back up the database of your online store. Please note that the database backup procedure can take up to several minutes.','en'),(1572,1572,'If you choose to create an SQL file, you will be able to download the file from the server later and, after that, delete it from the server using the \"Delete SQL file\" button.','en'),(1573,1573,'You cannot save database data to a file on the web server (\'var/backup/sqldump.sql.php\').','en'),(1574,1574,'The directory \'var/backup/\' does not exist or is not writable.','en'),(1575,1575,'Ship in a separate box','en'),(1576,1576,'You will be able to provide additional product info (images, attributes, etc.) after you submit this form.','en'),(1577,1577,'Clone this product','en'),(1578,1578,'Clone','en'),(1579,1579,'Preview product page','en'),(1580,1580,'Tax class','en'),(1581,1581,'There are no images loaded for this product','en'),(1582,1582,'No product class assigned','en'),(1583,1583,'Name, e.g. Apparel','en'),(1584,1584,'Manage product classes','en'),(1585,1585,'If you have multiple products sharing the same set of attributes, it makes sence to set up a common product type for these products and create the attributes on the product type level.','en'),(1586,1586,'Attribute option','en'),(1587,1587,'Modifiers','en'),(1588,1588,'Default option','en'),(1589,1589,'Length x Width x Height','en'),(1590,1590,'Maximum number of items per box','en'),(1591,1591,'Attribute name','en'),(1592,1592,'Attribute values','en'),(1593,1593,'Re-generate links','en'),(1594,1594,'Attribute group','en'),(1595,1595,'Attribute groups','en'),(1596,1596,'Attribute','en'),(1597,1597,'No group','en'),(1598,1598,'No attributes','en'),(1599,1599,'No attributes assigned','en'),(1600,1600,'Including subcategories','en'),(1601,1601,'The provided file contains the following language labels:','en'),(1602,1602,'The language labels have been successfully imported:','en'),(1603,1603,'Language:','en'),(1604,1604,'labels count:','en'),(1605,1605,'Number of ignored rows:','en'),(1606,1606,'Please confirm that you want to proceed with the import or cancel the operation.','en'),(1607,1607,'Failure: Wrong file format.','en'),(1608,1608,'The language CSV file should be a text file containing three columns per row (the columns must be separated by a comma:','en'),(1609,1609,'language code,','en'),(1610,1610,'label name,','en'),(1611,1611,'label translation.','en'),(1612,1612,'Please make sure your file format is as described.','en'),(1613,1613,'default','en'),(1614,1614,'Get CSV','en'),(1615,1615,'Not selected','en'),(1616,1616,'To change your roles, contact the store administrator','en'),(1617,1617,'You have the following roles:','en'),(1618,1618,'Welcome','en'),(1619,1619,'Edit attribute values','en'),(1620,1620,'Click if you do not want to add this value to new products or class assigns automatically','en'),(1621,1621,'Click if you want to add this value to new products or class assigns automatically','en'),(1622,1622,'Enabled in catalog','en'),(1623,1623,'Disabled in catalog','en'),(1624,1624,'What to export','en'),(1625,1625,'editable','en'),(1626,1626,'multi value','en'),(1627,1627,'Removing this attribute will affect all the products. Leave this blank to hide this option for the product.','en'),(1628,1628,'Delete all files','en'),(1629,1629,'Before editing attributes specific for the chosen type you should save the changes','en'),(1630,1630,'Default value','en'),(1631,1631,'New value','en'),(1632,1632,'New group','en'),(1633,1633,'New Export','en'),(1634,1634,'The following files are too large to be included in the archive','en'),(1635,1635,'Start Export','en'),(1636,1636,'Export settings','en'),(1637,1637,'Export public files as','en'),(1638,1638,'URLs','en'),(1639,1639,'local files','en'),(1640,1640,'Choosing \"URLs\" will link the exported data to your public files (product and category images, downloadable files shown on product pages, and so on) through direct URLs. Public files won\'t be included into the archive with exported files; however, private files (for example, digitally distributed products) will go into the archive anyway.<br /><br />Choosing \"local files\" will provide file paths to your files, relative to your X-Cart installation.','en'),(1641,1641,'Download all files','en'),(1642,1642,'Exported files','en'),(1643,1643,'Export completed','en'),(1644,1644,'Exporting data...','en'),(1645,1645,'The export process may take a while to complete. You may close the page, the process will continue in the background. If the process takes long enough, we will send you a notification when it is completed.','en'),(1646,1646,'The export process may take a while to complete. Please do not close this page until the process is fully completed. If you have closed the page, please re-open it to complete the export process as it is in progress only when the page is open.','en'),(1647,1647,'Export failed','en'),(1648,1648,'Export was not started','en'),(1649,1649,'Export cannot be started because it is disabled or there is another running export process. Try again later.','en'),(1650,1650,'Export in CSV','en'),(1651,1651,'Please make sure the following modules are installed and enabled:','en'),(1652,1652,'You have no payment methods enabled at your store','en'),(1653,1653,'This method does not support the current store currency and is not available to customers','en'),(1654,1654,'This method is in test mode','en'),(1655,1655,'Configure','en'),(1656,1656,'This payment method cannot be enabled until you configure it','en'),(1657,1657,'Edit product','en'),(1658,1658,'There are no shipping methods defined for this carrier','en'),(1659,1659,'Click to edit rates','en'),(1660,1660,'Click to add rates','en'),(1661,1661,'Add rates','en'),(1662,1662,'Edit','en'),(1663,1663,'Click to edit states','en'),(1664,1664,'Click to add states','en'),(1665,1665,'Add states','en'),(1666,1666,'Add state','en'),(1667,1667,'Click to edit all the translations for this label','en'),(1668,1668,'Warning! Installing this module will overwrite any existing label translations for this language.','en'),(1669,1669,'Please','en'),(1670,1670,'upgrade core','en'),(1671,1671,'No modules found','en'),(1672,1672,'No users found','en'),(1673,1673,'No products found','en'),(1674,1674,'No profiles found','en'),(1675,1675,'Installed version','en'),(1676,1676,'outdated','en'),(1677,1677,'Purchased','en'),(1678,1678,'View in list','en'),(1679,1679,'Popularity','en'),(1680,1680,'Module\'s page','en'),(1681,1681,'Activate key','en'),(1682,1682,'if you have any questions','en'),(1683,1683,'Success','en'),(1684,1684,'Fax','en'),(1685,1685,'The shipping cost has been calculated based on the following combination of products into packages:','en'),(1686,1686,'Package','en'),(1687,1687,'weight','en'),(1688,1688,'dimensions','en'),(1689,1689,'item(s)','en'),(1690,1690,'Placed on','en'),(1691,1691,'OR','en'),(1692,1692,'Root categories','en'),(1693,1693,'WARNING! There are no more available administrator profiles. You will not be able to manage your store after you delete this profile.','en'),(1694,1694,'Are you sure you want to delete this profile?','en'),(1695,1695,'Autogenerate Clean URL','en'),(1696,1696,'products','en'),(1697,1697,'Already added','en'),(1698,1698,'Edit attribute','en'),(1699,1699,'New attribute','en'),(1700,1700,'Manage groups','en'),(1701,1701,'No attributes are defined for the product class yet.','en'),(1702,1702,'Need a license key?','en'),(1703,1703,'Your X-Cart installation is licensed for evaluation purposes only.','en'),(1704,1704,'You can build your website during FREE evaluation, but you cannot use this installation for real sales without buying a license.','en'),(1705,1705,'For details refer to','en'),(1706,1706,'Removing this message without buying a Full license is prohibited and will result in legal proceedings.','en'),(1707,1707,'Core version','en'),(1708,1708,'verified version','en'),(1709,1709,'Loopback test','en'),(1710,1710,'Warning! InnoDB engine is not supported. It is required for software operation','en'),(1711,1711,'Not detected','en'),(1712,1712,'Warning!','en'),(1713,1713,'PHP \'gd\' extension is not installed.','en'),(1714,1714,'Curl version','en'),(1715,1715,'Curl options','en'),(1716,1716,'cannot create directory','en'),(1717,1717,'subdirectories problems','en'),(1718,1718,'file does not exist','en'),(1719,1719,'Directory is empty','en'),(1720,1720,'Comma','en'),(1721,1721,'Semicolon','en'),(1722,1722,'Tab','en'),(1723,1723,'A membership name cannot contain such symbols as \\, \' and \". Also, it cannot exceed 32 characters.','en'),(1724,1724,'Please enter a unique membership name','en'),(1725,1725,'Required field','en'),(1726,1726,'The value must be in the range of','en'),(1727,1727,'Click to open','en'),(1728,1728,'Click to close','en'),(1729,1729,'Double quote','en'),(1730,1730,'Single quote','en'),(1731,1731,'empty','en'),(1732,1732,'Warning! CSV file was not specified.','en'),(1733,1733,'Warning! The file you have specified in the \'File (CSV) local\' field does not exist or cannot be read.','en'),(1734,1734,'Please enter the correct file location or set correct file permissions.','en'),(1735,1735,'Warning! The file you have specified in the \'File (CSV) for upload\' field has not been uploaded to the server.','en'),(1736,1736,'Already exists','en'),(1737,1737,'Confirmation does not match','en'),(1738,1738,'Incomplete','en'),(1739,1739,'Complete','en'),(1740,1740,'Please, enter a valid email address','en'),(1741,1741,'Please, enter a valid IP address','en'),(1742,1742,'Result pages','en'),(1743,1743,'User activity','en'),(1744,1744,'now disabled','en'),(1745,1745,'Upgrade for X-Cart core is available','en'),(1746,1746,'Now disabled','en'),(1747,1747,'Will be installed','en'),(1748,1748,'The module is incompatible with the new core version that is going to be installed','en'),(1749,1749,'Check again','en'),(1750,1750,'Failure','en'),(1751,1751,'An upgrade is a dangerous process that may result in a crashed website. It is strongly recommended to create a full back up of your store (the code and the database) and download it to a local computer before you proceed to the next step.','en'),(1752,1752,'Some files are modified','en'),(1753,1753,'The system has detected that some custom modifications were made by editing core and module files, not by writing new modules. In order to proceed with the upgrade you should decide what to do with the modifications','en'),(1754,1754,'Replace all modified files with the unmodified newer versions','en'),(1755,1755,'the custom modifications will be lost','en'),(1756,1756,'Do not replace selected files and ignore their newer versions','en'),(1757,1757,'your web site may crash','en'),(1758,1758,'Select all','en'),(1759,1759,'Unselect all','en'),(1760,1760,'New user registered','en'),(1761,1761,'Website','en'),(1762,1762,'Last 24 hours','en'),(1763,1763,'Last 7 days','en'),(1764,1764,'Last month','en'),(1765,1765,'Store lifetime','en'),(1766,1766,'View all','en'),(1767,1767,'Changes of attribute values will affect only this product. Changes of attribute names and of the attribute list will affect all the products of the corresponding class.','en'),(1768,1768,'Changes of attribute values will affect only this product. Changes of attribute names and of the attribute list will affect all the products','en'),(1769,1769,'Apply value changes locally','en'),(1770,1770,'Apply value changes globally','en'),(1771,1771,'The password is the one you specified during checkout.','en'),(1772,1772,'The password is the one you specified.','en'),(1773,1773,'Register user','en'),(1774,1774,'Test email notification','en'),(1775,1775,'Test email notification:','en'),(1776,1776,'Your new password','en'),(1777,1777,'You can now use the following credentials to access your account','en'),(1778,1778,'To change the password, log into your company account and use the \'My account\' link','en'),(1779,1779,'New safe mode access key has been generated','en'),(1780,1780,'Use the following key to access safe mode','en'),(1781,1781,'Hard reset (disables all the installed modules and runs the X-Cart application)','en'),(1782,1782,'Soft reset (disables all the modules except for the ones that were downloaded from X-Cart\'s Marketplace and runs the X-Cart application)','en'),(1783,1783,'The export is complete.','en'),(1784,1784,'Totals','en'),(1785,1785,'Your profile was modified','en'),(1786,1786,'A user has submitted the Contact Us form','en'),(1787,1787,'Product ID','en'),(1788,1788,'item(s) in stock','en'),(1789,1789,'Are you sure you want to clear your cart?','en'),(1790,1790,'attributes','en'),(1791,1791,'All rights reserved.','en'),(1792,1792,'Addresses list is empty','en'),(1793,1793,'Order payment','en'),(1794,1794,'Forgot password','en'),(1795,1795,'Max','en'),(1796,1796,'Exact phrase','en'),(1797,1797,'All words','en'),(1798,1798,'Any word','en'),(1799,1799,'Fewer search options','en'),(1800,1800,'More search options','en'),(1801,1801,'- OR -','en'),(1802,1802,'Back to Login form','en'),(1803,1803,'Back to modules','en'),(1804,1804,'Try the search-as-you-type feature...','en'),(1805,1805,'Choose the product options first','en'),(1806,1806,'This operation is irreversible. Are you sure you want to proceed?','en'),(1807,1807,'Order number','en'),(1808,1808,'Date range','en'),(1809,1809,'Clear all fields','en'),(1810,1810,'There are no shipping methods available','en'),(1811,1811,'Enter the shipping address to see delivery methods available to you','en'),(1812,1812,'C.O.D. fee included','en'),(1813,1813,'Existing Customer?','en'),(1814,1814,'Login Here','en'),(1815,1815,'Sorry, your order payment was cancelled.','en'),(1816,1816,'Sorry, your order payment failed.','en'),(1817,1817,'Failure reason:','en'),(1818,1818,'Cardholder name','en'),(1819,1819,'Credit card number','en'),(1820,1820,'Start date','en'),(1821,1821,'Expiration date','en'),(1822,1822,'Issue no','en'),(1823,1823,'CVV2','en'),(1824,1824,'Change attributes','en'),(1825,1825,'Call us: ','en'),(1826,1826,'Compare products','en'),(1827,1827,'Email','en'),(1828,1828,'This address was used as a','en'),(1829,1829,'billing','en'),(1830,1830,'shipping','en'),(1831,1831,'address during the recent purchase','en'),(1832,1832,'Out of Stock','en'),(1833,1833,'Cart','en'),(1834,1834,'More','en'),(1835,1835,'Back','en'),(1836,1836,'Your Account','en'),(1837,1837,'See comparison chart','en'),(1838,1838,'Billing address is the same as Shipping','en'),(1839,1839,'Complete billing address','en'),(1840,1840,'Continue as guest','en'),(1841,1841,'Enter your email','en'),(1842,1842,'Order cannot be placed because not all of the required fields are completed. Please check the form and try again.','en'),(1843,1843,'The \"{{file}}\" file was not uploaded','en'),(1844,1844,'Front page','en'),(1845,1845,'Please select the products first','en'),(1846,1846,'Aggregation cache has been cleared','en'),(1847,1847,'Authorized amount','en'),(1848,1848,'Captured amount','en'),(1849,1849,'Refunded amount','en'),(1850,1850,'The method is not configured and cannot be used','en'),(1851,1851,'The only remaining active administrator profile cannot be deleted.','en'),(1852,1852,'Shipping address is invalid','en'),(1853,1853,'Invoice #{{orderId}}, {{time}}','en'),(1854,1854,'Address type has a wrong value','en'),(1855,1855,'Address not selected','en'),(1856,1856,'Address not found','en'),(1857,1857,'\"{{product}} product\" attributes','en'),(1858,1858,'The attributes have been successfully updated','en'),(1859,1859,'Please select a different attribute','en'),(1860,1860,'The address has been deleted','en'),(1861,1861,'You tried to buy more items of \"{{product}}\" product {{description}} than are in stock. We have {{amount}} item(s) only. Please adjust the product quantity.','en'),(1862,1862,'The product has not been added to cart','en'),(1863,1863,'The item has not been removed from cart','en'),(1864,1864,'You have an unpaid order #{{ORDER}}','en'),(1865,1865,'Order not found','en'),(1866,1866,'No payment method selected','en'),(1867,1867,'No payment methods found for criteria: \'{{substring}}\' / {{country}}.','en'),(1868,1868,'All countries','en'),(1869,1869,'System will download and install this module from marketplace. Continue?','en'),(1870,1870,'Try to change the search criteria or find the needed solution in <a href=\"{{URL}}\" class=\"no-payments-marketplace-link\">marketplace</a>','en'),(1871,1871,'Try to <span class=\"search-worldwide\">search worldwide</span> or find the needed solution in <a href=\"{{URL}}\" class=\"no-payments-marketplace-link\">marketplace</a>','en'),(1872,1872,'The selected payment method is obsolete or invalid. Select another payment method','en'),(1873,1873,'The form has expired and has been blocked. It seems that the page with the form may have been opened in more than one tab or remained unused for too long. Do not worry, such application behavior is used for security reasons to keep your business safe.','en'),(1874,1874,'Select products from the list','en'),(1875,1875,'Classes & attributes','en'),(1876,1876,'No category defined','en'),(1877,1877,'Safe mode access key has been re-generated','en'),(1878,1878,'{{paymentMethod}} settings','en'),(1879,1879,'An attempt to update settings of unknown payment method','en'),(1880,1880,'The payment method settings have been successfully updated','en'),(1881,1881,'The \"{{file}}\" is not CSV or archive','en'),(1882,1882,'Unable to delete file','en'),(1883,1883,'SQL file was deleted successfully','en'),(1884,1884,'File not found','en'),(1885,1885,'Only enabled modules can be packed','en'),(1886,1886,'Module packing is available in the DEVELOPER mode only. Check etc/config.php file','en'),(1887,1887,'The countries list for the zone is empty. Please specify the countries that belong in this zone.','en'),(1888,1888,'unknown error','en'),(1889,1889,'The payment method has been added successfully','en'),(1890,1890,'Manage attribute groups','en'),(1891,1891,'Measuring performance in manual mode failed.','en'),(1892,1892,'File uploading error.','en'),(1893,1893,'Making a backup of the current database state ... ','en'),(1894,1894,'done','en'),(1895,1895,'Loading the database from file .','en'),(1896,1896,'Database restored successfully!','en'),(1897,1897,'The database has not been restored because of errors','en'),(1898,1898,'Restoring database from backup .','en'),(1899,1899,'Return to Admin interface','en'),(1900,1900,'Global attributes','en'),(1901,1901,'Global','en'),(1902,1902,'Widgets cache has been cleared','en'),(1903,1903,'Widgets cache has not been cleaned completely','en'),(1904,1904,'Failed to update category image','en'),(1905,1905,'The file was not loaded due to a server-side failure.','en'),(1906,1906,'Tax classes','en'),(1907,1907,'The detailed image has not been deleted','en'),(1908,1908,'Attributes have been updated successfully','en'),(1909,1909,'Product class have been updated successfully','en'),(1910,1910,'Product class name is empty','en'),(1911,1911,'Product-Specific','en'),(1912,1912,'Product-Specific attributes','en'),(1913,1913,'A disabled language cannot be default.','en'),(1914,1914,'Cannot autogenerate a clean URL for the product name \"{{name}}\". Please specify it manually.','en'),(1915,1915,'HTTPS option has been successfully enabled','en'),(1916,1916,'HTTPS option has been disabled','en'),(1917,1917,'Inventory has been successfully updated','en'),(1918,1918,'Modules license agreements','en'),(1919,1919,'{{module}} license agreement','en'),(1920,1920,'Customers','en'),(1921,1921,'Customers imported','en'),(1922,1922,'Products imported','en'),(1923,1923,'Attributes imported','en'),(1924,1924,'Categories imported','en'),(1925,1925,'Failed write to file','en'),(1926,1926,'No write permissions to directory','en'),(1927,1927,'Add attribute','en'),(1928,1928,'Default for customers','en'),(1929,1929,'Default for admins','en'),(1930,1930,'Labels','en'),(1931,1931,'Custom','en'),(1932,1932,'Recommended','en'),(1933,1933,'By Price - cheapest first','en'),(1934,1934,'By Price - cheapest last','en'),(1935,1935,'By Name - A-Z','en'),(1936,1936,'By Name - Z-A','en'),(1937,1937,'Displays the number of labels translated into the language','en'),(1938,1938,'Label','en'),(1939,1939,'Plain field','en'),(1940,1940,'Hidden attributes','en'),(1941,1941,'Hidden field','en'),(1942,1942,'-- empty --','en'),(1943,1943,'Textarea','en'),(1944,1944,'Order history','en'),(1945,1945,'Compact view','en'),(1946,1946,'Expanded view','en'),(1947,1947,'Item','en'),(1948,1948,'Yes/No','en'),(1949,1949,'In stock','en'),(1950,1950,'Login/Email','en'),(1951,1951,'Anonymous','en'),(1952,1952,'requested for','en'),(1953,1953,'<p>The order subtotal exceeds the maximum allowed value ({{max_order_amount}})</p>','en'),(1954,1954,'<p>The order subtotal is less than the minimum allowed value ({{min_order_amount}})</p>','en'),(1955,1955,'View all addons','en'),(1956,1956,'Storefront is closed','en'),(1957,1957,'Open','en'),(1958,1958,'Storefront is open','en'),(1959,1959,'Closed','en'),(1960,1960,'The attribute group has been updated','en'),(1961,1961,'The attribute group has been added','en'),(1962,1962,'The attribute option has been updated','en'),(1963,1963,'The attribute option has been added','en'),(1964,1964,'The category has been updated','en'),(1965,1965,'The category has been added','en'),(1966,1966,'The address field has been updated','en'),(1967,1967,'The address field has been added','en'),(1968,1968,'The attribute has been updated','en'),(1969,1969,'The attribute has been added','en'),(1970,1970,'The product class has been updated','en'),(1971,1971,'The product class has been added','en'),(1972,1972,'The product selection has been updated','en'),(1973,1973,'The product selection has been added','en'),(1974,1974,'Front page updated','en'),(1975,1975,'The profile has been modified successfully','en'),(1976,1976,'The tax class has been updated','en'),(1977,1977,'The tax class has been added','en'),(1978,1978,'Order #{{id}}','en'),(1979,1979,'Enter pattern here','en'),(1980,1980,'Find countries','en'),(1981,1981,'Find states','en'),(1982,1982,'Enter search pattern','en'),(1983,1983,'Import language from CSV file','en'),(1984,1984,'Requested zone does not exist','en'),(1985,1985,'Install addons','en'),(1986,1986,'Add products','en'),(1987,1987,'More actions for selected','en'),(1988,1988,'Order #{{id}} details','en'),(1989,1989,'Your order details will be sent to your email address','en'),(1990,1990,'{{count}} created','en'),(1991,1991,'{{count}} updated','en'),(1992,1992,'The script found {{number}} problem(s) during verification','en'),(1993,1993,'The script found {{number}} problem(s) during import','en'),(1994,1994,'Row {{number}}','en'),(1995,1995,'Row(s) {{numbers}}','en'),(1996,1996,'Critical error','en'),(1997,1997,'Import mode','en'),(1998,1998,'Create new items and update existing items','en'),(1999,1999,'Update existing items, but skip new items','en'),(2000,2000,'During import in the <strong>\'Create new items and update existing items\'</strong> mode, if your import file contains items that do not already exist in the store\'s database, these items will be created as a result of import. New items can be created based on the following master IDs:<ul>{{keys}}</ul>If you only want to update the existing items without creating any new ones, switch to the mode <strong>\'Update existing items, but skip new items\'</strong>.<br /><br />Note that any missing items that are dependent on existing items will be created in both the modes. For example, if an existing product being updated through import does not have a category specified, the category will be created.','en'),(2001,2001,'CSV or ZIP files, total max size: {{size}}','en'),(2002,2002,'Download CSV files','en'),(2003,2003,'<p>The order subtotal exceeds the maximum allowed value ({{max_order_amount}}). Please remove some items from the cart.</p>','en'),(2004,2004,'<p>The order subtotal is less than the minimum allowed value ({{min_order_amount}}). Please add some items to the cart.</p>','en'),(2005,2005,'{{name}} attributes','en'),(2006,2006,'Custom attributes','en'),(2007,2007,'These attributes can be applied to the \"{{name}}\" product class.','en'),(2008,2008,'These attributes can only be applied to this particular product.','en'),(2009,2009,'These attributes can be applied to all the products in the store.','en'),(2010,2010,'Your trial period has expired','en'),(2011,2011,'Your trial period expires today','en'),(2012,2012,'Live','en'),(2013,2013,'Print','en'),(2014,2014,'Print selected','en'),(2015,2015,'Test','en'),(2016,2016,'Residential','en'),(2017,2017,'Commercial','en'),(2018,2018,'No delimiter','en'),(2019,2019,'Space','en'),(2020,2020,'MM','en'),(2021,2021,'CM','en'),(2022,2022,'DM','en'),(2023,2023,'IN','en'),(2024,2024,'mm','en'),(2025,2025,'cm','en'),(2026,2026,'dm','en'),(2027,2027,'inches','en'),(2028,2028,'Mr.','en'),(2029,2029,'Ms.','en'),(2030,2030,'Mrs.','en'),(2031,2031,'# selected','en'),(2032,2032,'LB','en'),(2033,2033,'OZ','en'),(2034,2034,'KG','en'),(2035,2035,'G','en'),(2036,2036,'lbs','en'),(2037,2037,'oz','en'),(2038,2038,'kg','en'),(2039,2039,'g','en'),(2040,2040,'Registered Customers','en'),(2041,2041,'Anonymous Customers','en'),(2042,2042,'Show','en'),(2043,2043,'Email again','en'),(2044,2044,'Safe mode links were emailed','en'),(2045,2045,'These links were already provided to you after this store was installed and will be emailed to you again after you start the upgrade process.','en'),(2046,2046,'For any emergency you can use the hard, soft and restore-state links. Pay attention, that these links just disable certain modules in your store, but not make any backups.','en'),(2047,2047,'Not enough disk space. Required: {{req}} (+{{reserve}} reserve). Available: {{avail}}','en'),(2048,2048,'Cannot connect to the Marketplace server','en'),(2049,2049,'Empty \"class\" parameter is passed to the {{method}}','en'),(2050,2050,'You need hard and soft reset links in case some 3rd party addon <a href=\"{{article}}\" target=\"_blank\">crashes your web store</a>','en'),(2051,2051,'We strongly recommend <b>to make a full backup</b> of your live store before starting the upgrade process. If your store crashes as a result of a failed upgrade, you will be able to <a href=\"{{article}}\" target=\"_blank\">restore it</a> from backup.','en'),(2052,2052,'Don’t forget to create a backup!','en'),(2053,2053,'Backup your store with Backup Master','en'),(2054,2054,'Yes, I\'ve made the full backup of my store files and database','en'),(2055,2055,'We are doing our best to make your upgrade process not only easy to do, but safe.','en'),(2056,2056,'Use our new nifty module to automatically backup your store and be able to restore it if anything crops up.','en'),(2057,2057,'We will email you with <b>emergency links</b> to disable custom modules and stay only with original add-ons.<br/> Pay attention, these links do not create backups.','en'),(2058,2058,'More info is available in X-Cart\'s Knowledge Base article <a href=\"{{article}}\" target=\"_blank\">What to do if you cannot access your store...</a>','en'),(2059,2059,'Couldn\'t move image {{path}}','en'),(2060,2060,'Couldn\'t move {{count}} images. See log for details.','en'),(2061,2061,'This module uses PHP\'s cURL functions which are disabled on your web server','en'),(2062,2062,'Package weight','en'),(2063,2063,'Package weight ({{units}})','en'),(2064,2064,'Package subtotal','en'),(2065,2065,'Package subtotal ({{units}})','en'),(2066,2066,'Source address','en'),(2067,2067,'Postal Code','en'),(2068,2068,'Destination address','en'),(2069,2069,'Note: a new window will be opened','en'),(2070,2070,'Length','en'),(2071,2071,'Width','en'),(2072,2072,'Height','en'),(2073,2073,'Postal/ZIP Code','en'),(2074,2074,'Transaction type','en'),(2075,2075,'Authorization and Capture','en'),(2076,2076,'Authorization only','en'),(2077,2077,'Invoice number prefix','en'),(2078,2078,'a side box','en'),(2079,2079,'the main column','en'),(2080,2080,'expired','en'),(2081,2081,'\"{{product}}\" options','en'),(2082,2082,'Private','en'),(2083,2083,'Unavailable','en'),(2084,2084,'Blocked','en'),(2085,2085,'The product SKU#\"{{SKU}}\" is already set as featured for the category','en'),(2086,2086,'Add featured products for \"{{category}}\"','en'),(2087,2087,'Package properties','en'),(2088,2088,'Shipment options','en'),(2089,2089,'Cash on delivery','en'),(2090,2090,'Test mode','en'),(2091,2091,'Packaging','en'),(2092,2092,'Package dimensions (inches)','en'),(2093,2093,'Autogenerated','en'),(2094,2094,'Custom','en'),(2095,2095,'After activation Skrill will give you access to a new section in your Skrill account called \"Merchant tools\". Please choose a secret word (do not use your password for this) and enter it into the Merchant tools section and the form below.','en'),(2096,2096,'(optional)','en'),(2097,2097,'Request type must be POST','en'),(2098,2098,'\'status\' request argument not found','en'),(2099,2099,'Test/Live mode','en'),(2100,2100,'Purchase description','en'),(2101,2101,'Live mode','en'),(2102,2102,'User','en'),(2103,2103,'\'RESULT\' argument not found','en'),(2104,2104,'Transaction amount mismatch','en'),(2105,2105,'Compare','en'),(2106,2106,'Billing address is not defined','en'),(2107,2107,'Menu','en'),(2108,2108,'Unlimited','en'),(2109,2109,'Locked','en'),(2110,2110,'Secret word','en'),(2111,2111,'units','en'),(2112,2112,'each','en'),(2113,2113,'save','en'),(2114,2114,'always','en'),(2115,2115,'hourly','en'),(2116,2116,'daily','en'),(2117,2117,'weekly','en'),(2118,2118,'monthly','en'),(2119,2119,'yearly','en'),(2120,2120,'Auth','en'),(2121,2121,'Capture','en'),(2122,2122,'Void','en'),(2123,2123,'Refund','en'),(2124,2124,'Deploy','en'),(2125,2125,'Secret key','en'),(2126,2126,'Order status changed from {{oldStatus}} to {{newStatus}}','en'),(2127,2127,'Year in which the store opened','en'),(2128,2128,'Force customer to choose product options before adding a product to cart','en'),(2129,2129,'The English language cannot be removed as it is primary language for all texts.','en'),(2130,2130,'Priority','en'),(2131,2131,'Either enable or uninstall the modules below.','en'),(2132,2132,'For the modules named below, an upgrade is available. These modules are now disabled. For the upgrade to be applied successfully to these modules, the modules need to be enabled. You can enable the modules <a href=\'{{link}}\'>here</a>. If you choose not to enable the modules, they will be uninstalled and removed from your store during the upgrade.','en'),(2133,2133,'I understand that <a href=\'#modules_to_uninstall\'>the following disabled modules</a> will be removed.','en'),(2134,2134,'The module version is incompatible with your core version and cannot be installed. The minimum core version required for this module is {{version}}.','en'),(2135,2135,'The module version is incompatible with your core version and cannot be enabled. The minimum core version required for this module is {{version}}.','en'),(2136,2136,'New module version available for core versions {{versions}}.','en'),(2137,2137,'Payment status','en'),(2138,2138,'Fulfilment status','en'),(2139,2139,'All payment statuses','en'),(2140,2140,'All fulfilment statuses','en'),(2141,2141,'Order payment status changed from {{oldStatus}} to {{newStatus}}','en'),(2142,2142,'Order fulfilment status changed from {{oldStatus}} to {{newStatus}}','en'),(2143,2143,'Communication log','en'),(2144,2144,'Input data','en'),(2145,2145,'Please create a new password','en'),(2146,2146,'The confirmation URL link will be emailed to you shortly','en'),(2147,2147,'Your \"Password reset key\" has expired. Please enter the email address associated with your user account to get a new \"Password reset key\".','en'),(2148,2148,'Profile is not defined','en'),(2149,2149,'Customer access level','en'),(2150,2150,'All levels','en'),(2151,2151,'Anonymous','en'),(2152,2152,'Registered','en'),(2153,2153,'Search total','en'),(2154,2154,'All orders','en'),(2155,2155,'Online orders','en'),(2156,2156,'POS orders','en'),(2157,2157,'Do not see your payment method? Find it in our <a href=\"{{url}}\">Marketplace</a>','en'),(2158,2158,'Find in Marketplace','en'),(2159,2159,'Search items...','en'),(2160,2160,'Root category listings format','en'),(2161,2161,'View all ordered items','en'),(2162,2162,'Lines checked: {{X}} out of {{Y}}','en'),(2163,2163,'Lines imported: {{X}} out of {{Y}}','en'),(2164,2164,'Products processed: {{X}} out of {{Y}}','en'),(2165,2165,'Image resized: {{X}} out of {{Y}}','en'),(2166,2166,'Lines verified: {{X}} out of {{Y}} (errors: {{errors}}, warnings: {{warns}})','en'),(2167,2167,'Lines imported: {{X}} out of {{Y}} (errors: {{errors}}, warnings: {{warns}})','en'),(2168,2168,'Products processed: {{X}} out of {{Y}} (errors: {{errors}}, warnings: {{warns}})','en'),(2169,2169,'Image resized: {{X}} out of {{Y}} (errors: {{errors}}, warnings: {{warns}})','en'),(2170,2170,'Import has been cancelled.','en'),(2171,2171,'Export product data with','en'),(2172,2172,'Global & Classes attributes','en'),(2173,2173,'All attributes','en'),(2174,2174,'Classes & Attributes','en'),(2175,2175,'Product attribute values','en'),(2176,2176,'Product attribute values (Yes/No) have been imported','en'),(2177,2177,'Product attribute values (Plain text) have been imported','en'),(2178,2178,'Product attribute values (Textarea) have been imported','en'),(2179,2179,'Product attribute values (Hidden field) have been imported','en'),(2180,2180,'CSV file has a wrong filename format.','en'),(2181,2181,'Possible file names are: {{files}}','en'),(2182,2182,'X-Cart could not find data in your file.','en'),(2183,2183,'Possible reasons are:<br /><ul><li>file is empty</li><li>you specified CSV delimiter other than defined in settings ({{separator}}). In this case, define the correct delimiter in the <strong>CSV column delimiter</strong> on the <a href=\"{{configURL}}\">Localization settings page</a>.</li><li>encoding of your file is not {{encoding}}. In this case, you need to open your CSV file in the spreadsheet editor (MS Excel, Openoffice Calc, etc) and save it using UTF-8 charset.</li><li>your CSV file has an incorrect format. <a href=\"{{kbURL}}\" target=\"blank\">Check our Knowledge base</a> for proper import formats.</li></ul>','en'),(2184,2184,'Your store has some modules available only to Premium license owners. To continue with the upgrade, you must either <a href=\'{{purchaseURL}}\' target=\'_blank\'>purchase</a> a Premium license, or <a href=\'{{installedModulesURL}}\'>remove</a> the following modules from your store:','en'),(2185,2185,'No class','en'),(2186,2186,'See log file for details','en'),(2187,2187,'The product has been updated','en'),(2188,2188,'Free license has been activated successfully','en'),(2189,2189,'Unknown payment. If you see this message after returning from the payment page, please contact the store administrator for information about the status of your payment.','en'),(2190,2190,'{{count}} expired shopping cart(s) have been successfully removed','en'),(2191,2191,'States information has been successfully deleted','en'),(2192,2192,'Please select the states first','en'),(2193,2193,'Free license key for email <em>{{email}}</em> is already registered. Please use a different email or <a href=\"{{url}}\">click here to get key value sent to this email address</a>','en'),(2194,2194,'Information about free license key has been sent to the email <em>{{email}}</em>','en'),(2195,2195,'<p>Cart contains products with a wrong quantity. Please correct this to proceed</p>','en'),(2196,2196,'<p>Cart contains products with a wrong quantity</p>','en'),(2197,2197,'Inventory tracking options','en'),(2198,2198,'Do not select anything if you want to make the product visible to all customers. Otherwise it will be visible to the users assigned to selected membership only.','en'),(2199,2199,'Any stock status','en'),(2200,2200,'Test','en'),(2201,2201,'Live','en'),(2202,2202,'The service name \'{{value}}\' is reserved and cannot be used for an address field.','en'),(2203,2203,'Placed on <span class=\"date\">{{date}}</span>','en'),(2204,2204,'by <a class=\"name\" href=\"{{url}}\">{{name}}</a>','en'),(2205,2205,'by <span class=\"name\">{{name}}</span>','en'),(2206,2206,'Setup store price: {{price}}','en'),(2207,2207,'The button is inactive either because no changes have been detected on the current page or because the order totals need to be recalculated before the order can be updated.','en'),(2208,2208,'Product with selected properties cannot be purchased','en'),(2209,2209,'The specified amount of the product ({{value}}) exceeds the amount of the product in stock ({{max}})','en'),(2210,2210,'Old staff note','en'),(2211,2211,'New staff note','en'),(2212,2212,'Current price for the selected configuration and quantity: {{price}}','en'),(2213,2213,'Cannot create temporary order for modification','en'),(2214,2214,'Customer information','en'),(2215,2215,'no comments','en'),(2216,2216,'All items cannot be removed from the order.','en'),(2217,2217,'Changed items','en'),(2218,2218,'Changed options','en'),(2219,2219,'Added items','en'),(2220,2220,'Removed items','en'),(2221,2221,'Order item attributes are out-of-date and cannot be edited','en'),(2222,2222,'Order will be delivered to the billing address.','en'),(2223,2223,'Staff note','en'),(2224,2224,'The value will be recalculated automatically. Press it if you want to \'freeze\' the current value.','en'),(2225,2225,'The current value is \'frozen\' and won\'t be recalculated. Press it if you want it to be updated when the totals are recalculated.','en'),(2226,2226,'Don’t notify customer','en'),(2227,2227,'Order changes cannot be saved due to negative total value','en'),(2228,2228,'Remove data','en'),(2229,2229,'Buy','en'),(2230,2230,'Click the link to increase product amount','en'),(2231,2231,'Charset','en'),(2232,2232,'You can change the charset for all subsequent imports and exports using <a href=\"{{url}}\">this link</a>.','en'),(2233,2233,'You can change the CSV delimiter for all subsequent imports and exports using <a href=\"{{url}}\">this link</a>.','en'),(2234,2234,'Layout','en'),(2235,2235,'Two columns with right sidebar','en'),(2236,2236,'Two columns with left sidebar','en'),(2237,2237,'Three columns','en'),(2238,2238,'One column','en'),(2239,2239,'The product with SKU \"{{value}}\" does not exist. The \"{{name}}\" attribute will be imported as global','en'),(2240,2240,'The \"{{value}}\" membership does not exist','en'),(2241,2241,'The \"{{value}}\" product class does not exist','en'),(2242,2242,'The \"{{value}}\" tax class does not exist','en'),(2243,2243,'The \"{{value}}\" image does not exist','en'),(2244,2244,'Variant attribute \"{{column}}\" cannot be empty','en'),(2245,2245,'The \"{{value}}\" category does not exist','en'),(2246,2246,'Item not found ({{keys}})','en'),(2247,2247,'The number of values in the row does not match the number of column headers for this CSV file','en'),(2248,2248,'Tags are not allowed in the column \"{{column}}\" and will be stripped','en'),(2249,2249,'The value in the column \"{{column}}\" will be adjusted according to HTML specification to prevent potential XSS attack','en'),(2250,2250,'The value in the column \"{{column}}\" will be cut because its length exceeds the allowed character length for the respective field','en'),(2251,2251,'New product will be created','en'),(2252,2252,'New membership will be created','en'),(2253,2253,'New product class will be created','en'),(2254,2254,'New tax class will be created','en'),(2255,2255,'New category will be created','en'),(2256,2256,'Wrong price format. Positive floating-point number expected','en'),(2257,2257,'Wrong enabled format. This should be \"Yes\" or \"No\"','en'),(2258,2258,'Wrong metaDescType format. This should be \"A\" or \"C\"','en'),(2259,2259,'Wrong format of weight value. Positive floating-point number expected','en'),(2260,2260,'Wrong format of low stock notification value. This should be \"Yes\" or \"No\"','en'),(2261,2261,'Wrong format of use separate box value. This should be \"Yes\" or \"No\"','en'),(2262,2262,'Wrong arrival date format. Correct example: Thu, 21 Dec 2000 16:01:07','en'),(2263,2263,'Wrong date format. Correct example: Thu, 21 Dec 2000 16:01:07','en'),(2264,2264,'Wrong update date format. Correct example: Thu, 21 Dec 2000 16:01:07','en'),(2265,2265,'Wrong format of inventory tracking value. This should be \"Yes\" or \"No\"','en'),(2266,2266,'Wrong format of stock level value. Positive integer expected','en'),(2267,2267,'Wrong format of low stock notification value. This should be \"Yes\" or \"No\"','en'),(2268,2268,'Wrong format of low limit level value. Positive integer expected','en'),(2269,2269,'The name is empty','en'),(2270,2270,'Wrong format of box width value. Positive integer expected','en'),(2271,2271,'Wrong format of box length value. Positive integer expected','en'),(2272,2272,'Wrong format of box height value. Positive integer expected','en'),(2273,2273,'Wrong format of items per box value. Positive integer expected','en'),(2274,2274,'Wrong format of Clean URL value (only alphanumeric, dash (\"-\") and underscore (\"_\") chars are allowed)','en'),(2275,2275,'Error of image loading. Make sure the \"images\" directory has write permissions.','en'),(2276,2276,'Couldn\'t load the image \"{{value}}\", the file does not exist.','en'),(2277,2277,'Couldn\'t load the banner \"{{value}}\", the file does not exist.','en'),(2278,2278,'Wrong position format','en'),(2279,2279,'The group \"{{value}}\" does not exist. A new group will be created','en'),(2280,2280,'New attribute group will be created','en'),(2281,2281,'Wrong format of \"type\" value ({{value}}). This should be \"C\" - checkbox, \"S\" - selector, or \"T\" - textarea','en'),(2282,2282,'Product SKU is empty','en'),(2283,2283,'There is no product with SKU \"{{value}}\" to assign the attribute option value to','en'),(2284,2284,'Wrong format of \"type\" value ({{value}}). This should be \"C\" - checkbox, \"S\" - selector, \"H\" - hidden field or \"T\" - textarea','en'),(2285,2285,'Wrong format of \"owner\" value ({{value}}). This should be \"Yes\" for product-specific attributes or \"No\" for global attributes','en'),(2286,2286,'Wrong format of \"default\" value ({{value}}). This should be \"Yes\" for product-specific attributes or \"No\" for global attributes','en'),(2287,2287,'Wrong \"priceModifier\" format ({{value}}). Correct examples: +1, +1%, -1, -1%','en'),(2288,2288,'Wrong \"weightModifier\" format ({{value}}). Correct examples: +1, +1%, -1, -1%','en'),(2289,2289,'Product class {{value}} does not exists and will be created','en'),(2290,2290,'Group {{value}} does not exists and will be created','en'),(2291,2291,'Wrong format of show title value. This should be \"Yes\" or \"No\"','en'),(2292,2292,'Wrong login format. Email as login is expected','en'),(2293,2293,'Wrong date format. Correct example: Thu, 21 Dec 2000 16:01:07','en'),(2294,2294,'Wrong date format. Correct example: Thu, 21 Dec 2000 16:01:07','en'),(2295,2295,'Wrong last login date format. Example: Thu, 21 Dec 2000 16:01:07','en'),(2296,2296,'Wrong status format. This should be \"E\" - enabled, or \"D\" - disabled','en'),(2297,2297,'Wrong referer format. URL expected. Correct example: http://x-cart.com','en'),(2298,2298,'Wrong format of language value. Correct examples: EN, DE, RU: http://en.wikipedia.org/wiki/ISO_639-1','en'),(2299,2299,'Wrong format. This should be \"Yes\" or \"No\". Use \"Yes\" if it is the shipping address.','en'),(2300,2300,'Wrong format. This should be \"Yes\" or \"No\". Use \"Yes\" if it is the billing address.','en'),(2301,2301,'Wrong format of country code value. Correct examples: CA, US, RU: http://en.wikipedia.org/wiki/ISO_3166-1_alpha-2','en'),(2302,2302,'Wrong format of state id value.','en'),(2303,2303,'In advanced mode you can choose specific modules for upgrade.','en'),(2304,2304,'Before installing a paid addon for this installation, you need to <a href=\"#\" class=\"open-license-key-form\">activate your X-Cart license.</a>','en'),(2305,2305,'Use the form below to provide your license information.','en'),(2306,2306,'Activate your X-Cart installation','en'),(2307,2307,'Activate your X-Cart installation first','en'),(2308,2308,'Activate key','en'),(2309,2309,'Vendor','en'),(2310,2310,'All','en'),(2311,2311,'Paid','en'),(2312,2312,'Free','en'),(2313,2313,'Catalog Management','en'),(2314,2314,'Search and Naviagation','en'),(2315,2315,'I confirm that I have <strong>created backups</strong> of my store\'s files and database before upgrading the store','en'),(2316,2316,'Secure credit card payment','en'),(2317,2317,'Card type','en'),(2318,2318,'Chose credit card type','en'),(2319,2319,'Choose card type','en'),(2320,2320,'Card number','en'),(2321,2321,'MONTH','en'),(2322,2322,'VALID THRU','en'),(2323,2323,'YEAR','en'),(2324,2324,'Security code','en'),(2325,2325,'Last three numbers on the back side of your card','en'),(2326,2326,'Four-digit number on the front side of your card','en'),(2327,2327,'Credit card security code (if present)','en'),(2328,2328,'Countries information has been successfully updated','en'),(2329,2329,'Please select the countries first','en'),(2330,2330,'This payment method is <strong>Active</strong>.','en'),(2331,2331,'This payment method is <strong>Inactive</strong>.','en'),(2332,2332,'Active','en'),(2333,2333,'Inactive','en'),(2334,2334,'Learn More','en'),(2335,2335,'Sign Up','en'),(2336,2336,'<div id=\"logo\" style=\"max-width: 250px;\">%logo%</div>','en'),(2337,2337,'<h3>Hey %recipient_name%</h3>','en'),(2338,2338,'Your friends at %company_link%.','en'),(2339,2339,'<div id=\"logo\" style=\"max-width: 250px;\">%logo%</div>','en'),(2340,2340,'<h3>Hey boss</h3>','en'),(2341,2341,'Your virtual assistant at %company_link%.','en'),(2342,2342,'Email notifications','en'),(2343,2343,'This content (if it exists) will be shown below the notification text; alternatively, it may be inserted in another location within the notification via the variable <b>%dynamic_message%</b>.','en'),(2344,2344,'Content of this notification based on the body.twig template','en'),(2345,2345,'Enabled for administrator','en'),(2346,2346,'Enabled for customer','en'),(2347,2347,'Customer header','en'),(2348,2348,'Customer signature','en'),(2349,2349,'Administrator header','en'),(2350,2350,'Administrator signature','en'),(2351,2351,'Customer subject','en'),(2352,2352,'Customer text','en'),(2353,2353,'Administrator subject','en'),(2354,2354,'Administrator text','en'),(2355,2355,'This page allows you to adjust the types of email notifications your store sends to users. Use the On/Off widget to enable/disable specific notifications. Click on the name of a notification to edit the notification text.','en'),(2356,2356,'Notification','en'),(2357,2357,'Back to notifications list','en'),(2358,2358,'On','en'),(2359,2359,'Off','en'),(2360,2360,'First','en'),(2361,2361,'Last','en'),(2362,2362,'The Free license key cannot be activated as it is impossible to get information about the available addons from the Marketplace at the moment. Please try again later.','en'),(2363,2363,'No promotion modules installed','en'),(2364,2364,'Sorting & Descriptions','en'),(2365,2365,'Payment method is enabled','en'),(2366,2366,'Payment method is disabled','en'),(2367,2367,'You should confirm that you have created a backup before upgrading the store.','en'),(2368,2368,'Upgrade note','en'),(2369,2369,'The following modules currently do not have a version compatible with the X-Cart version to which you are upgrading. If you want to keep using these modules after the upgrade, use the \"Request for upgrade\" button to send a request to the module developers so they provide an updated version for their module and make it available via the X-Cart\'s Marketplace. Once the updated module versions are available, you should be able to complete upgrading your store without losing any of the features you currently use.','en'),(2370,2370,'{{count}} module will be disabled','en'),(2371,2371,'{{count}} modules will be disabled','en'),(2372,2372,'{{count}} module will be upgraded','en'),(2373,2373,'{{count}} modules will be upgraded','en'),(2374,2374,'Request for upgrade','en'),(2375,2375,'Your request has been sent successfully','en'),(2376,2376,'An error occurred while sending the request','en'),(2377,2377,'view list','en'),(2378,2378,'hide list','en'),(2379,2379,'Your version ({{version}}) can be upgraded to','en'),(2380,2380,'Imported','en'),(2381,2381,'Importing data...','en'),(2382,2382,'Verified','en'),(2383,2383,'Verifying data before importing...','en'),(2384,2384,'Products processed','en'),(2385,2385,'Processing products...','en'),(2386,2386,'Images resized','en'),(2387,2387,'Resizing images...','en'),(2388,2388,'Generate resized images','en'),(2389,2389,'Clicking the \"Generate resized images\" button launches the image resizing routine to generate copies of existing images in all the sizes needed to display the images in your store\'s customer area. Having a separate image file in each of the sizes provides a way to speed up your site\'s performance by reducing page load times for pages containing graphics.','en'),(2390,2390,'The generation of resized images has been completed successfully.','en'),(2391,2391,'The generation of resized images has been stopped.','en'),(2392,2392,'The image resizing process may take a while to complete. Please do not close this page until the process is fully completed. If the page has been closed, please re-open it to complete the process (The image resizing routine is executed only while the page stays open).','en'),(2393,2393,'Variables for this notification','en'),(2394,2394,'Developers docs','en'),(2395,2395,'The following selected modules cannot be disabled or uninstalled as they have dependent modules: {{list}}','en'),(2396,2396,'The following selected modules cannot be enabled as they depend on disabled modules which cannot be enabled: {{list}}','en'),(2397,2397,'The module may not be disabled due to the limitations of the module architecture.','en'),(2398,2398,'The following selected modules cannot be disabled due to architecture limitations: {{list}}','en'),(2399,2399,'Please note that the following modules will also be enabled:','en'),(2400,2400,'New account','en'),(2401,2401,'Products processed: {{count}}','en'),(2402,2402,'Images resized: {{count}}','en'),(2403,2403,'Orders list','en'),(2404,2404,'Coming soon','en'),(2405,2405,'View storefront','en'),(2406,2406,'Payment is not required','en'),(2407,2407,'Zoom image','en'),(2408,2408,'CSV delimiter','en'),(2409,2409,'Module Marketplace. Terms of use','en'),(2410,2410,'Import/Export guide','en'),(2411,2411,'Yes, I agree with License agreements','en'),(2412,2412,'The system has detected that some updates are available for enabled modules. It is strongly recommended to have all the enabled modules updated to the latest version for better compatibility before installing new ones from the Marketplace.','en'),(2413,2413,'Action','en'),(2414,2414,'Will be updated if core update is selected','en'),(2415,2415,'Options:','en'),(2416,2416,'RSS feed','en'),(2417,2417,'Will be deleted:','en'),(2418,2418,'Are you sure you want to uninstall the selected add-ons?','en'),(2419,2419,'Module page','en'),(2420,2420,'Add to bag','en'),(2421,2421,'New access codes were generated.','en'),(2422,2422,'show list','en'),(2423,2423,'All statuses','en'),(2424,2424,'Product attribute values have been imported','en'),(2425,2425,'No items found','en'),(2426,2426,'No model selected','en'),(2427,2427,'Profile is not selected','en'),(2428,2428,'SKU is not selected','en'),(2429,2429,'Status is not defined','en'),(2430,2430,'All user types','en'),(2431,2431,'Advanced Order Management','en'),(2432,2432,'Public ID','en'),(2433,2433,'Public id','en'),(2434,2434,'Method name','en'),(2435,2435,'Tracking number','en'),(2436,2436,'The common notification fields have been updated','en'),(2437,2437,'The notification has been updated','en'),(2438,2438,'The product has been added','en'),(2439,2439,'Add-on does not exist.','en'),(2440,2440,'Transaction','en'),(2441,2441,'Log files not found','en'),(2442,2442,'Payment method settings','en'),(2443,2443,'Recently installed modules','en'),(2444,2444,'Login dates','en'),(2445,2445,'File is not an image','en'),(2446,2446,'File is not uploaded','en'),(2447,2447,'Create label','en'),(2448,2448,'Product information has been deleted successfully','en'),(2449,2449,'Import language','en'),(2450,2450,'License: trial version','en'),(2451,2451,'Installation date','en'),(2452,2452,'Order failed','en'),(2453,2453,'Delete account','en'),(2454,2454,'Administrator account cannot be deleted via customer interface.','en'),(2455,2455,'X-Cart license key has been successfully verified and activated.','en'),(2456,2456,'X-Cart license key has been activated. However, this key is expired and does not allow getting upgrade packs from the Marketplace.','en'),(2457,2457,'The license key for the module \"{{name}}\" by \"{{author}}\" has been successfully verified and activated.','en'),(2458,2458,'The key does not allow getting new features and upgrades. <a href=\"{{renewalUrl}}\" target=\"_blank\">Renew your key now</a>','en'),(2459,2459,'Some of these updates are not available for you at the moment. Please renew your access to upgrades to get new superior features from the latest releases.','en'),(2460,2460,'Please renew your access to upgrades to get new superior features from the latest releases.','en'),(2461,2461,'License key','en'),(2462,2462,'Exp. date','en'),(2463,2463,'Prolongate license','en'),(2464,2464,'Renew your access to new features','en'),(2465,2465,'Re-validate license keys','en'),(2466,2466,'Wrong format: Field contains unallowed characters','en'),(2467,2467,'The Clean URL entered is already <a href=\"{{entityURL}}\" target=\"_blank\">in use</a>.','en'),(2468,2468,'The Clean URL entered is a redirect to <a href=\"{{entityURL}}\" target=\"_blank\">another object</a>.','en'),(2469,2469,'The clean URL will be generated automatically.','en'),(2470,2470,'Result','en'),(2471,2471,'Change the Clean URL value for this page (Enter a different Clean URL value manually or use the Autogenerate Clean URL feature)','en'),(2472,2472,'Enable the option \"Assign entered Clean URL to this page anyway\" to dissociate the entered Clean URL from the page it is currently used for and assign it to the page of the object being edited.','en'),(2473,2473,'Resolve the conflict','en'),(2474,2474,'Assign entered Clean URL to this page anyway','en'),(2475,2475,'Human readable and SEO friendly web address for the page.','en'),(2476,2476,'This feature is available only for paid (non-free) <a href=\"{{pricingUrl}}\" target=\"_blank\">X-Cart license plans</a>.','en'),(2477,2477,'In this section you can review the recent payment transactions that have taken place at your store, both successful and failed. You can easily identify orders with payment problems and increase your sales by following up on abandoned carts.','en'),(2478,2478,'Hash file for installed entry \"{{entry}}\" doesn\'t exist or is not readable','en'),(2479,2479,'Sale statistics','en'),(2480,2480,'Yesterday','en'),(2481,2481,'Last week','en'),(2482,2482,'Low stock info','en'),(2483,2483,'Last year','en'),(2484,2484,'Security issue','en'),(2485,2485,'New modules','en'),(2486,2486,'View more addons in Marketplace','en'),(2487,2487,'Upgrade access level has been successfully assigned to your license keys','en'),(2488,2488,'<ul><li><b>Developer</b> level assumes the earliest access to upgrade, but the build can be unstable.</li><li><b>Merchant</b> level assumes the latest access to upgrade, but the build will be the most stable.</li></ul>','en'),(2489,2489,'Could not assign upgrade access level to your license keys','en'),(2490,2490,'There are no activated license keys','en'),(2491,2491,'Upgrade access level cannot be changed for default free license','en'),(2492,2492,'An error occurred, please try again. If the problem persists, contact the administrator.','en'),(2493,2493,'An error occurred, please try again. If the problem persists, contact the administrator.<ul><li>{{txnNote}}</li></ul>','en'),(2494,2494,'Cache management','en'),(2495,2495,'Re-deploy the store','en'),(2496,2496,'Re-deployment may take a while to complete. Please do not close this page until the process is fully completed. If the page has been closed, please re-open it to complete the process (The store re-deployment is executed only while the page stays open).','en'),(2497,2497,'Calculate quick data','en'),(2498,2498,'Calculated quick data enhances your store\'s performance by allowing quick product sorting. The process of quick data calculation may take a while to complete. Please do not close this page until the process is fully completed. If the page has been closed, please re-open it to complete the process (The calculation is performed only while the page stays open).','en'),(2499,2499,'About {{time}} remaining','en'),(2500,2500,'Calculating quick data...','en'),(2501,2501,'The process of quick data calculation may take a while to complete. Please do not close this page until the process is fully completed. If the page has been closed, please re-open it to complete the process (The calculation is performed only while the page stays open).','en'),(2502,2502,'The calculation of quick data has been completed successfully.','en'),(2503,2503,'The calculation of quick data has been stopped.','en'),(2504,2504,'Find transactions <b>by ID</b>','en'),(2505,2505,'Search for transactions <b>by date</b>','en'),(2506,2506,'Filter transactions <b>by status</b>','en'),(2507,2507,'Choose the right plan','en'),(2508,2508,'Buy Business Edition','en'),(2509,2509,'unavailable','en'),(2510,2510,'{{count}} modules have been selected','en'),(2511,2511,'This tool allows you to get rid of any content that might have been created in your store for testing purposes and which you no longer need. To use the tool, mark for deletion the types of content data you want to be removed, then click the <strong>Save Changes</strong> button. Removal of content data will not affect the store\'s existing configuration settings.','en'),(2512,2512,'<strong>Warning!</strong> The selected types of content data will be deleted permanently. We strongly recommend you back up your store before you proceed.<br />Please enter the administrator password to confirm you understand the consequences of your choice.','en'),(2513,2513,'Incorrect password. Please try again.','en'),(2514,2514,'Confirmation','en'),(2515,2515,'Leave blank to use product name as Page Title.','en'),(2516,2516,'This page is intended for the creation and management of discount coupons. Different types of coupons are supported, including <strong>$ off, % off and free shipping</strong>. For each coupon the following information can be specified:','en'),(2517,2517,'the <strong>dates</strong> the coupon should be valid for;','en'),(2518,2518,'the <strong>order subtotal range</strong> for which the coupon can be used;','en'),(2519,2519,'the <strong>categories and product classes</strong> to which the coupon may be applied;','en'),(2520,2520,'whether the coupon may be used by everyone or only by users with <strong>specific memberships</strong>.','en'),(2521,2521,'This page is intended for the management of volume discounts based on the order subtotal.','en'),(2522,2522,'Set <strong>absolute or %-based</strong> discount rates;','en'),(2523,2523,'Make a discount available to <strong>all customers</strong> or only to specific <strong>membership levels</strong>;','en'),(2524,2524,'Set a single discount or add <strong>multiple volume discounts</strong>.','en'),(2525,2525,'The system has been restored to the selected snapshot of {{date}}','en'),(2526,2526,'The system has failed to restore because there was no snapshot of {{date}}','en'),(2527,2527,'Leave blank to use category name as Page Title.','en'),(2528,2528,'Current template','en'),(2529,2529,'Standard','en'),(2530,2530,'Layout type','en'),(2531,2531,'Edit custom options','en'),(2532,2532,'Visit the template store','en'),(2533,2533,'Activate purchased skin','en'),(2534,2534,'If you purchased a template but do not see it here, activate the license key that was provided to you.','en'),(2535,2535,'Choose a new template','en'),(2536,2536,'<strong>Need custom design?</strong> We can modify this template or create a completely unique design for you','en'),(2537,2537,'FREE quote','en'),(2538,2538,'Layout has been changed. <a href=\"{{storefront}}\" target=\"_blank\">Review the updated storefront</a>.','en'),(2539,2539,'To make your changes visible in the customer area, cache rebuild is required. It will take several seconds. You don’t need to close the storefront, the operation is executed in the background.','en'),(2540,2540,'Product details image','en'),(2541,2541,'Products list image (<span class=\"preview\" data-img=\"preview_grid.png\">grid view</span>)','en'),(2542,2542,'Products list image (<span class=\"preview\" data-img=\"preview_list.png\">list view</span>)','en'),(2543,2543,'Category image','en'),(2544,2544,'There are unsaved changes on the page. If you choose to continue, these changes will be lost. Do you want to proceed?','en'),(2545,2545,'X-Cart found some issues with installed SSL certificate. You can get more information using this service: <a href=\'{{url}}\'>{{url}}</a>','en'),(2546,2546,'The secure protocol is enabled for your website. But X-Cart hasn\'t found the valid SSL certificate on your server.','en'),(2547,2547,'How do I move X-Cart?','en'),(2548,2548,'No region','en'),(2549,2549,'Check for available free disk space has failed','en'),(2550,2550,'You should check available free disk space yourself before continuing upgrade','en'),(2551,2551,'You should check available free disk space yourself before continuing installation','en'),(2552,2552,'Payment method has been added','en'),(2553,2553,'Payment method was not added','en'),(2554,2554,'Installation warnings','en'),(2555,2555,'You can get more information using this service: <a href=\"{{url}}\">{{url}}</a>','en'),(2556,2556,'X-Cart could not find a valid SSL certificate on your server. Although you can switch the store to use the secure protocol for the website pages, most Internet browsers will likely display a warning message scaring your website visitors away.','en'),(2557,2557,'X-Cart could not find a valid SSL certificate on your server.','en'),(2558,2558,'X-Cart could not find a valid SSL certificate on your server (<span>{{domain}}</span>).','en'),(2559,2559,'Before enabling HTTPS protocol read this article: <a href=\"{{articleUrl}}\">Inaccessible Admin area after enabling HTTPS</a>','en'),(2560,2560,'You are operating as:','en'),(2561,2561,'Operate as this customer','en'),(2562,2562,'Quit','en'),(2563,2563,'You are operating as: {{user}}','en'),(2564,2564,'You are logged in as: {{user}}','en'),(2565,2565,'Finished operating as customer','en'),(2566,2566,'Avalara provides our mutual customers with everything you need to calculate, file and remit sales tax for your business effortlessly by providing an integrated, end-to-end solution for every step of the tax compliance process.','en'),(2567,2567,'New to Avalara? <a href=\"http://www.avalara.com/integrations/x-cart/\" target=\"_blank\">Sign up here!</a>','en'),(2568,2568,'<a href=\"https://www.avalara.com/us/en/products/integrations/x-cart.html?partnersource=0010b00001sr5BH&CampaignID=7010b0000013aD9&lsmr=Direct%20Partner%20Referral&lso=Direct%20Partner%20Referral\" target=\"_blank\">60 Day Free Trial</a>','en'),(2569,2569,'Existing Avalara Customer? <a href=\"{{moduleSettings}}\">Turn AvaTax on now!</a>','en'),(2570,2570,'Any profile','en'),(2571,2571,'Shipping method is not configured.','en'),(2572,2572,'Delivery time','en'),(2573,2573,'Shipping method information that your customers will be able to see when choosing a shipping method for their order during checkout. Can be provided only for offline shipping methods.','en'),(2574,2574,'Choose a parameter (or parameters) based on which custom rates will be defined. When calculating shipping costs, the system takes into account only the custom rates defined based on the parameter(s) selected in this field.','en'),(2575,2575,'Can be provided only for offline shipping methods.','en'),(2576,2576,'Handling fee','en'),(2577,2577,'Can be provided only for online shipping methods.','en'),(2578,2578,'What type of shipping rates would you like to use?','en'),(2579,2579,'Carrier-calculated rates','en'),(2580,2580,'Custom table rates','en'),(2581,2581,'Get shipping rates from major shipping carrier companies. No need to enter shipping rates manualy: the rates are obtained from the shipping carrier in real time so you get the most accurate shipping cost estimation.','en'),(2582,2582,'Method name','en'),(2583,2583,'Table based on','en'),(2584,2584,'Subtotal','en'),(2585,2585,'Discounted subtotal','en'),(2586,2586,'Weight','en'),(2587,2587,'Items','en'),(2588,2588,'Subtotal, weight, items','en'),(2589,2589,'Address zone','en'),(2590,2590,'Subtotal range','en'),(2591,2591,'Discounted subtotal range','en'),(2592,2592,'Weight range','en'),(2593,2593,'Items range','en'),(2594,2594,'flat rate','en'),(2595,2595,'per item','en'),(2596,2596,'per weight unit','en'),(2597,2597,'Shipping','en'),(2598,2598,'Items','en'),(2599,2599,'Subtotal','en'),(2600,2600,'Discounted subtotal','en'),(2601,2601,'Weight','en'),(2602,2602,'Free','en'),(2603,2603,'Here you can provide general information about the shipping method and configure a table defining how shipping rates for this method should be calculated.','en'),(2604,2604,'Learn how to define shipping rates','en'),(2605,2605,'You can set up different shipping rates depending on the weight, price or quantity of items in the order. For this purpose in the field \"Table based on\" you need to specify the quality of an order that should determine the choice of a shipping rate (order subtotal, order weight, quantity of items in the order, or \"Subtotal, weight, items\" - if multiple factors need to be taken into account at the same time). Then in the table below you need to specify the subtotal, weight and/or quantity range that make an order eligible for this rate, and specify the values that need to be taken into account when calculating the shipping rate. If rates for more than one ranges need to be specified, it is necessary to add more rows to the rates table. The ranges for the different rates in the table may not overlap.','en'),(2606,2606,'Shipping rates are calculated by the following formula:','en'),(2607,2607,'You can define the following values:','en'),(2608,2608,'Flat shipping charge. This value will be added to the shipping rate regardless of the weight, price and number of items ordered.','en'),(2609,2609,'Flat shipping charge per item ordered.','en'),(2610,2610,'Shipping charge based on a percentage of the order subtotal.','en'),(2611,2611,'Flat shipping charge per weight unit ordered (for example, per pound or per kilogram - depending on the weight units used by your store).','en'),(2612,2612,'SHIPPING = flat + ITEMS*per_item + SUBTOTAL*(% of subtotal)/100 + WEIGHT*per_{{X}};','en'),(2613,2613,'Carrier services','en'),(2614,2614,'Carrier service','en'),(2615,2615,'Carrier service name','en'),(2616,2616,'Test rates','en'),(2617,2617,'Back to shipping methods','en'),(2618,2618,'This shipping method is','en'),(2619,2619,'This shipping method is <strong>not configured</strong>.','en'),(2620,2620,'on','en'),(2621,2621,'off','en'),(2622,2622,'Pre-upgrade hooks cannot be run','en'),(2623,2623,'Files cannot be updated','en'),(2624,2624,'Trying to run pre-upgrade hooks while not all archives were unpacked','en'),(2625,2625,'...Invoke {{type}} hook for {{entry}}...','en'),(2626,2626,'...Hooks {{hooksCount}}, Items {{itemsCount}}...','en'),(2627,2627,'...Hooks {{hooksCount}}','en'),(2628,2628,'...Unpacking {{entry}}...{{status}}','en'),(2629,2629,'...Downloading {{entry}}...{{status}}','en'),(2630,2630,'<span class=\"value\">{{X}}</span> items','en'),(2631,2631,'More attributes','en'),(2632,2632,'Do you really want to close storefront?','en'),(2633,2633,'The product for which you attempted to upload an attachment has not been found','en'),(2634,2634,'The file extension is forbidden','en'),(2635,2635,'Accounting','en'),(2636,2636,'Export orders','en'),(2637,2637,'Not seeing your accounting software here? <a href=\"{{href}}\" target=\"_blank\">Let us know</a>','en'),(2638,2638,'Want to change or add another accounting system? Choose the accounting system you require below and configure it.','en'),(2639,2639,'No accounting system has been selected yet. Choose your accounting system below and configure it.','en'),(2640,2640,'Automate shipping','en'),(2641,2641,'Integration with','en'),(2642,2642,'Automate your shipping process with the services of our partners: print shipping labels, grab shipping orders info from eBay, ETSY, Amazon and other marketplaces; integrate with several shipping carriers in one spot and more.','en'),(2643,2643,'Haven\'t found what you\'re looking for? View more <a href=\'{{href}}\'>shipping modules</a>','en'),(2644,2644,'Print Shipping labels','en'),(2645,2645,'FREE trial','en'),(2646,2646,'Refunds','en'),(2647,2647,'App type','en'),(2648,2648,'Cloud Service','en'),(2649,2649,'Cloud Zoom','en'),(2650,2650,'Cloud Zoom mode','en'),(2651,2651,'Inside','en'),(2652,2652,'Outside','en'),(2653,2653,'Win app','en'),(2654,2654,'Amazon','en'),(2655,2655,'DHL','en'),(2656,2656,'ETSY','en'),(2657,2657,'FedEx','en'),(2658,2658,'Stamps.com','en'),(2659,2659,'UPS','en'),(2660,2660,'U.S.P.S.','en'),(2661,2661,'eBay','en'),(2662,2662,'Ship-From address','en'),(2663,2663,'Automate Shipping Refunds','en'),(2664,2664,'Shipping solutions','en'),(2665,2665,'More shipping solutions','en'),(2666,2666,'Transaction details','en'),(2667,2667,'You can find the failed transaction <a href=\"{{url}}\">here</a>','en'),(2668,2668,'Save filter','en'),(2669,2669,'Enter filter name','en'),(2670,2670,'Delete filter','en'),(2671,2671,'Are you sure you want to delete this filter?','en'),(2672,2672,'Filter has been successfully saved','en'),(2673,2673,'Filter has been removed','en'),(2674,2674,'The download should start automatically. Click the link if does not start.','en'),(2675,2675,'Sorry, your order cannot be placed as there are no shipping methods available.','en'),(2676,2676,'Packing slip','en'),(2677,2677,'Print packing slip','en'),(2678,2678,'Packing date','en'),(2679,2679,'Order date','en'),(2680,2680,'Bill to','en'),(2681,2681,'Ship to','en'),(2682,2682,'Order QTY','en'),(2683,2683,'Ship QTY','en'),(2684,2684,'Please select the orders first','en'),(2685,2685,'Orders has been successfully deleted','en'),(2686,2686,'Purchase license','en'),(2687,2687,'License warning','en'),(2688,2688,'Inactive license key ({{key}})','en'),(2689,2689,'Does not match license type (requires {{list}} edition)','en'),(2690,2690,'Requires {{list}} edition license','en'),(2691,2691,'License key is missing','en'),(2692,2692,'The system has detected one or more problems with some of the modules at your store:','en'),(2693,2693,'inactive license key(s);','en'),(2694,2694,'installed module(s) not allowed by the type of X-Cart license activated at your store.','en'),(2695,2695,'Using the modules with this type of license violation is illegal.<br />To resolve the problem, please remove the affected modules from your store, or activate a valid license allowing the use of these modules.','en'),(2696,2696,'Also the system has detected problems with the following modules:','en'),(2697,2697,'You can also <a href=\"{{url}}\" target=\"_blank\">contact our CR department</a> for help with this issue','en'),(2698,2698,'WARNING! Any attempt to access further pages in the administrator interface will result in the <strong>automatic disabling</strong> of all the unallowed modules. To prevent this from happening, please activate a valid license key by clicking the button below.','en'),(2699,2699,'Remove unlicensed modules','en'),(2700,2700,'The system has detected that the license key that was activated for your store is invalid.<br />Using the store with an invalid license key is illegal.<br />To resolve the problem, please activate a valid license key for your store, or revert to Trial mode.','en'),(2701,2701,'Back to Trial mode','en'),(2702,2702,'Re-check','en'),(2703,2703,'Tools','en'),(2704,2704,'All payment transaction statuses','en'),(2705,2705,'Default image settings','en'),(2706,2706,'In progress','en'),(2707,2707,'Initialized','en'),(2708,2708,'Success','en'),(2709,2709,'Pending','en'),(2710,2710,'Failed','en'),(2711,2711,'Canceled','en'),(2712,2712,'Void','en'),(2713,2713,'The calculation failed','en'),(2714,2714,'The calculation completed','en'),(2715,2715,'The process of sales calculation may take a while to complete. Please do not close this page until the process is fully completed.','en'),(2716,2716,'Sales calculation','en'),(2717,2717,'This method is displayed because you are logged in as admin and operating as another user','en'),(2718,2718,'Old customer note','en'),(2719,2719,'New customer note','en'),(2720,2720,'Add comment here','en'),(2721,2721,'more','en'),(2722,2722,'View order history','en'),(2723,2723,'Banner rotation','en'),(2724,2724,'Add banner','en'),(2725,2725,'Review & Submit order','en'),(2726,2726,'Products search','en'),(2727,2727,'Requires shipping','en'),(2728,2728,'Learn how to convert failed transactions into real orders','en'),(2729,2729,'Customer','en'),(2730,2730,'Couldn\'t download the image \"{{value}}\"','en'),(2731,2731,'Error of image verification ({{value}}). Make sure you have specified the correct image file or URL.','en'),(2732,2732,'Show low stock warning on product page','en'),(2733,2733,'Notify administrator if the stock quantity of this product goes below a certain limit','en'),(2734,2734,'Only {{X}} left in stock','en'),(2735,2735,'Show all warnings/errors','en'),(2736,2736,'Hide all warnings/errors','en'),(2737,2737,'Errors','en'),(2738,2738,'Warnings','en'),(2739,2739,'Download error file','en'),(2740,2740,'The value must be greater than the current maximum order number in the order list','en'),(2741,2741,'Authorize','en'),(2742,2742,'Sale','en'),(2743,2743,'Capture','en'),(2744,2744,'Capture partially','en'),(2745,2745,'Capture multiple','en'),(2746,2746,'Void','en'),(2747,2747,'Void partially','en'),(2748,2748,'Void multiple','en'),(2749,2749,'Refund','en'),(2750,2750,'Refund partially','en'),(2751,2751,'Refund multiple','en'),(2752,2752,'Get information','en'),(2753,2753,'Accept','en'),(2754,2754,'Decline','en'),(2755,2755,'Test','en'),(2756,2756,'Need a more powerful banner system for your store? <a href=\"{{url}}\">Get it now!</a>','en'),(2757,2757,'Administrator','en'),(2758,2758,'Log in as this admin','en'),(2759,2759,'Need a more customizeable PDF invoice solution for your store? <a href=\"{{url}}\">Get it now!</a>','en'),(2760,2760,'File can not be uploaded','en'),(2761,2761,'{{file}} file could not be copied to a new location {{newPath}}','en'),(2762,2762,'Unable to write data to file {{file}}','en'),(2763,2763,'Unable to download the content of {{url}}','en'),(2764,2764,'File {{file}} does not exist','en'),(2765,2765,'Unable to get the content from {{url}}','en'),(2766,2766,'The file extension is forbidden ({{file}}','en'),(2767,2767,'Incorrect permissions','en'),(2768,2768,'Incorrect amount','en'),(2769,2769,'Not enough permissions to import user access level','en'),(2770,2770,'Wrong access level format ({{value}})','en'),(2771,2771,'Not enough permissions to import user roles','en'),(2772,2772,'Wrong role name ({{value}})','en'),(2773,2773,'Roles cannot be changed for your profile via import. Row will be skipped','en'),(2774,2774,'Access level cannot be changed (from {{prevValue}} to {{value}}) for existing profile ({{login}})','en'),(2775,2775,'You cannot update administrator profile ({{value}}). Row will be skipped','en'),(2776,2776,'You cannot update administrator profile ({{value}}). Row has been skipped','en'),(2777,2777,'The count of categories specified for a product and the count of orderBy position numbers describing the position of the product within these categories must be the same.','en'),(2778,2778,'OrderBy position number must be specified as a non-negative integer.','en'),(2779,2779,'Category name should not be empty','en'),(2780,2780,'After the problem has been fixed, try to connect again.\', {\'clear_cache\': url(\'addons_list_marketplace','en'),(2781,2781,'All items','en'),(2782,2782,'Although you can switch the store to use the secure protocol for the website pages, most Internet browsers will likely display a warning message scaring your website visitors away.','en'),(2783,2783,'Autogenerate','en'),(2784,2784,'Background export is in progress','en'),(2785,2785,'Clean URLs are disabled. More info\', {\'more_info_url\': url(\'settings\', \'','en'),(2786,2786,'Clean URLs','en'),(2787,2787,'The Clean URL entered is already in use by another page. To resolve the conflict, edit the \"clean_urls_aliases\" section in the file etc/config.php.','en'),(2788,2788,'First','en'),(2789,2789,'Last','en'),(2790,2790,' > ','en'),(2791,2791,'X-Cart','en'),(2792,2792,'','en'),(2793,2793,'Title','en'),(2794,2794,'[Edit]','en'),(2795,2795,'Parent category path','en'),(2796,2796,'Object name (category, product, etc)','en'),(2797,2797,'General options','en'),(2798,2798,'404 page','en'),(2799,2799,'Regular text for 404 page','en'),(2800,2800,'Show сustomer relations e-mails on 404 page','en'),(2801,2801,'<div><a href=\'{home}\'>Go to home page</a> | <a href=\'{contact us}\'>Contact us</a></div><div>If you continue having trouble finding what you are looking for please contact our customer service department.</div>','en'),(2802,2802,'Default site title','en'),(2803,2803,'Default site meta description','en'),(2804,2804,'Default site meta keywords','en'),(2805,2805,'Home page title and meta','en'),(2806,2806,'Page title format','en'),(2807,2807,'Show object name in page title','en'),(2808,2808,'About clean urls','en'),(2809,2809,'Page title consists of the following elements separated by the delimiter \"{{delimiter}}\"; you can change the delimiter by editing the <a href=\"{{modify_url}}\">title-delimiter</a> label','en'),(2810,2810,'Every object stores a history of up to 8 clean urls that were used for the object previously. X-Cart sets 301 redirects for these URLs automatically.','en'),(2811,2811,'Also, you can adjust your 301 redirects in the .htaccess file (See <a href=\"https://kb.x-cart.com/en/general_setup/setting_up_seo-friendly_urls.html\" target=\"blank\">Setting up seo-friendly URLs</a> for Nginx or IIS configuration), or use a special extension by 3d party module developers (<a href=\"https://market.x-cart.com/addons/redirects-by-Nova-Horizon.html\"  target=\"blank\">Redirects module</a>)','en'),(2812,2812,'Connecting to the marketplace...','en'),(2813,2813,'Do not see your payment method? Find it on our Marketplace\', {\'url\': url(\'addons_list_marketplace\', \'\', {\'tag\': \'Payment processing','en'),(2814,2814,'Enter product name or SKU','en'),(2815,2815,'Export all','en'),(2816,2816,'Export selected','en'),(2817,2817,'File was successfully uploaded','en'),(2818,2818,'Hide and make them available only via a direct link','en'),(2819,2819,'Ignore membership','en'),(2820,2820,'Import results','en'),(2821,2821,'Info','en'),(2822,2822,'Initializing...','en'),(2823,2823,'Inventory tracking is','en'),(2824,2824,'Login is locked out','en'),(2825,2825,'Manage zones','en'),(2826,2826,'Marketing','en'),(2827,2827,'Minimum value is {{value}}','en'),(2828,2828,'Modules','en'),(2829,2829,'Options','en'),(2830,2830,'Order cannot be placed because there is no shipping methods available.','en'),(2831,2831,'Order number or email','en'),(2832,2832,'Please wait','en'),(2833,2833,'Prices & Inventory','en'),(2834,2834,'Recalculate totals','en'),(2835,2835,'Recent orders only','en'),(2836,2836,'SKU length must be less than {{length}}','en'),(2837,2837,'{{field}} length must be less than {{length}}','en'),(2838,2838,'SKU or SKU1, SKU2','en'),(2839,2839,'Select language to edit','en'),(2840,2840,'Separate box','en'),(2841,2841,'Shipping method / cost','en'),(2842,2842,'Show in all the sections','en'),(2843,2843,'Show only in categories and search listings','en'),(2844,2844,'Show only in search listing','en'),(2845,2845,'Show:','en'),(2846,2846,'Soft and Hard reset links for your store','en'),(2847,2847,'Sort by:','en'),(2848,2848,'Sort settings','en'),(2849,2849,'Specify your _store information_\', {\'URL\': url(\'settings\', \'','en'),(2850,2850,'The secure protocol for your website is disabled.','en'),(2851,2851,'The secure protocol for your website is enabled.','en'),(2852,2852,'This payment method is not configured.','en'),(2853,2853,'Time left','en'),(2854,2854,'To setup Tax Rates, find and install the appropriate addons from Marketplace\', {\'url\': url(\'addons_list_marketplace\', \'\', {\'tag\': \'Taxes','en'),(2855,2855,'Transaction ID','en'),(2856,2856,'Try to change the search criteria or find the needed solution in marketplace\', {\'URL\': url(\'addons_list_marketplace\', \'\', {\'tag\': \'Payment processing','en'),(2857,2857,'Try to search worldwide or find the needed solution in marketplace\', {\'URL\': url(\'addons_list_marketplace\', \'\', {\'tag\': \'Payment processing','en'),(2858,2858,'Updating data from the marketplace...','en'),(2859,2859,'You can purchase AntiFraud Service subscription','en'),(2860,2860,'You need these links in case you want to recover your store','en'),(2861,2861,'or use the form below','en'),(2862,2862,'the same as billing','en'),(2863,2863,'Add product','en'),(2864,2864,'Are you sure you want to enable https anyway?','en'),(2865,2865,'Check for updates','en'),(2866,2866,'Install anyway','en'),(2867,2867,'Update modules','en'),(2868,2868,'The \"{{file}}\" file is not allowed and was not uploaded. Allowed extensions are: {{extensions}}','en'),(2869,2869,'Couldn\'t download the banner \"{{value}}\"','en'),(2870,2870,'Error of banner loading. Make sure the \"images\" directory has write permissions.','en'),(2871,2871,'Searching','en'),(2872,2872,'No results found.','en'),(2873,2873,'Enter a keyword to search.','en'),(2874,2874,'Loading more results','en'),(2875,2875,'Please enter 3 or more characters','en'),(2876,2876,'Item list','en'),(2877,2877,'Minor update','en'),(2878,2878,'Major upgrade','en'),(2879,2879,'Major improvements and new features','en'),(2880,2880,'Minor improvements','en'),(2881,2881,'{{count}} items selected','en'),(2882,2882,'Maximum items in box','en'),(2883,2883,'Upgrade not allowed','en'),(2884,2884,'X-Cart v5.3 requires PHP version 5.4 or better. Please update the PHP version installed on your server before you proceed.','en'),(2885,2885,'X-Cart v5.4 requires PHP version 7.2 or better. Please update the PHP version installed on your server before you proceed.','en'),(2886,2886,'X-Cart v5.4 requires MariaDB version 10.2.4 or better. Please update the MariaDB version installed on your server before you proceed.','en'),(2887,2887,'X-Cart v5.4 requires MySQL version 5.7.7 or better. Please update the MySQL version installed on your server before you proceed.','en'),(2888,2888,'Header, greeting & signature','en'),(2889,2889,'Greeting','en'),(2890,2890,'Header','en'),(2891,2891,'Signature','en'),(2892,2892,'State','en'),(2893,2893,'Scheme','en'),(2894,2894,'Body','en'),(2895,2895,'Dynamic message','en'),(2896,2896,'Customer email notification','en'),(2897,2897,'Admin email notification','en'),(2898,2898,'Customer','en'),(2899,2899,'Administrator','en'),(2900,2900,'Customer','en'),(2901,2901,'Administrator','en'),(2902,2902,'Add countries','en'),(2903,2903,'Subscribe','en'),(2904,2904,'Sign in / sign up','en'),(2905,2905,'Quick view','en'),(2906,2906,'Billing','en'),(2907,2907,'Enable this if you would like us to use your shipping address as your billing address','en'),(2908,2908,'Proceed to payment','en'),(2909,2909,'Shipping to','en'),(2910,2910,'Billing to','en'),(2911,2911,'same as shipping','en'),(2912,2912,'Choose shipping','en'),(2913,2913,'Payment','en'),(2914,2914,'There is already state with code {{code}} in {{country}}','en'),(2915,2915,'Last time re-deployed at','en'),(2916,2916,'YES','en'),(2917,2917,'NO','en'),(2918,2918,'E-mail will also be updated in all the related orders.','en'),(2919,2919,'The countries to which the selected states belong will be added to the zone automatically.','en'),(2920,2920,'Hi,<br/><br/>X-Cart Team have done their best to make your upgrade process as enjoyable as possible. If that didn’t work out well for you, please follow these quick steps to get it right:','en'),(2921,2921,'First, restore your website from the created backup - this is the fastest way to get your store back online.','en'),(2922,2922,'Second, try to disable all non-X-Cart modules by using the links below:','en'),(2923,2923,'Soft reset. Turn off all addons except those provided by X-Cart Team & Qualiteam','en'),(2924,2924,'Hard reset. Disable all addons except those provided by X-Cart Team','en'),(2925,2925,'If you still need help, please, feel free to contact X-Cart Help Desk at <a href=”mailto:helpdesk@x-cart.com”>helpdesk@x-cart.com</a>. Remember to attach the log files (from “xcart_directory/var/log”) to your email, so that their tech engineers could instantly spot the problem and help you to fix it in the most effective way possible.','en'),(2926,2926,'Performing task...','en'),(2927,2927,'This process may take a while to complete. Please do not close this page until the process is fully completed. If you have closed the page, please re-open it to complete the process as it is in progress only when the page is open.','en'),(2928,2928,'Recalculate view lists','en'),(2929,2929,'This action reloads each @ListChild annotation and updates view list records in database.','en'),(2930,2930,'Clear data and widget cache','en'),(2931,2931,'Cache clearing might be helpful if there are some widgets with outdated information. Clicking this will remove data from cache driver.','en'),(2932,2932,'Start','en'),(2933,2933,'Orders awaiting processing','en'),(2934,2934,'Awaiting processing','en'),(2935,2935,'Only orders awaiting processing','en'),(2936,2936,'On category listing','en'),(2937,2937,'On category and product details page','en'),(2938,2938,'Column \"{{value}}\" is required','en'),(2939,2939,'Wrong format of \"order number\" field','en'),(2940,2940,'Wrong format of \"anonymous\" field','en'),(2941,2941,'Wrong format of \"address same\" field','en'),(2942,2942,'Wrong format of \"subtotal\" field','en'),(2943,2943,'Wrong format of \"total\" field','en'),(2944,2944,'Wrong format of \"currency\" field','en'),(2945,2945,'Fulfilment status not found, \"New\" will be used for order','en'),(2946,2946,'Payment status not found, \"Awaiting payment\" will be used for order','en'),(2947,2947,'Order modifier \"{{value}}\" not found','en'),(2948,2948,'Wrong format of \"order modifier\" field','en'),(2949,2949,'Wrong format of \"order item\", required fields \"{{value}}\" are missing','en'),(2950,2950,'Wrong format of \"order item sku\" field','en'),(2951,2951,'Wrong format of \"order item name\" field','en'),(2952,2952,'Wrong format of \"order item price\" field','en'),(2953,2953,'Wrong format of \"order item subtotal\" field','en'),(2954,2954,'Wrong format of \"order item total\" field','en'),(2955,2955,'Wrong format of \"order item quantity\" field','en'),(2956,2956,'Order item modifier not found','en'),(2957,2957,'Wrong format of \"order item modifier\" field','en'),(2958,2958,'Wrong format of \"order transaction\", required fields \"{{value}}\" are missing','en'),(2959,2959,'Wrong format of \"order transaction method\" field','en'),(2960,2960,'Order transaction status not found','en'),(2961,2961,'Wrong format of \"order transaction value\" field','en'),(2962,2962,'Order transaction type not found','en'),(2963,2963,'Wrong format of \"order transaction id\" field','en'),(2964,2964,'Wrong format of \"order transaction currency\" field','en'),(2965,2965,'No account yet?','en'),(2966,2966,'No problem! Enter your email address','en'),(2967,2967,'Log in to your account','en'),(2968,2968,'to enjoy faster & easier checkout','en'),(2969,2969,'or proceed with','en'),(2970,2970,'You can continue as guest or <a href=\"{{URL}}\" class=\"sign-in register\">create an account</a>','en'),(2971,2971,'Apply sorting globally','en'),(2972,2972,'Integrity check','en'),(2973,2973,'Unknown core version','en'),(2974,2974,'The core may be checked only if a valid license key is present.','en'),(2975,2975,'The module may be checked only if a valid license key is present.','en'),(2976,2976,'Cannot check the files for this module','en'),(2977,2977,'Refresh integrity status','en'),(2978,2978,'Added','en'),(2979,2979,'Modified','en'),(2980,2980,'Removed','en'),(2981,2981,'Errors','en'),(2982,2982,'Integrity has not yet been checked. Initiate an integrity check by clicking the button \"Refresh integrity status\".','en'),(2983,2983,'Integrity check has been completed successfully.','en'),(2984,2984,'Integrity check has been stopped.','en'),(2985,2985,'Switch to <a href=\"javascript: void(0)\">Category tree</a>','en'),(2986,2986,'Switch to <a href=\"javascript: void(0)\">Category search</a>','en'),(2987,2987,'Parent category name','en'),(2988,2988,'All addons','en'),(2989,2989,'Disabled only','en'),(2990,2990,'Enabled only','en'),(2991,2991,'Please be warned that proper operation of the site after an upgrade is not guaranteed if you choose to upgrade only some of the components listed below. Please use the selective upgrade feature at your own risk and only if you know exactly what you are doing.','en'),(2992,2992,'Enable selected','en'),(2993,2993,'Disable selected','en'),(2994,2994,'Enable all','en'),(2995,2995,'Disable all','en'),(2996,2996,'Clone selected','en'),(2997,2997,'This field will be required if the selected country has states, and will not be required if the selected country does not have states.','en'),(2998,2998,'Will be available if core update is selected','en'),(2999,2999,'No category assigned','en'),(3000,3000,'Not assigned','en'),(3001,3001,'Developer wave','en'),(3002,3002,'Your license key is set up to get upgrades in the  {{wave_name}} wave. Therefore, upgrading may require some technical assistance on your part. If you are not prepared to deal with upgrade issues that may arise when upgrading in the developer wave, please, wait for the merchant wave. You can switch to the merchant wave <a  href=\"{{link_to_waves}}\" target=\"_blank\">on this page</a>','en'),(3003,3003,'Products in this class: {{X}}','en'),(3004,3004,'Canceling','en'),(3005,3005,'Installing native <a target=\'_blank\' href=\'http://php.net/manual/en/mbstring.installation.php\'><b>mbstring extension</b></a> is highly recommended due to the major speedup of PDF generation and general string processing.','en'),(3006,3006,'<a href=\"http://php.net/manual/en/dom.installation.php\" target=\"_blank\"><b>DOM extension</b></a> must be enabled to ensure that email notifications work correctly.','en'),(3007,3007,'<p>There are currently no orders in the store. Once your store has orders, this is where you’ll process and track them. Get accustomed with the order workflow at <a target=\'_blank\' href=\'https://kb.x-cart.com/en/orders/understanding_x-cart_order_statuses.html\'>X-Cart Knowledge Base</a>.</p>','en'),(3008,3008,'There are currently no orders in the store.','en'),(3009,3009,'<p>No payment transactions have been made yet. Once a customer will place an order, this is where you can track payment status and transaction details.</p>','en'),(3010,3010,'<p>Products catalog is empty. Start your sales by adding products using the <b>\"Add product\"</b> button or via import. Learn how to configure a product at <a target=\'_blank\' href=\'https://kb.x-cart.com/en/products/adding_products.html#adding-a-new-product\'>X-Cart Knowledge Base</a>.</p>','en'),(3011,3011,'Products catalog is empty.','en'),(3012,3012,'<p>There are no categories in the store. Group your products by adding categories using the <b>\"New category\"</b> button or via import.</p>','en'),(3013,3013,' <p>There are no memberships in the store. Memberships allow you to group your customers and give them different privileges. You can add them by clicking the <b>\"New membership\"</b> button, Learn more at <a target=\'_blank\' href=\'https://kb.x-cart.com/en/users/adding_user_membership_levels.html\'>X-Cart Knowledge Base</a>.</p>','en'),(3014,3014,'Categories processed','en'),(3015,3015,'Processing categories...','en'),(3016,3016,'Categories processed: {{X}} out of {{Y}} (errors: {{errors}}, warnings: {{warns}})','en'),(3017,3017,'Categories processed: {{X}} out of {{Y}}','en'),(3018,3018,'Categories processed: {{count}}','en'),(3019,3019,'Order {{order_number}} has been confirmed as delivered to the customer.','en'),(3020,3020,'Products with no assigned categories','en'),(3021,3021,'The selected categories have been deleted. As a result, there are products with no assigned category. You can re-arrange the location of these products by using bulk edit.','en'),(3022,3022,'Show products with no assigned category','en'),(3023,3023,'The import process has been canceled','en'),(3024,3024,'Logout this user','en'),(3025,3025,'Profile actions','en'),(3026,3026,' <p>There are no subcategories in the category.</p>','en'),(3027,3027,'The product you are trying to add to cart is unavailable.','en'),(3028,3028,'Current password','en'),(3029,3029,'<a href=\"{{url}}\">Send reset link</a>','en'),(3030,3030,'Installation script','en'),(3031,3031,'The root folder of your installed X-Cart store still contains the file install.php that is used to launch X-Cart installation. Keeping this file in the said location \'as is\' is not secure. We strongly recommend that this file should be deleted or renamed to prevent unauthorized access to the store installation tools.','en'),(3032,3032,'Config file','en'),(3033,3033,'Config file does not exist and cannot be copied from the default config file. It is required for the installation.<br /><br />Please, follow these steps: <br /><br />1. Go to directory {{configPath}}<br />2. Copy <i>{{defaultConfigFileName}}</i> to <i>{{configFileName}}</i><br />3. Set writeable permissions on <i>{{configFileName}}</i><br /><br />Then try again.','en'),(3034,3034,'Config file does not exist and cannot be copied from the default config file. It is required for the installation.<br /><br />Please, follow these steps: <br /><br />1. Go to directory {{configPath}}<br />2. Copy <i>{{defaultConfigFileName}}</i> to <i>{{configFileName}}</i><br />3. Set writeable permissions on <i>{{configFileName}}</i><br /><br />Then try again.','en'),(3035,3035,'PHP version','en'),(3036,3036,'PHP Version must be at least {{minPhpVersion}}.','en'),(3037,3037,'PHP Version must be not greater than {{maxPhpVersion}}.','en'),(3038,3038,'Unsupported PHP version detected.','en'),(3039,3039,'PHP versions <b>7.2.0+</b> are currently supported.','en'),(3040,3040,'Disabled functions','en'),(3041,3041,'The following functions are disabled:<br/>:missedFunctions<br/>These functions may be used by the software in some cases and should be enabled.','en'),(3042,3042,'Some functions, used by X-Cart, are found disabled. Make sure that these functions are not listed in \"disable_functions\" option and all php extensions required for these functions availability are enabled in the php.ini file. Please correct this and try again.','en'),(3043,3043,'Memory limit','en'),(3044,3044,'PHP memory_limit option must be at least {{memoryLimitMin}}.','en'),(3045,3045,'PHP memory_limit option must be at least {{memoryLimitMin}}.','en'),(3046,3046,'File uploads','en'),(3047,3047,'PHP file_uploads option must be set to On.','en'),(3048,3048,'The configuration of the server where X-Cart will be installed meets the Server requirements; however, some server software issues, which can impair X-Cart operation, have been identified on the server.<br /><br />For proper operation of X-Cart the value of the upload_max_filesize variable in the php.ini file should indicate the maximum file size allowed for upload.','en'),(3049,3049,'PDO extension','en'),(3050,3050,'PDO extension with MySQL support must be installed.','en'),(3051,3051,'PDO extension with enabled MySQL support is used by X-Cart for connecting to the database. Please make sure this extension is loaded in your php.ini file and try again.','en'),(3052,3052,'Check our <a href=\"https://kb.x-cart.com/en/general_setup/installation_guide.html#disabled-php-extensions\" target=\"_blank\">Knowledge Base</a> in order to find out how to solve the problem with PDO extension.','en'),(3053,3053,'Upload file size limit','en'),(3054,3054,'PHP option upload_max_filesize must contain a value. It is currently empty.','en'),(3055,3055,'For proper operation of X-Cart the value of the upload_max_filesize option in the php.ini file should indicate the maximum file size allowed for upload. Please correct this option or contact your hosting provider\'s support to have the parameter adjusted.','en'),(3056,3056,'File permissions','en'),(3057,3057,'Not enough permissions to run the process. Please make sure the following files are writable:<br /><div class=\"permissions-list\">{{pathsList}}</div>','en'),(3058,3058,'Not enough permissions to run the process. Make sure the following permissions are set (UNIX-like systems only):<br /><div class=\"permissions-list\">{{pathsList}}</div>Such permissions are required for a seamless automated installation or upgrade of X-Cart on your server. They do not take into account the specific configuration of your server or any security requirements. Once the process is completed, make sure you change the permissions to a more restrictive setting. <a target=\"_blank\" href=\"https://kb.x-cart.com/en/setting_up_x-cart_5_environment/secure_configuration.html#why-x-cart-asks-for-666777-permissions\">Read more</a>','en'),(3059,3059,'Check our <a href=\"https://kb.x-cart.com/en/general_setup/installation_guide.html#permissionchecking-failed\" target=\"_blank\">Knowledge Base</a> in order to find out how to solve the problem with incorrect permissions.','en'),(3060,3060,'MySQL version','en'),(3061,3061,'MySQL version must be at least {{minMysqlVersion}}.','en'),(3062,3062,'InnoDB engine is not supported by MySQL server. InnoDB is required for X-Cart operation.','en'),(3063,3063,'Cannot get MySQL server version ({{error}}).','en'),(3064,3064,'MySQL cache','en'),(3065,3065,'MySQL query cache is not enabled. See <a href=\"https://dev.mysql.com/doc/refman/5.7/en/query-cache-configuration.html\" target=\"_blank\">https://dev.mysql.com/doc/refman/5.7/en/query-cache-configuration.html</a> for how to enable it.','en'),(3066,3066,'GDlib extension','en'),(3067,3067,'GDlib extension v.2.0 or later is required for some modules.','en'),(3068,3068,'GDlib extension does not have the JPEG plugin.','en'),(3069,3069,'Phar extension','en'),(3070,3070,'Phar extension v.2.0.1 or later is required to get upgrades and install modules; otherwise, these features may not work properly.','en'),(3071,3071,'Phar extension is required for installation of external X-Cart addons and upgrades from the Marketplace.  Phar v.2.0.1 or later is recommended, otherwise this features may fail to work properly. Please contact your hosting provider\'s support to have this parameter adjusted.','en'),(3072,3072,'HTTPS bouncers','en'),(3073,3073,'libcurl extension is found but does not support secure protocols.','en'),(3074,3074,'libcurl extension not found.','en'),(3075,3075,'The libCURL module with HTTPS protocol support and a valid SSL certificate is required for credit cards processing via Authorize.NET, PayPal or other payment gateways and using real-time shipping calculation services (these services require your website to accept secure connections via HTTPS/SSL). Please contact your hosting provider\'s support to have these parameters adjusted.','en'),(3076,3076,'Check our <a href=\"https://kb.x-cart.com/en/general_setup/installation_guide.html#https-bouncer-is-not-installed\" target=\"_blank\">Knowledge Base</a> in order to find out how to solve the problem with libCurl library.','en'),(3077,3077,'XML extensions support','en'),(3078,3078,'XML/Expat and DOM extensions are required for some modules.','en'),(3079,3079,'Xml/EXPAT and DOMDocument extensions for PHP are required for using real-time shipping modules and payment modules. Please contact your hosting provider\'s support to have these parameters adjusted.','en'),(3080,3080,'DocBlocks support','en'),(3081,3081,'The DocBlock feature is not supported by your PHP. This feature is required for X-Cart operation.','en'),(3082,3082,'The DocBlock feature is not supported by your PHP. This feature is required for X-Cart operation. The cause of DocBlock feature being blocked may be the eAccelerator extension. Disable this extension and try again.','en'),(3083,3083,'Check our <a href=\"https://kb.x-cart.com/en/general_setup/installation_guide.html#permissionchecking-failed\" target=\"_blank\">Knowledge Base</a> in order to find out how to solve the problem with incorrect permissions.','en'),(3084,3084,'Category id or path is required','en'),(3085,3085,'Last element of category path should be same as name if no category id is presented','en'),(3086,3086,'Category with id \"{{value}}\" not found, new category with different id will be created','en'),(3087,3087,'CSV format tables','en'),(3088,3088,'Need to set up free shipping? <a href=\"{{url}}\" target=\"_blank\">Learn how</a>.','en'),(3089,3089,'Show states for selected countries only','en'),(3090,3090,'Profile details','en'),(3091,3091,'Attention!','en'),(3092,3092,'Ok, Got it','en'),(3093,3093,'To install modules and get X-Cart upgrades, PHP\'s <a href=\"http://php.net/manual/en/book.phar.php\" target=\"_blank\">Phar extension</a> needs to be enabled on your server. Please contact your hosting provider.','en'),(3094,3094,'Also, you can review X-Cart recommended hosting providers <a href=\"https://market.x-cart.com/experts-and-services#filter[tags]=Hosters\" target=\"_blank\">in our marketplace</a>.','en'),(3095,3095,'Your X-Cart Business trial has expired!','en'),(3096,3096,'You must register your X-Cart installation before using it for real sales. Activate your existing license key or purchase a <strong>premium license to skyrocket your business</strong>.','en'),(3097,3097,'This message can be removed only through activation of a free or premium license.','en'),(3098,3098,'Refer to <a href=\"{{licenseAgreementURL}}\" target=\"_blank\" rel=\"nofollow\">X-Cart license agreement</a> for further details.','en'),(3099,3099,'Remind me on next sign-in','en'),(3100,3100,'Purchase a premium license key','en'),(3101,3101,'I have a license key','en'),(3102,3102,'Enter your premium license key','en'),(3103,3103,'<a href=\"{{url}}\">Activate free X-Cart license & remove premium features.</a>','en'),(3104,3104,'<a href=\"{{url}}\" target=\"_blank\" rel=\"nofollow\">Contact X-Cart</a> if you have any questions.','en'),(3105,3105,'License key registration','en'),(3106,3106,'X-Cart Business trial will expire in {{count}} day','en'),(3107,3107,'X-Cart Business trial will expire in {{count}} days','en'),(3108,3108,'X-Cart Business trial will expire in {{count}} days','en'),(3109,3109,'Please register your license key now or purchase a <strong>premium license to skyrocket your business</strong>.','en'),(3110,3110,'{{count}} day left','en'),(3111,3111,'{{count}} days left','en'),(3112,3112,'{{count}} days left','en'),(3113,3113,'Trial has expired!','en'),(3114,3114,'Register license key','en'),(3115,3115,'Warning! The image cannot be resized to reduce capacity for better site performance.','en'),(3116,3116,'Previous order','en'),(3117,3117,'Next order','en'),(3118,3118,'Click to expand menu','en'),(3119,3119,'<span>Need a way to set multicurrency prices?</span> <a href=\"{{url}}\" target=\"_blank\">Install the addon</a>','en'),(3120,3120,'<span>Need a way to set up product variants?</span> <a href=\"{{url}}\" target=\"_blank\">Install the addon</a>','en'),(3121,3121,'<span>Need a way to set wholesale prices?</span> <a href=\"{{url}}\" target=\"_blank\">Install the addon</a>','en'),(3122,3122,'Image quality after resize','en'),(3123,3123,'Apply unsharp mask filter on resize','en'),(3124,3124,'Clearing this field hides the option for this product only. To remove the attribute for all the products, use the <a href=\"{{link}}\" target=\"_blank\">\"Classes&Attrubutes\" page</a>.','en'),(3125,3125,'Apply attribute value changes for all the products','en'),(3126,3126,'Will be added globally','en'),(3127,3127,'Will be added to the product class','en'),(3128,3128,'The name will be changed globally','en'),(3129,3129,'The totals have been recalculated. Press \"Save changes\" to adjust the order','en'),(3130,3130,'Your access to <a href=\"{{url}}\">X-Cart Business features</a> expires in {{count}} day','en'),(3131,3131,'Your access to <a href=\"{{url}}\">X-Cart Business features</a> expires in {{count}} days','en'),(3132,3132,'Your access to <a href=\"{{url}}\">X-Cart Business features</a> expires in {{count}} days','en'),(3133,3133,'Discounts','en'),(3134,3134,'Marketing','en'),(3135,3135,'My addons','en'),(3136,3136,'Custom CSS & JS','en'),(3137,3137,'System tools','en'),(3138,3138,'System logs','en'),(3139,3139,'My profile','en'),(3140,3140,'Quick menu','en'),(3141,3141,'Add sales channel','en'),(3142,3142,'Saving','en'),(3143,3143,'Users list','en'),(3144,3144,'Image resizing requires GDLib 2.0 or ImageMagick','en'),(3145,3145,'Your payment has been processed; now the addon can be installed.','en'),(3146,3146,'Your payment is being processed. The addon license key will be sent to your email address as soon as the processing has been completed. You will be able to use this key to install the addon at any time.','en'),(3147,3147,'Purchased addons','en'),(3148,3148,'My purchases','en'),(3149,3149,'new core','en'),(3150,3150,'{{count}} addon','en'),(3151,3151,'{{count}} addons','en'),(3152,3152,'{{count}} addons','en'),(3153,3153,'new core and {{count}} addon','en'),(3154,3154,'new core and {{count}} addons','en'),(3155,3155,'new core and {{count}} addons','en'),(3156,3156,'<a href=\"{{url}}\">Or add a video review powered by Shopper Approved</a>','en'),(3157,3157,'Want to customize review surveys and display video testimonials? <a href=\"{{url}}\">Try Shopper Approved and collect up to 70x more ratings and reviews</a>','en'),(3158,3158,'Consistency check','en'),(3159,3159,'Surcharges','en'),(3160,3160,'There are {{model}} without valid {{another_model}} relation','en'),(3161,3161,'There are {{model}} with missing {{another_model}}','en'),(3162,3162,'Attribute value ID {{valueId}}','en'),(3163,3163,'Attribute values (select)','en'),(3164,3164,'We couldn\'t find one correct root category','en'),(3165,3165,'We couldn\'t find one correct root category, however there are possible candidates','en'),(3166,3166,'There is one valid root category, however there are multiple root category candidates','en'),(3167,3167,'Consistency has not yet been checked. Initiate an consistency check by clicking the button \"Refresh consistency status\".','en'),(3168,3168,'Refresh consistency status','en'),(3169,3169,'There are no inconsistencies found','en'),(3170,3170,'RoundUp','en'),(3171,3171,'No roundup','en'),(3172,3172,'up to 2 decimals','en'),(3173,3173,'up to 1 decimal','en'),(3174,3174,'up to integer','en'),(3175,3175,'up to 10','en'),(3176,3176,'up to 100','en'),(3177,3177,'<span>Need a customizable contact us form with location map?</span> <a href=\"{{url}}\" target=\"_blank\">Get it now!</a>','en'),(3178,3178,'Order staff notes changed','en'),(3179,3179,'Order customer notes changed','en'),(3180,3180,'Order has been edited','en'),(3181,3181,'Let TaxJar automate your sales tax calculations, reporting, and filings in minutes.','en'),(3182,3182,'TaxJar enabled','en'),(3183,3183,'Sign up for TaxJar','en'),(3184,3184,'Install TaxJar integration','en'),(3185,3185,'TaxJar Dashboard','en'),(3186,3186,'TaxJar Category','en'),(3187,3187,'We recommend to configure the background job processing on your server to send emails asynchronously, improving the website performance. <a href=\"{{url}}\" target=\"_blank\">Learn how to do this</a>.','en'),(3188,3188,'Change payment status for selected','en'),(3189,3189,'Change fulfillment status for selected','en'),(3190,3190,'Installing addons','en'),(3191,3191,'Attention! You are creating an account with full access. If necessary, you can set a lower level of access by choosing an appropriate role. <a href=\"{{roles_link}}\" target=\"_blank\">Manage roles</a>. <a href=\"{{kb_link}}\" target=\"_blank\">Learn more</a> about permissions and roles.','en'),(3192,3192,'Contact Us page settings','en'),(3193,3193,'Date and time on the server','en'),(3194,3194,'Date and time in the store','en'),(3195,3195,'The file you are trying to upload is too large. Try using a smaller one.','en'),(3196,3196,'The file you are trying to upload is too large. Try using a smaller one.','en'),(3197,3197,'For some reason, the file upload has not been completed. Please try again or use a different file.','en'),(3198,3198,'For some reason, the file upload has not been completed. Please try again or use a different file.','en'),(3199,3199,'Server-side problem with image upload. Contact your server administrator.','en'),(3200,3200,'Server-side problem with image upload. Contact your server administrator.','en'),(3201,3201,'Server-side problem with image upload. Contact your server administrator.','en'),(3202,3202,'No file was uploaded','en'),(3203,3203,'Your PHP {{version}} is outdated','en'),(3204,3204,'Your PHP {{version}} is outdated and no longer supported (<a href=\"http://php.net/eol.php\" target=\"_blank\">http://php.net/eol.php</a>). We recommend updating PHP to the latest stable version to improve your store performance. To update your PHP version, contact your hosting provider.','en'),(3205,3205,'Failed to download image from URL. Make sure the URL is correct and the file referenced by the URL is a PNG/JPG/JPEG','en'),(3206,3206,'Transaction is in progress, please wait...','en'),(3207,3207,'to be uninstalled','en'),(3208,3208,'Review modules','en'),(3209,3209,'Logo image','en'),(3210,3210,'Manage logo dimensions','en'),(3211,3211,'E-Mail transfer settings','en'),(3212,3212,'Email from the Contact information section','en'),(3213,3213,'Sender email as identified by the server','en'),(3214,3214,'Email address specified below','en'),(3215,3215,'Specify email address','en'),(3216,3216,'Go to <a href=\'https://www.mail-tester.com/\' target=\'_blank\'>https://www.mail-tester.com/</a> and copy the email address provided on that page to clipboard. ','en'),(3217,3217,'Paste the email address you have copied into the form below (the \"To email\" field) and try sending a test email.','en'),(3218,3218,'Go back to <a href=\'https://www.mail-tester.com/\' target=\'_blank\'>https://www.mail-tester.com/</a> and press the button to check your score. Allow a few seconds for the mail tester system to check the inbox and calculate your score. The highest score would be 10/10.','en'),(3219,3219,'Share the results with your hosting provider or administrators and, if necessary, ask them to improve your score. ','en'),(3220,3220,'Learn how to test your email transfer settings with mail-tester.com.','en'),(3221,3221,'body of the test email','en'),(3222,3222,'Test your emails','en'),(3223,3223,'If a category has subcategories, the value in brackets shows the overall number of products in both that category and all its subcategories.','en'),(3224,3224,'Please select','en'),(3225,3225,'Recently installed addons','en'),(3226,3226,'Installed Addons','en'),(3227,3227,'Free & paid','en'),(3228,3228,'You don’t have any notifications right now.','en'),(3229,3229,'Status comment (reason)','en'),(3230,3230,'Import and Export','en'),(3231,3231,'Setting up VAT / GST','en'),(3232,3232,'Setting up sales tax','en'),(3233,3233,'Setting up Canadian taxes','en'),(3234,3234,'Setting up tax classes','en'),(3235,3235,'https://kb.x-cart.com/','en'),(3236,3236,'https://kb.x-cart.com/general_setup/what_to_do_if_your_store_says_we_are_deploying_new_changes_and_you_cannot_access_it.html','en'),(3237,3237,'https://kb.x-cart.com/general_setup/moving_x-cart_to_another_location.html#transfering-database','en'),(3238,3238,'https://kb.x-cart.com/seo_and_promotion/setting_up_seo-friendly_urls.html','en'),(3239,3239,'https://kb.x-cart.com/general_setup/moving_x-cart_to_another_location.html','en'),(3240,3240,'https://kb.x-cart.com/import-export/','en'),(3241,3241,'https://kb.x-cart.com/import-export/csv_format_by_x-cart_data_type/csv_import_classes_&_attributes.html','en'),(3242,3242,'https://kb.x-cart.com/import-export/csv_format_by_x-cart_data_type/csv_import_product_attribute_values.html','en'),(3243,3243,'https://kb.x-cart.com/import-export/csv_format_by_x-cart_data_type/csv_import_categories.html','en'),(3244,3244,'https://kb.x-cart.com/import-export/csv_format_by_x-cart_data_type/csv_import_customers.html','en'),(3245,3245,'https://kb.x-cart.com/import-export/csv_format_by_x-cart_data_type/csv_import_products.html','en'),(3246,3246,'https://kb.x-cart.com/import-export/csv_format_by_x-cart_data_type/csv_import_orders.html','en'),(3247,3247,'https://kb.x-cart.com/setting_up_x-cart_5_environment/configuring_attachments_sending.html','en'),(3248,3248,'https://kb.x-cart.com/payments/paypal/setting_up_paypal_express_checkout.html','en'),(3249,3249,'https://kb.x-cart.com/payments/paypal/setting_up_paypal_payflow_link.html','en'),(3250,3250,'https://kb.x-cart.com/payments/paypal/setting_up_paypal_payments_advanced.html','en'),(3251,3251,'https://kb.x-cart.com/payments/paypal/setting_up_paypal_payments_standard.html','en'),(3252,3252,'https://kb.x-cart.com/integrating_your_store_with_other_web-sites/sell_your_products_with_buy_button.html','en'),(3253,3253,'https://kb.x-cart.com/shipping/custom_table_rates.html','en'),(3254,3254,'https://kb.x-cart.com/general_setup/inaccessible_admin_area_after_enabling_https.html','en'),(3255,3255,'https://kb.x-cart.com/users/user_roles.html','en'),(3256,3256,'https://kb.x-cart.com/shipping/free_shipping.html','en'),(3257,3257,'https://kb.x-cart.com/taxes/setting_up_vat_gst.html','en'),(3258,3258,'https://kb.x-cart.com/taxes/setting_up_sales_tax.html','en'),(3259,3259,'https://kb.x-cart.com/taxes/setting_up_canadian_taxes.html','en'),(3260,3260,'https://kb.x-cart.com/taxes/setting_up_tax_classes.html','en'),(3261,3261,'Email from the <a href=\"{{url}}\">contact information</a> section according to the type of email message','en'),(3262,3262,'Customer email (if exists)','en'),(3263,3263,'Wonder why it may have happened? It’s likely that your customer entered a wrong card number, password or CVC, had no money on his card, closed his browser by mistake or just fleeted away.<br><br>It may be a good idea to contact him and offer your help.','en'),(3264,3264,'Transaction was failed','en'),(3265,3265,'{{ field }} year must be between 1970 and 2038','en'),(3266,3266,'If the product is not available for sale, the system will return 404 response (page not found).','en'),(3267,3267,'If the product is not available for sale, the system will return <a href=\"{{productLink}}\" target=\"_blank\">404 not found page</a> with related products list as alternatives.','en'),(3268,3268,'If the category is disabled, the system will return <a href=\"{{categoryLink}}\" target=\"_blank\">404 not found page</a> with featured products list as alternatives.','en'),(3269,3269,'{{count}} day','en'),(3270,3270,'{{count}} days','en'),(3271,3271,'Access denied','en'),(3272,3272,'Access link has been sent','en'),(3273,3273,'Add addons','en'),(3274,3274,'Add address','en'),(3275,3275,'Address masks','en'),(3276,3276,'Address type','en'),(3277,3277,'Another bulk change in progress, please try again later','en'),(3278,3278,'Apply to billing address','en'),(3279,3279,'Business premium features','en'),(3280,3280,'CVV / CVC','en'),(3281,3281,'Change template','en'),(3282,3282,'Clear cache help text','en'),(3283,3283,'Critical','en'),(3284,3284,'Data removal has been completed successfully.','en'),(3285,3285,'Data removal has been stopped.','en'),(3286,3286,'Database','en'),(3287,3287,'Date and time in the shop','en'),(3288,3288,'Developer','en'),(3289,3289,'Disable HTTPS','en'),(3290,3290,'Download','en'),(3291,3291,'Enable module','en'),(3292,3292,'Error sending link','en'),(3293,3293,'File uploading','en'),(3294,3294,'Finish','en'),(3295,3295,'Hot addons','en'),(3296,3296,'Installation requirements','en'),(3297,3297,'License warnings','en'),(3298,3298,'Module name','en'),(3299,3299,'Monday','en'),(3300,3300,'Non-critical','en'),(3301,3301,'Not available','en'),(3302,3302,'Passed','en'),(3303,3303,'Payment order status','en'),(3304,3304,'Please select the entities first','en'),(3305,3305,'Private and custom modules:','en'),(3306,3306,'Private link','en'),(3307,3307,'Proceed','en'),(3308,3308,'Public installed modules:','en'),(3309,3309,'Rebuild view lists help text','en'),(3310,3310,'Remove expired sessions','en'),(3311,3311,'Remove expired shopping carts','en'),(3312,3312,'Remove module','en'),(3313,3313,'Removing expired datacache','en'),(3314,3314,'SKU must be unique','en'),(3315,3315,'Select type','en'),(3316,3316,'Shipping method is disabled','en'),(3317,3317,'Shipping method is enabled','en'),(3318,3318,'Shipping order status','en'),(3319,3319,'Skipped','en'),(3320,3320,'Soft and hard reset links for your store','en'),(3321,3321,'Sort','en'),(3322,3322,'Store ID','en'),(3323,3323,'Sunday','en'),(3324,3324,'Test e-mail have been successfully sent','en'),(3325,3325,'The Clean URL entered has unallowed chars.','en'),(3326,3326,'This payment method is','en'),(3327,3327,'Unknown error','en'),(3328,3328,'View in my addons','en'),(3329,3329,'Dashboard','en'),(3330,3330,'Dimensions','en'),(3331,3331,'<p>Oops, no products have been added to this category yet.</p><p><a href=\"{{homePageUrl}}\">Go back to the Home page</a></p>','en'),(3332,3332,'Backordered','en'),(3333,3333,'Backordered (qty: {{qty}})','en'),(3334,3334,'This order was placed at the same time as {{orders}}; as a result, some items were out of stock at the time of order placement. <a href=“{{kb_link}}” target=“_blank”>Learn more</a>','en'),(3335,3335,'Discard','en'),(3336,3336,'The Backorder status will be reset for the items. <br>The stock quantity of the backorder items will not change. Adjust it manually if necessary.','en'),(3337,3337,'Left in stock: {{quantity}}','en'),(3338,3338,'Enter alt text','en'),(3339,3339,'Select a date','en'),(3340,3340,'Start typing a category name','en'),(3341,3341,'<h6>Category is not accessible</h6><p>Your products are still accessible through the search and by direct link</p>','en'),(3342,3342,'Weak','en'),(3343,3343,'Good','en'),(3344,3344,'Strong','en'),(3345,3345,'Customer area','en'),(3346,3346,'Admin panel','en'),(3347,3347,'Default: {{code}}','en'),(3348,3348,'Original name','en'),(3349,3349,'Title for customers','en'),(3350,3350,'Description for customers','en'),(3351,3351,'Last exported','en'),(3352,3352,'Insight: Boost your sales with Google Ads addon','en'),(3353,3353,'The \"Amazon Pay\" feature is not configured and cannot be used.','en'),(3354,3354,'The \"Amazon Pay\" feature requires https to be <a href=\"{{url}}\">properly set up</a> for your store.','en'),(3355,3355,'Amazon Seller ID','en'),(3356,3356,'If you do not have seller account, you can register here:<br /><a href=\"https://payments.amazon.com/signup?LD=SPEXUSAPA_XCart_core\" target=\"_blank\">USA</a>,&nbsp;<a href=\"https://payments.amazon.co.uk/preregistration/lpa?LD=SPEXUKAPA_XCart_core\" target=\"_blank\">UK</a>,&nbsp;<a href=\"https://payments.amazon.de/preregistration/lpa?LD=SPEXDEAPA_XCart_core\" target=\"_blank\">Germany</a>','en'),(3357,3357,'Operation mode','en'),(3358,3358,'Access Key ID','en'),(3359,3359,'Secret Access Key','en'),(3360,3360,'Client ID','en'),(3361,3361,'Register your website as an application on the <a href=\"http://login.amazon.com/manageApps\" trget=\"_blank\">Login with Amazon App Console</a>. For more information, see the <a href=\"https://images-na.ssl-images-amazon.com/images/G/01/lwa/dev/docs/website-gsg._TTH_.pdf\" target=\"_blank\">Login with Amazon Getting Started Guide</a>. A client identifier (Client ID) is set when you register your website. You will need this identifier for your integration.','en'),(3362,3362,'Country of Merchant account','en'),(3363,3363,'Capture mode','en'),(3364,3364,'Type of authorization request','en'),(3365,3365,'OrderId prefix','en'),(3366,3366,'Amazon Pay','en'),(3367,3367,'Refresh','en'),(3368,3368,'Refund refresh','en'),(3369,3369,'Authorization status: {{status}}','en'),(3370,3370,'Refund status: {{status}}','en'),(3371,3371,'Payment has been captured successfully.','en'),(3372,3372,'Payment capture error: {{error}}','en'),(3373,3373,'Payment have been voided successfully.','en'),(3374,3374,'Payment void error: {{error}}','en'),(3375,3375,'Payment has been refunded successfully.','en'),(3376,3376,'Refund is in progress...','en'),(3377,3377,'Payment refund error: {{error}}','en'),(3378,3378,'Payment has been authorized successfully.','en'),(3379,3379,'Payment has been declined.','en'),(3380,3380,'Payment transaction is in progress...','en'),(3381,3381,'There were problems with the payment method.','en'),(3382,3382,'Amazon has rejected the authorisation.','en'),(3383,3383,'Amazon could not process the transaction due to an internal processing error.','en'),(3384,3384,'To ensure that the status of payments in your store is updated automatically after Amazon processes the respective payment requests, you need to set up the endpoints.<br/><br/>Log in to Seller Central and select \'Integration Settings\' from the Settings drop-down box.<br/>Click Edit under the \'Instant Notifications Settings\' section and enter the Callback URL provided here into the \'Merchant URL\' field.','en'),(3385,3385,'Amazon Order Ref ID','en'),(3386,3386,'Callback URL','en'),(3387,3387,'Immediate Charge','en'),(3388,3388,'PayWithAmazon available actions','en'),(3389,3389,'Payment refresh error: {{error}}','en'),(3390,3390,'Refresh status','en'),(3391,3391,'Refund status','en'),(3392,3392,'This operation will cancel order. Payment authorization will be voided. Please confirm to proceed.','en'),(3393,3393,'This operation will capture funds from customer. Please confirm to proceed.','en'),(3394,3394,'This operation will refund funds to customer. Please confirm to proceed.','en'),(3395,3395,'Use existing Amazon account','en'),(3396,3396,'Multi-Factor Authentication failed','en'),(3397,3397,'Multi-Factor Authentication not completed','en'),(3398,3398,'If AustraliaPost returns shipping methods that do not exist in the available methods list, these methods will be created in the list automatically. You can specify whether these methods should be created as enabled and available to customers right away, or should be hidden from customers until you manually enable them on <a href=\"{{URL}}\">the shipping methods list page</a>.','en'),(3399,3399,'Before you can start configuring the Australia Post module, you must receive the available options for the configuration settings from Australia Post. Please click the button below.','en'),(3400,3400,'The option values have been successfully updated.','en'),(3401,3401,'API Login ID','en'),(3402,3402,'Transaction key','en'),(3403,3403,'Signature  key','en'),(3404,3404,'<p>To obtain the transaction key from the Merchant Interface, do the following:</p><ul class=\'custom-disc\'><li>Log into the Merchant Interface</li><li>Select Settings from the Main Menu</li><li>Click on Obtain Transaction Key in the Security section</li><li>Type in the answer to the secret question configured on setup</li><li>Click Submit</li></ul>','en'),(3405,3405,'It\'s recommended to limit the length of invoice prefix to 9 characters. Larger prefixes will be cut prior to transaction initialization.','en'),(3406,3406,'Add this URL as the default Relay Response URL to the <b>Account</b> -> <b>Response/Receipt URLs</b> section in the <a href=\'https://account.authorize.net\'>Merchant Interface</a>.','en'),(3407,3407,'Relay Response URL is used to return the customer to invoice page after successful payment. Authorize.Net may issue the <b>Error 14</b> (The Referrer or Relay Response URL is invalid) in case this URL is not present in the <b>Merchant Interface</b>. <br/> Read more at the <a href=\'https://support.authorize.net/authkb/index?page=content&id=A601\' target=\'_blank\'>Authorize.Net Support Center</a>','en'),(3408,3408,'Don\'t have an account? <a href=\'{{link}}\' target=\'_blank\'>Sign Up Now</a>','en'),(3409,3409,'Required for SHA512 hash protection.','en'),(3410,3410,'Signature key','en'),(3411,3411,'Sales','en'),(3412,3412,'By Sales - 0-9','en'),(3413,3413,'By Sales - 9-0','en'),(3414,3414,'This field is required.','en'),(3415,3415,'Please enter the correct code','en'),(3416,3416,'The message has been sent','en'),(3417,3417,'Your Message','en'),(3418,3418,'Email Address','en'),(3419,3419,'Full Name','en'),(3420,3420,'We are always glad to help you.','en'),(3421,3421,'Send a message','en'),(3422,3422,'Our location','en'),(3423,3420,'Мы всегда рады вам помочь.','ru'),(3424,3421,'Отправить сообщение','ru'),(3425,3423,'Текстовое отображение адреса эл. почты','ru'),(3426,3424,'The length of the {{name}} field must be greater than {{min}}','en'),(3427,3425,'The length of the {{name}} field must be less than {{max}}','en'),(3428,3426,'Have more coupons?','en'),(3429,3427,'Applied discount coupon','en'),(3430,3428,'{{count}} coupon(s) removed','en'),(3431,3429,'{{count}} coupon(s) created','en'),(3432,3430,'The code \"{{code}}\" is already used for another coupon. Please choose a different code.','en'),(3433,3431,'Invalid coupon code, please check the spelling: \"{{code}}\"','en'),(3434,3432,'The coupon has already been used','en'),(3435,3433,'The coupon has been applied to your order','en'),(3436,3434,'Coupon discount','en'),(3437,3435,'Period start date must be earlier than period end date','en'),(3438,3436,'Period end date must be later than period start date','en'),(3439,3437,'Minimum order subtotal must be less than maximum order subtotal','en'),(3440,3438,'Maximum order subtotal must be greater than minimum order subtotal','en'),(3441,3439,'Discount must be less than 100%','en'),(3442,3440,'Coupon added','en'),(3443,3441,'Coupon updated','en'),(3444,3442,'Limit number of uses','en'),(3445,3443,'Maximum number of uses','en'),(3446,3444,'This coupon can be applied only to orders with a subtotal amount between {{min}} and {{max}}','en'),(3447,3445,'This coupon can be applied only to orders with a subtotal amount of at least {{min}}','en'),(3448,3446,'This coupon can be applied only to orders with a subtotal amount not exceeding {{max}}','en'),(3449,3447,'Date when customers can start using the coupon','en'),(3450,3448,'Date when the coupon expires','en'),(3451,3449,'Minimum order subtotal to which the coupon can be applied','en'),(3452,3450,'Maximum order subtotal to which the coupon can be applied','en'),(3453,3451,'Coupon discount can be limited to these product classes','en'),(3454,3452,'Coupon discount can be limited to customers with these membership levels','en'),(3455,3453,'This comment is visible to shop administrators only','en'),(3456,3454,'Add new coupon','en'),(3457,3455,'Enter code','en'),(3458,3456,'Coupon','en'),(3459,3457,'Redeem','en'),(3460,3458,'{{currency}} off','en'),(3461,3459,'Removed coupons','en'),(3462,3460,'Added coupons','en'),(3463,3461,'Add coupon','en'),(3464,3462,'This coupon cannot be combined with other coupons','en'),(3465,3463,'Sorry, this coupon cannot be combined with the coupon already applied. Remove the previously applied coupon and try again.','en'),(3466,3464,'Coupon cannot be combined with other coupons','en'),(3467,3465,'If you want the coupon discount to be applied only to products from specific categories, specify these categories here.','en'),(3468,3466,'Sorry, the coupon you entered is invalid. Make sure the coupon code is spelled correctly','en'),(3469,3467,'Sorry, the coupon has expired','en'),(3470,3468,'Sorry, the coupon use limit has been reached','en'),(3471,3469,'Sorry, the coupon you entered cannot be applied to the items in your cart','en'),(3472,3470,'Sorry, the coupon you entered is not valid for your membership level. Contact the administrator','en'),(3473,3471,'The maximum number of uses per user','en'),(3474,3472,'<p>There are currently no coupons. Information on the use of coupons is available <a target=\"_blank\" href=\"https://kb.x-cart.com/en/seo_and_promotion/setting_up_discount_coupons.html\">here</a>.</p>','en'),(3475,3472,'<p>В настоящее время купонов нет. Об использовании купонов можно прочесть <a target=\"_blank\" href=\"https://kb.x-cart.ru/seo_and_promotion/setting_up_discount_coupons.html\">здесь</a>.</p>','ru'),(3476,3473,'Product removed','en'),(3477,3474,'Attachment removed','en'),(3478,3475,'Order has not yet been processed','en'),(3479,3476,'Expired: Downloads limit has been reached','en'),(3480,3477,'Downloads left','en'),(3481,3478,'Download TTL has expired','en'),(3482,3479,'Expires in','en'),(3483,3480,'Blocked by administrator','en'),(3484,3481,'Available for download','en'),(3485,3482,'Can be downloaded only after buying the product','en'),(3486,3483,'Global eGoods settings','en'),(3487,3484,'Download link is blocked','en'),(3488,3484,'Ссылка для скачивания заблокирована','ru'),(3489,3485,'Download links is blocked','en'),(3490,3485,'Ссылки для скачивания заблокирована','ru'),(3491,3486,'Download link has not been found','en'),(3492,3487,'Download link is not active','en'),(3493,3488,'Download link has been renewed','en'),(3494,3488,'Ссылка для скачивания обновлена','ru'),(3495,3489,'Download links has been renewed','en'),(3496,3489,'Ссылки для скачивания обновлены','ru'),(3497,3490,'less than one hour','en'),(3498,3491,'E-goods','en'),(3499,3492,'Ordered files','en'),(3500,3493,'Paid','en'),(3501,3493,'Платный','ru'),(3502,3494,'Free','en'),(3503,3494,'Бесплатный','ru'),(3504,3495,'Your payment module to accept payments for digital items. <a href=\"{{url}}\" target=\"_blank\">Get it now</a>!','en'),(3505,3495,'Продаёшь цифровые товары? Устрой тест-драйв нашему <a href=\"{{url}}\" target=\"_blank\">новому модулю</a> и начни принимать платежи прямо сейчас.','ru'),(3506,3496,'Available after purchase','en'),(3507,3496,'Доступен после покупки','ru'),(3508,3497,'Re-upload file','en'),(3509,3497,'Повторно загрузить','ru'),(3510,3498,'History of downloads','en'),(3511,3498,'История загрузок','ru'),(3512,3499,'The product\'s history of downloads is empty','en'),(3513,3499,'История загрузок для этого товара пуста','ru'),(3514,3500,'The history of downloads feature for this product is disabled. You can enable it <a href=\'{{link}}\'>here</a>','en'),(3515,3500,'Сохранение истории загрузок для данного товара отключено. Вы можете включить его <a href=\"{{link}}\">здесь</a>','ru'),(3516,3501,'File is available by public URL','en'),(3517,3501,'Файл доступен по публичной ссылке','ru'),(3518,3502,'Order fulfilment status changed from {{oldStatus}} to {{newStatus}} due to the file having been downloaded by the user.','en'),(3519,3502,'Статус доставки изменился с {{oldStatus}} на {{newStatus}} в связи с загрузкой файла пользователем','ru'),(3520,3503,'Use X-Sendfile to facilitate the download of large file attachments (100 Mb and larger) by customers:','en'),(3521,3503,'Используйте X-Sendfile для улучшения производительности при скачивании покупателями объемных прикрепляемых файлов (100 и более Мбайт):','ru'),(3522,3504,'Contact your hosting provider to make sure X-Sendfile is installed on the server.','en'),(3523,3504,'Уточните у своего хостинг провайдера, доступен ли для использования X-Sendfile.','ru'),(3524,3505,'Configure your X-Cart installation to support large file downloads.','en'),(3525,3505,'Настройте поддержку скачивания больших файлов для вашей инсталляции X-Cart.','ru'),(3526,3506,'Order #{{value}} doesn’t contain any e-goods. Choose an order that contains e-goods.','en'),(3527,3506,'С заказом {{value}} не связано никаких электронных товаров. Выберите заказ, содержащий электронные товары.','ru'),(3528,3507,'Block','en'),(3529,3508,'Ip','en'),(3530,3509,'Renew','en'),(3531,3510,'Unblock and renew','en'),(3532,3511,'Related products you may be interested in','en'),(3533,3512,'Although you may find related products below.','en'),(3534,3513,'Add featured products for the front page','en'),(3535,3514,'Featured','en'),(3536,3515,'FedEx module allows you to use online shipping rates calculation via FedEx.','en'),(3537,3516,'\"Cash on delivery\" status','en'),(3538,3517,'Note: To enable/disable the \"Cash on delivery\" payment option, you should enable/disable the payment method \"Cash on delivery (FedEx)\" on the <a href=\"{{URL}}\">Payment methods page</a>.','en'),(3539,3518,'As a FedEx user, you are entitled to receive shipping refunds usually left unclaimed with default FedEx service ($2B/year globally). <a href=\"https://71lbs.com/xcart\" target=\"_blank\">Get My FedEx Refunds</a>','en'),(3540,3515,'Модуль FedEx позволяет рассчитывать онлайн стоимость доставки через FedEx.','ru'),(3541,3516,'Состояние варианта оплаты \"Наложенный платеж\"','ru'),(3542,3517,'Важно: Чтобы включить/отключить вариант оплаты \"Наложенный платеж\", необходимо включить/отключить способ оплаты \"Наложеный платеж (FedEx)\" на <a href=\"{{URL}}\">странице Способов оплаты</a>.','ru'),(3543,3519,'The same file cannot be assigned to a product more than once','en'),(3544,3520,'The attachment has been successfully re-uploaded','en'),(3545,3521,'Failed to re-upload attachment','en'),(3546,3522,'Attachment has been deleted successfully','en'),(3547,3523,'File description','en'),(3548,3523,'Описание файла','ru'),(3549,3524,'Click to edit','en'),(3550,3524,'Нажмите для редактирования','ru'),(3551,3525,'Tweet','en'),(3552,3526,'We recommend using the Share button instead of Like.','en'),(3553,3527,'These Open Graph meta tags were generated automatically based on general product information.','en'),(3554,3528,'Pin It','en'),(3555,3529,'Pin','en'),(3556,3530,'Plus','en'),(3557,3531,'Share','en'),(3558,3532,'Advanced statistics with','en'),(3559,3533,'Google Analytics','en'),(3560,3534,'Configure the Google Analytics module','en'),(3561,3535,'to view the advanced statistics','en'),(3562,3536,'A single domain','en'),(3563,3537,'One domain with multiple subdomains','en'),(3564,3538,'Multiple top-level domains','en'),(3565,3539,'Traditional','en'),(3566,3540,'Universal Analytics','en'),(3567,3541,'Want help with SEO? <a href=\"{{url}}\" target=\"_blank\">Ask X-Cart Guru</a>','en'),(3568,3532,'Расширенная статистика с','ru'),(3569,3533,'Google Analytics','ru'),(3570,3534,'Настроить модуль Google Analytics','ru'),(3571,3535,'для получения расширенной статистики','ru'),(3572,3536,'Одиночный домен','ru'),(3573,3537,'Один домен с несколькими поддоменами','ru'),(3574,3538,'Несколько доменов верхнего уровня','ru'),(3575,3539,'Traditional','ru'),(3576,3540,'Universal Analytics','ru'),(3577,3541,'Нужна помощь с поисковой оптимизацией? <a href=\"{{url}}\" target=\"_blank\">Спросите гуру X-Cart</a>','ru'),(3578,3542,'Quantity in stock','en'),(3579,3543,'Sold','en'),(3580,3544,'{{count}} PIN code duplicates ignored.','en'),(3581,3545,'{{count}} PIN codes created successfully.','en'),(3582,3546,'{{count}} PIN codes longer than {{max}} characters ignored.','en'),(3583,3547,'Could not assign {{count}} PIN codes to order #{{orderId}}. <a href=\"{{link}}\">Create new ones right now</a>','en'),(3584,3547,'Не удалось применить ПИН-коды в количестве {{count}} к заказу #{{orderId}}. <a href=\"{{link}}\">Создайте новые</a>','ru'),(3585,3548,'No valid code found.','en'),(3586,3549,'PIN','en'),(3587,3550,'Cannot be disabled for products with manually defined PIN codes','en'),(3588,3551,'PIN codes enabled','en'),(3589,3552,'Cannot remove a sold PIN code','en'),(3590,3553,'Sold PINs','en'),(3591,3554,'Remaining PINs','en'),(3592,3555,'Order deleted','en'),(3593,3556,'Please type in the new PIN codes one per line. PIN codes max length is 64 characters.','en'),(3594,3557,'Quantity in stock is determined by the amount of the remaining PIN codes defined on the PIN codes management page.','en'),(3595,3558,'You will be able to add pin codes after saving changes.','en'),(3596,3559,'No PIN codes found.','en'),(3597,3560,'Quantity in stock is determined by the amount of the remaining PIN codes','en'),(3598,3561,'{{count}} PIN Codes were not assigned.','en'),(3599,3562,'No pin codes have been bought yet','en'),(3600,3563,'PIN codes data has been successfully updated','en'),(3601,3564,'PIN code','en'),(3602,3565,'PIN codes','en'),(3603,3566,'Add PIN codes','en'),(3604,3567,'Inventory tracking for product {{value}} will not be imported','en'),(3605,3568,'PIN codes generation method','en'),(3606,3568,'Способ создания ПИН-кодов','ru'),(3607,3569,'Automatically','en'),(3608,3569,'Автоматически','ru'),(3609,3570,'Manually','en'),(3610,3570,'Вручную','ru'),(3611,3571,'Товар не найден','ru'),(3612,3572,'Order #{{value}} doesn’t have any pin codes associated with it. Choose an order that contains pin codes.','en'),(3613,3572,'С заказом {{value}} не связано никаких пин-кодов. Выберите заказ, содержащий пин-коды.','ru'),(3614,3573,'Add pin codes','en'),(3615,3574,'Import from CSV file','en'),(3616,3575,'Unknown error occurred','en'),(3617,3576,'The order also contains items with missing PIN codes; you will be prompted to enter the PIN codes under item names.','en'),(3618,3576,'Заказ также содержит товары с отсутствующими ПИН кодами; вам будет предоставлена возможность ввести ПИН коды под названиями соответствующих товаров.','ru'),(3619,3577,'The following PIN codes have already been sold: {{codes}}','en'),(3620,3577,'Следующие ПИН коды уже были проданы ранее: {{codes}}','ru'),(3621,3578,'PayPal ID / Email','en'),(3622,3579,'Enter the email address associated with your PayPal account.','en'),(3623,3580,'Enter a description of the purchase that will be displayed on the PayPal payment page.','en'),(3624,3581,'You can set an order id prefix that will be added to each order number in your shop to make it unique (each transaction id must be unique for a PayPal account). This option is relevant only if you share your PayPal account with other online shops','en'),(3625,3582,'Your account settings','en'),(3626,3583,'Partner name','en'),(3627,3584,'Your partner name is PayPal','en'),(3628,3585,'Merchant login','en'),(3629,3586,'This is the login name you created when you signed up for PayPal Payments Advanced / Payflow Link.','en'),(3630,3587,'PayPal recommends entering a User Login here instead of your Merchant Login. You can set up a User profile in <a href=\"https://manager.paypal.com\">PayPal Manager</a>. This will enhance security and prevent service interruption should you change your Merchant Login password.','en'),(3631,3588,'This is the password you created when you signed up for PayPal Payments Advanced or the password you created for API calls.','en'),(3632,3589,'Additional settings','en'),(3633,3590,'Auth and Capture','en'),(3634,3591,'Auth only','en'),(3635,3592,'This should be the partner name you use when logging into your PayPal Payflow account.','en'),(3636,3593,'This is the login name you created when you signed up for Payflow.','en'),(3637,3594,'This is the password you created when you signed up for PayPal Payflow or the password you created for API calls.','en'),(3638,3595,'IPN verification failed','en'),(3639,3596,'IPN HTTP error','en'),(3640,3597,'Order id prefix','en'),(3641,3598,'Email address to receive PayPal payment','en'),(3642,3599,'Start accepting Express Checkout payments immediately by simply plugging in the email address where you would like to receive payments. You can create your PayPal account later after you have received a real transaction from your customers!','en'),(3643,3600,'API credentials for payments and post-checkout operations','en'),(3644,3601,'Can be set up later','en'),(3645,3602,'Your PayPal Publisher ID is: {{publisherId}}','en'),(3646,3603,'PayPal API','en'),(3647,3604,'Payflow API','en'),(3648,3605,'API access username','en'),(3649,3606,'API access password','en'),(3650,3607,'Use PayPal authentication method','en'),(3651,3608,'API signature','en'),(3652,3609,'API certificate filename','en'),(3653,3610,'API certificate','en'),(3654,3611,'Display the \"Buy Now with PayPal\" button','en'),(3655,3612,'This setting determines whether or not the \"Buy Now with PayPal\" button should be displayed on product list pages (in list view) and product details pages.','en'),(3656,3613,'<b>PayPal Express Checkout</b> is configured to work in SandBox mode for the email <b>{{email}}</b>.<br />To use it in Live mode, click the Launch PayPal button below. You will be taken to the PayPal payment method configuration page where you will be able to specify the appropriate configuration settings.','en'),(3657,3614,'Launch PayPal','en'),(3658,3615,'PayPal Credit is','en'),(3659,3616,'I agree with PayPal terms & conditions','en'),(3660,3617,'PayPal account e-mail','en'),(3661,3618,'Banner on Home page','en'),(3662,3619,'Banner on Category pages','en'),(3663,3620,'Banner on Product details pages','en'),(3664,3621,'Banner on Cart page','en'),(3665,3622,'Show above products','en'),(3666,3623,'Show below products','en'),(3667,3624,'Near \"Add to cart\" button','en'),(3668,3625,'Near \"Checkout\" button','en'),(3669,3626,'PayPal API (Merchant API) will work for most merchants; however, some merchants may have access only to Payflow API. If you are sure you need to use Payflow API, select the respective value from this field.<br />Your choice of API solution in this field determines the type of API credentials that you will be able to enter in the fields below.','en'),(3670,3627,'Payment has been refunded successfully','en'),(3671,3628,'Payment has been voided successfully','en'),(3672,3629,'Payment has been captured successfully','en'),(3673,3630,'Your API credentials have been successfully obtained from your PayPal account and saved for use by your X-Cart store.','en'),(3674,3631,'Unfortunately, your API credentials could not be obtained from your PayPal account automatically. Please request your API credentials in your PayPal account and submit them here manually.','en'),(3675,3632,'Don\'t have an account yet?','en'),(3676,3633,'Sign Up Now','en'),(3677,3634,'Register with {{paypal}} <br /> or go to checkout as a New customer','en'),(3678,3635,'Or sign in the classic way','en'),(3679,3636,'Or register with','en'),(3680,3637,'Register with','en'),(3681,3638,'or go to checkout as a New customer','en'),(3682,3639,'Or use your social account','en'),(3683,3640,'Use existing account from','en'),(3684,3641,'PayPal','en'),(3685,3642,'Use existing PayPal account','en'),(3686,3643,'The authorized amount ({{authorized}}) differs from the current order total ({{total}}). A request to capture {{total}} will be issued on click on \"Capture\" button.','en'),(3687,3644,'Wrong token of Express Checkout. Please try again. If the problem persists, contact the administrator.','en'),(3688,3645,'PayerID value was not returned by PayPal. Please try again. If the problem persists, contact the administrator.','en'),(3689,3646,'Your address data was not received from PayPal. Please try again. If the problem persists, contact the administrator.','en'),(3690,3647,'To enable this payment method, you need Multi-vendor module installed.','en'),(3691,3648,'To enable this payment method, you need <a href=\"{{link}}\" target=\"_blank\">Multi-Vendor</a> module installed.','en'),(3692,3649,'EACHRECEIVER','en'),(3693,3650,'Obtaining your live PayPal credentials','en'),(3694,3651,'PRIMARYRECEIVER','en'),(3695,3652,'PayPal Credit','en'),(3696,3653,'Registering your application with PayPal','en'),(3697,3654,'SECONDARYONLY','en'),(3698,3655,'SENDER','en'),(3699,3656,'Additional criteria to match for PayPal account verification','en'),(3700,3657,'<div>Determines the type of criteria that should be matched for account verification (in addition to vendor PayPal account identifier).<div><ul class=\"unstyled\"><li>NAME - Default; should be good in most cases.</li><li>NONE - Is available only to certain financial institutions (Contact Paypal for approval prior to selection!)</li><li>Disable - Deactivates account verification.</li></ul>','en'),(3701,3658,'NAME','en'),(3702,3659,'NONE','en'),(3703,3660,'Disable','en'),(3704,3661,'Refund status:','en'),(3705,3662,'In progress','en'),(3706,3663,'Payment processing with PayPal Standard involves using PayPal\'s IPN service. If your merchant account is set to use <a href=\"{{link}}\" target=\"_blank\">Payment Data Transfer (PDT)</a>, be sure to disable it in your account settings and enable IPN instead.','en'),(3707,3664,'Use of the unsupported Payment Data Transfer (PDT) method has been detected','en'),(3708,3664,'Обнаружено использование неподдерживаемого метода Payment Data Transfer (PDT)','ru'),(3709,3665,'Communication problem','en'),(3710,3666,'PayPal Merchant ID','en'),(3711,3667,'Connected to PayPal; Merchant ID: {{merchantId}}','en'),(3712,3668,'Reconnect to PayPal','en'),(3713,3669,'Connect to PayPal','en'),(3714,3670,'PayPal For Marketplaces account email','en'),(3715,3671,'PayPal API Client ID','en'),(3716,3672,'PayPal API Secret','en'),(3717,3673,'PayPal Partner ID','en'),(3718,3674,'PayPal BN Code','en'),(3719,3675,'Additional PayPal Business Account','en'),(3720,3675,'Дополнительный бизнес-аккаунт PayPal','ru'),(3721,3676,'Click this to access the PayPal sign-in page and sign in using your PayPal account different from the account specified above. This account will be used to receive the shipping cost (if you are going to ship out goods on behalf of vendors), the earnings on your own products (if you are going to be one of the sellers), and the earnings on the sales of the vendors who have not set up a PayPal account of their own for some reason.','en'),(3722,3676,'Используйте для перехода на сайт PayPal и войдите на сайт, используя аккаунт PayPal, отличный от аккаунта, указанного выше. Данный аккаунт будет использоваться для получения стоимости доставки (если вы собираетесь заниматься отправкой товаров от лица продавцов), поступлений от продажи ваших собственных товаров (если вы будете выступать в качестве одного из продавцов), а также для получения средств от продажи товаров тех продавцов, которые по какой-либо причине не настроили собственный аккаунт PayPal.','ru'),(3723,3677,'Customize the PayPal button','en'),(3724,3677,'Отображение кнопки PayPal','ru'),(3725,3678,'Color','en'),(3726,3678,'Цвет','ru'),(3727,3679,'Shape','en'),(3728,3679,'Форма','ru'),(3729,3680,'Show payment card icons','en'),(3730,3680,'Значки платежных карт','ru'),(3731,3681,'Product page','en'),(3732,3681,'Страница продукта','ru'),(3733,3682,'Product list','en'),(3734,3682,'Список продуктов','ru'),(3735,3683,'Cart','en'),(3736,3683,'Корзина','ru'),(3737,3684,'Minicart','en'),(3738,3684,'Меню корзины','ru'),(3739,3685,'Checkout','en'),(3740,3685,'Оформиление заказа','ru'),(3741,3686,'Checkout (PayPal Credit)','en'),(3742,3686,'Оформиление заказа (PayPal Credit)','ru'),(3743,3687,'Add2Cart popup','en'),(3744,3687,'Всплывающее окно корзины','ru'),(3745,3688,'Payments with this payment method are not allowed because <a href=\"{{url}}\">HTTPS is not configured or there is a problem with the security certificate</a>.','en'),(3746,3689,'Webhook listener error: could not subscribe to event(s). Check the settings and make sure your site is accessible via the Web.','en'),(3747,3690,'Delayed','en'),(3748,3691,'Immediate','en'),(3749,3692,'We are experiencing a problem with the \"{{payment_method_name}}\" payment method. Please choose a different method, or contact the store administrator to resolve the problem.','en'),(3750,3693,'Funding methods (checkout page)','en'),(3751,3694,'When multiple funding sources are available to the buyer, PayPal automatically determines which additional buttons are appropriate to display. However, you can choose to opt-in or out-of displaying specific funding sources.','en'),(3752,3695,'Credit or debit card (Visa, MasterCard, American Express, Discover, and so on)','en'),(3753,3696,'ELV/SEPA','en'),(3754,3697,'Venmo','en'),(3755,3698,'Express Checkout process stopped.','en'),(3756,3699,'Fees payer','en'),(3757,3700,'PayPal Express Checkout','en'),(3758,3701,'Payment has bes refunded successfully','en'),(3759,3702,'Paypal login (email)','en'),(3760,3703,'Unable to retrieve Publisher ID for specified PayPal account. Banners are now disabled.','en'),(3761,3704,'Payment have been voided successfully','en'),(3762,3705,'Try to reconnect','en'),(3763,3706,'All newest products','en'),(3764,3707,'All upcoming products','en'),(3765,3708,'Coming soon','en'),(3766,3709,'Customers who bought this product also bought','en'),(3767,3710,'Customers who viewed this product bought','en'),(3768,3711,'Date: newest first','en'),(3769,3712,'Date: oldest first','en'),(3770,3713,'New arrivals','en'),(3771,3714,'New!','en'),(3772,3715,'Recently viewed','en'),(3773,3716,'This product will be shown in New arrivals','en'),(3774,3717,'This product will be shown in the Coming soon section','en'),(3775,3718,'Expected on','en'),(3776,3719,'Coming soon...','en'),(3777,3720,'Customers who bought this product also bought (Product Advisor module)','en'),(3778,3721,'Don\'t label','en'),(3779,3722,'In catalog only','en'),(3780,3723,'On catalog and product pages','en'),(3781,3724,'Text links','en'),(3782,3725,'Expected on <span>{{date}}</span>','en'),(3783,3724,'Текстовые ссылки','ru'),(3784,3718,'Ожидается','ru'),(3785,3725,'Ожидается <span>{{date}}</span>','ru'),(3786,3726,'MD5 hash value','en'),(3787,3727,'Use of Restriction key must be disabled in your Quantum Gateway merchant center account at all times. Please log in to your account, go to the Processing Settings section and make sure the setting \"Use restriction key\" is disabled.','en'),(3788,3728,'Include response in hash','en'),(3789,3729,'This value must be set in exactly the same way as it is set on the payment gateway end.','en'),(3790,3730,'Put up for sale','en'),(3791,3731,'Cancel sale','en'),(3792,3732,'On sale','en'),(3793,3733,'Put all for sale','en'),(3794,3734,'Cancel sale for all','en'),(3795,3733,'Выставить все на распродажу','ru'),(3796,3734,'Отменить распродажу для всех','ru'),(3797,3735,'Address for sales tax calculation','en'),(3798,3736,'Click here to specify tax rates that will apply only to shipping charges','en'),(3799,3737,'Discounted subtotal','en'),(3800,3738,'Discounted subtotal + Shipping cost','en'),(3801,3739,'General tax rates','en'),(3802,3740,'Individual settings for every rate','en'),(3803,3741,'New rate','en'),(3804,3742,'Subtotal + Shipping cost','en'),(3805,3743,'Taxable base','en'),(3806,3744,'Tax rates for shipping charges have not yet been created.','en'),(3807,3745,'Tax rates have not yet been created.','en'),(3808,3746,'Tax rates on shipping cost','en'),(3809,3747,'Use the same tax rates for all user membership levels','en'),(3810,3735,'Адрес для расчета налога с продаж','ru'),(3811,3736,'Нажмите здесь, чтобы задать ставки налогов на стоимость доставки','ru'),(3812,3737,'Сумма заказа с учетом скидки','ru'),(3813,3738,'Сумма заказа с учетом скидки + стоимость доставки','ru'),(3814,3739,'Основные ставки налогов','ru'),(3815,3740,'Индивидуальные настройки для каждой ставки налога','ru'),(3816,3741,'Новая ставка','ru'),(3817,3742,'Сумма заказа + стоимость доставки','ru'),(3818,1244,'Сумма налога успешно удалена','ru'),(3819,1245,'Сумма налога не удалена','ru'),(3820,3743,'Налогооблагаемая база','ru'),(3821,3744,'Ставки налога на стоимость доставки пока не созданы.','ru'),(3822,3745,'Ставки налога пока не созданы.','ru'),(3823,3746,'Ставки налогов на стоимость доставки','ru'),(3824,3747,'Использовать одни и те же ставки налога для всех групп покупателей','ru'),(3825,1143,'Налог с продаж','ru'),(3826,3748,'Contact us','en'),(3827,3749,'Logo','en'),(3828,3750,'Favicon','en'),(3829,3750,'Фавикон','ru'),(3830,3751,'Shipping','en'),(3831,3752,'If you want to add an external link, you should specify it with the <strong>http://</strong> prefix, e.g. <strong>http://www.example.com/</strong>.<br /><br />If you want to add a link to a page within your store (e.g. the checkout page), you can specify it as <strong>cart.php?target=checkout</strong> (relative path) or as <strong>{{URL}}cart.php?target=checkout</strong> (absolute path).<br /><br />Also the \'{home}\' shortcut value will lead to Home page','en'),(3832,3753,'Failed to update the page image','en'),(3833,3754,'Visible for','en'),(3834,3755,'The menu has been updated','en'),(3835,3756,'The menu has been added','en'),(3836,3757,'The page has been updated','en'),(3837,3758,'Any visitors','en'),(3838,3759,'Anonymous users only','en'),(3839,3760,'Logged in users only','en'),(3840,3761,'Save & Close','en'),(3841,3762,'Logo & Favicon','en'),(3842,3763,'Terms and conditions','en'),(3843,3764,'Open graph image','en'),(3844,3765,'The \"{{file}}\" file is not allowed image and was not uploaded. Allowed images are: {{extensions}}','en'),(3845,3766,'Submenu','en'),(3846,3766,'Подменю','ru'),(3847,3767,'Content page title','en'),(3848,3767,'Заголовок страницы','ru'),(3849,3768,'Leave blank to use page name as Page Title.','en'),(3850,3768,'Оставьте поле незаполненным чтобы использовать имя страницы в качестве заголовка.','ru'),(3851,3769,'The AppleIcon image could not be uploaded (Unallowed image type. Must be a .png image with the resolution of 192x192 px)','en'),(3852,3770,' <p>The store doesn\'t have any static pages yet. Static pages can be created to tell customers about your products or policies, guide them through the order process etc. Once the page is created, it will become accessible via certain URL. Start writing by clicking the <b>\"New page\"</b> button.</p>','en'),(3853,3770,' <p>Список страниц пуст. С помощью страниц вы сможете рассказать клиентам о ваших товарах и условиях заказа, предоставить им помощь и полезную информацию. Такие страницы будут доступны по определенным адресам после того, как будут опубликованы.</p>','ru'),(3854,3771,'<p>There are no menus in the store. Header and footer menus provide customers with useful navigation. They can contain any link or label, and can be nested. Generally, the primary menu is shown on the top of the page, and the footer menu is on the bottom of the page.</p>','en'),(3855,3771,'<p>Меню не заполнены. Меню - удобный инструмент навигации для ваших клиентов. Элементы меню могут содержать любой текст или ссылку, а также могут иметь подменю. Обычно, есть главное меню (оно расположено в вернхней части страницы) и нижнее меню (отображаемое в подвале страницы).</p>','ru'),(3856,3772,'Show default menu along with the custom one','en'),(3857,3773,'2Checkout.com account number','en'),(3858,3774,'Order prefix','en'),(3859,3775,'Pricing currency','en'),(3860,3776,'To set up the integration, go to the ','en'),(3861,3777,'\"Site management\"','en'),(3862,3778,' page on the 2Checkout site and make sure of the following:','en'),(3863,3779,'The \"Pricing currency\" value here in X-Cart must be exactly the same as on 2Checkout\'s Site management page.','en'),(3864,3780,'The \"Approved URL\" value on 2Checkout\'s Site management page must be set to this','en'),(3865,3781,'<strong>U.S.P.S.</strong> module allows you to use online shipping rates calculation via <a href=\"http://www.usps.com/webtools\" target=\"_blank\">USPS Web Tools Ecommerce API</a>.','en'),(3866,3782,'Note: To enable/disable the \"Cash on delivery\" payment option, you should enable/disable the payment method \"Cash on delivery (U.S.P.S.)\" on the <a href=\"{{URL}}\">Payment methods page</a>.','en'),(3867,3783,'Refresh list of available methods','en'),(3868,3784,'Wrong container type selected: {{value}}. For large package size only the following types are allowed: RECTANGULAR, NONRECTANGULAR, VARIABLE','en'),(3869,3785,'{{value}} is an invalid container type for a REGULAR package. Valid Container is: VARIABLE','en'),(3870,3786,'USPS Shipments','en'),(3871,3787,'Tracking information was updated successfully','en'),(3872,3788,'The shipment has been voided successfully','en'),(3873,3789,'The shipment has been created successfully','en'),(3874,3790,'Shipment Id','en'),(3875,3791,'Delivery cost','en'),(3876,3792,'Shipping label','en'),(3877,3793,'Parcel type','en'),(3878,3794,'Parcel weight','en'),(3879,3795,'Parcel dimensions','en'),(3880,3796,'Irregular parcel girth','en'),(3881,3797,'Special services','en'),(3882,3798,'COD value','en'),(3883,3799,'Insurance value','en'),(3884,3800,'Label format','en'),(3885,3801,'Label size','en'),(3886,3802,'Hide total carrier charge','en'),(3887,3803,'Hide the carrier shipping charge on the label','en'),(3888,3804,'Non delivery option','en'),(3889,3805,'Use this field for instructions in case the package is not delivered.','en'),(3890,3806,'Print custom message 1','en'),(3891,3807,'This is a user specified message that gets printed on the face of the label. A string of up to 50 characters can be printed on the label.','en'),(3892,3808,'Print custom message 2','en'),(3893,3809,'This is a user specified message that gets printed on the bottom of the label. A string of up to 50 characters can be printed on the label.','en'),(3894,3810,'Shipping label sender signature','en'),(3895,3811,'Adds the sender’s signature and the date on CN22 and CP72 shipping labels. Enter the signature as a string. The Sender’s signature date is automatically populated.','en'),(3896,3812,'Create shipment','en'),(3897,3813,'Please note: the USPS Web tools APIs print labels without postage.','en'),(3898,3814,'<strong>Savings</strong> - Up to 49% off retail USPS postage rates','en'),(3899,3815,'<strong>Convenience</strong> - Verify addresses and buy & print compliant USPS labels directly from the X-Cart application','en'),(3900,3816,'<strong>Easy payment options</strong> - Ship Now Pay Later with a Pitney Bowes Line of Credit or use a credit card.','en'),(3901,3817,'Get started Now! Click here to create your <a href=\"{{url}}\" class=\"external\" target=\"_blank\">PITNEY BOWES Postage Account</a>','en'),(3902,3818,'Delivery date','en'),(3903,3819,'Estimate delivery date','en'),(3904,3820,'Girth','en'),(3905,3821,'PitneyBowes','en'),(3906,3822,'Ship date','en'),(3907,3823,'Unable to get merchant info','en'),(3908,3824,'Update date','en'),(3909,3825,'Update tracking info','en'),(3910,3782,'Важно: Чтобы включить/отключить вариант оплаты \"Наложенный платеж\", необходимо включить/отключить способ оплаты \"Наложеный платеж (U.S.P.S.)\" на <a href=\"{{URL}}\">странице Способов оплаты</a>.','ru'),(3911,3783,'Обновить список доступных методов','ru'),(3912,3784,'Выбран неправильный тип контейнера: {{value}}. Для указанного размера LARGE допустимы следующие значения для типа контейнера: RECTANGULAR, NONRECTANGULAR, VARIABLE','ru'),(3913,3785,'{{value}} - неправильное значение для размера REGULAR. Допустимое значение: VARIABLE','ru'),(3914,3786,'USPS Shipments','ru'),(3915,3787,'Tracking information was updated successfully','ru'),(3916,3788,'Shipment has been voided successfully','ru'),(3917,3789,'Shipment has been created successfully','ru'),(3918,3790,'Shipment Id','ru'),(3919,2435,'Tracking number','ru'),(3920,3791,'Delivery cost','ru'),(3921,3792,'Shipping label','ru'),(3922,2088,'Shipment options','ru'),(3923,2434,'Method name','ru'),(3924,3793,'Parcel type','ru'),(3925,3794,'Parcel weight','ru'),(3926,3795,'Parcel dimensions','ru'),(3927,3796,'Irregular parcel girth','ru'),(3928,3797,'Special services','ru'),(3929,3798,'COD value','ru'),(3930,3799,'Insurance value','ru'),(3931,3800,'Label format','ru'),(3932,3801,'Label size','ru'),(3933,3802,'Hide total carrier charge','ru'),(3934,3803,'Hide the carrier shipping charge on the label','ru'),(3935,3804,'Non delivery option','ru'),(3936,3805,'Use this field for instructions in case the package is not delivered.','ru'),(3937,3806,'Print custom message 1','ru'),(3938,3807,'This is a user specified message that gets printed on the face of the label. A string of up to 50 characters can be printed on the label.','ru'),(3939,3808,'Print custom message 2','ru'),(3940,3809,'This is a user specified message that gets printed on the bottom of the label. A string of up to 50 characters can be printed on the label.','ru'),(3941,3810,'Shipping label sender signature','ru'),(3942,3811,'Adds the sender’s signature and the date on CN22 and CP72 shipping labels. Enter the signature as a string. The Sender’s signature date is automatically populated.','ru'),(3943,3812,'Create shipment','ru'),(3944,3826,'The role has been updated','en'),(3945,3827,'The role has been added','en'),(3946,3828,'(disabled)','en'),(3947,3828,'(выкл)','ru'),(3948,3829,'Get {{X}} off for order amount over {{Y}}','en'),(3949,3830,'Could not add the discount because another discount already exists for the specified subtotal range and membership level','en'),(3950,3831,'Could not update the discount because another discount already exists for the specified subtotal range and membership level','en'),(3951,3832,'Percent discount value cannot exceed 100%','en'),(3952,3833,'Too large value for absolute discount','en'),(3953,3834,'<p>No discounts have been set yet. Set up automatic discounts for your customers based on subtotal or membership level. Add the discount using <b>\"Add discount\"</b> button.</p>','en'),(3954,3834,'<p>Нет настроенных скидок. Вы можете настроить автоматическое применение оптовых скидок в зависимости от суммы заказа и группы пользователя с помощью кнопки <b>\"Создать скидку\"</b>.</p>','ru'),(3955,3835,'Site map failed to register in {{engine}}.','en'),(3956,3836,'Site map successfully registered in {{engine}}.','en'),(3957,3837,'XML sitemap URL: <a href=\"{{url}}\">{{url}}</a>','en'),(3958,3838,'Generate sitemap','en'),(3959,3839,'Generate XML Sitemap','en'),(3960,3840,'Sitemap generation...','en'),(3961,3841,'Sitemap generation has been completed successfully.','en'),(3962,3842,'Sitemap generation has been stopped.','en'),(3963,3843,'The process of sitemap generation may take a while to complete. Please do not close this page until the process is fully completed.','en'),(3964,3844,'Sitemap settings','en'),(3965,3845,'Cards that can be used for your future orders in this shop. No real credit card data was saved, only a special token on the side of the payment processor that can be used in this store only.','en'),(3966,3846,'These payment methods were imported from your X-Payments. You can add them to your store at the ','en'),(3967,3847,'page.','en'),(3968,3848,'Re-import payment methods','en'),(3969,3849,'Import payment methods','en'),(3970,3850,'Click the button below to re-import payment methods from X-Payments.','en'),(3971,3851,'To be able to use the payment methods defined in X-Payments, you should import information about them from X-Payments. Click the button below, and X-Payments will return a list of payment methods available for this shopping cart.','en'),(3972,3852,'Request payment methods','en'),(3973,3853,'X-Payments returned the following payment methods for your shopping cart:','en'),(3974,3854,'X-Payments configuration ID','en'),(3975,3855,'Replace payment methods','en'),(3976,3856,'Cancel import and keep current payment methods','en'),(3977,3857,'X-Cart automatically checks the connection to X-Payments after the settings are saved.<br/> If the module is configured properly, a \"Test transaction completed successfully\" message is displayed at the top of the page.','en'),(3978,3858,'Once the connection is verified, you should proceed to the','en'),(3979,3859,'section.','en'),(3980,3860,'Use X-Payments configuration bundle','en'),(3981,3861,'Copy the Configuration bundle from Online Store Details page in your X-Payments dashboard, paste it here and click <strong>Deploy</strong>. <br />Connection will be completed automatically.','en'),(3982,3862,'Or fill in the settings manually','en'),(3983,3863,'Specify the URL of your X-Payments installation. <br/>Copy and paste the <b>Store ID</b>, <b>Public key</b>, <b>Private key</b> and <b>Private key password</b> from X-Payments Online Store Details page.','en'),(3984,3864,'Used credit cards','en'),(3985,3865,'Credit card','en'),(3986,3866,'Update default card','en'),(3987,3867,'Pay with previously used credit card','en'),(3988,3868,'Show all saved credit cards','en'),(3989,3869,'I want to use this credit card for my future orders in this shop.','en'),(3990,3870,'Configuration has been successfully deployed','en'),(3991,3871,'Your configuration string is not correct','en'),(3992,3872,'Test transaction completed successfully','en'),(3993,3873,'Test transaction failed. Please check the X-Payments Connector settings and try again. If all the settings are ok, review your X-Payments settings and make sure you have properly defined your shopping cart properties.','en'),(3994,3874,'There are no payment configurations for this store.','en'),(3995,3875,'An error occured during the requesting of payment methods from X-Payments. See log files for details.','en'),(3996,3876,'X-Payments transaction','en'),(3997,3877,'Save cards','en'),(3998,3878,'1.1 (X-Payments 1.0.5 and earlier)','en'),(3999,3879,'1.2 (X-Payments 2.0 and X-Payments 1.0.6)','en'),(4000,3880,'Add new credit card','en'),(4001,3881,'Saved credit cards','en'),(4002,3882,'Test transaction completed successfully for API version {{version}}','en'),(4003,3883,'Ok','en'),(4004,3884,'Save credit card','en'),(4005,3885,'Back to credit cards','en'),(4006,3886,'Important!','en'),(4007,3887,'We will authorize','en'),(4008,3888,'on your credit card in order to attach this credit card to your account. The amount will be released back to your card after a while.','en'),(4009,3889,'The transaction will be marked as','en'),(4010,3890,'Date, time','en'),(4011,3891,'Result payment status','en'),(4012,3892,'Transaction result','en'),(4013,3893,'The related payment has not been found. Apparently, it was deleted.','en'),(4014,3894,'KOUNT Antifraud screening result','en'),(4015,3895,'Score','en'),(4016,3896,'Rules triggered','en'),(4017,3897,'Authorize/charge the difference','en'),(4018,3898,'View payment information','en'),(4019,3899,'Go to payment details page','en'),(4020,3900,'Use one of the following cards to','en'),(4021,3901,'for this order','en'),(4022,3902,'Cards saved by the customer for future orders in this shop. No real credit cards were saved, only a special token on the side of the payment processor, which can be used in this store only.','en'),(4023,3903,'No active X-Payments payment methods, or saving credit cards is not activated.','en'),(4024,3904,'<b>Note:</b> No payment methods here because the module is not configured. Please finalize the settings at ','en'),(4025,3905,'Connection','en'),(4026,3906,'tab and get back here to configure methods.','en'),(4027,3907,'Start FREE Trial','en'),(4028,3908,'See how','en'),(4029,3909,'Open your X-Payments dashboard','en'),(4030,3910,'in','en'),(4031,3911,'X-Payments','en'),(4032,3912,'Configure your gateway','en'),(4033,3913,'Connect','en'),(4034,3914,'with','en'),(4035,3915,'Connect to X-Payments. Complete 3 easy steps.','en'),(4036,3916,'Open X-Payments dashboard to configure','en'),(4037,3917,'Connected!','en'),(4038,3918,'Conection with X-Payments is OK.','en'),(4039,3919,'Connection failed!','en'),(4040,3920,'Check the settings.','en'),(4041,3921,'Card saved','en'),(4042,3922,'Card has not been saved due to a payment processor error','en'),(4043,3923,'Payment methods have been imported successfully','en'),(4044,3924,'Do not use card setup','en'),(4045,3925,'Payment method for card setup','en'),(4046,3926,'1.3 (X-Payments 2.1)','en'),(4047,3927,'Authorize amount for card setup','en'),(4048,3928,'Description of the card setup payment','en'),(4049,3929,'Authorization period, days','en'),(4050,3930,'Charged amount','en'),(4051,3931,'Declined amount','en'),(4052,3932,'Difference','en'),(4053,3933,'Payment information','en'),(4054,3934,'Connection with X-Payments is OK.','en'),(4055,3935,'Order status mapping rules','en'),(4056,3936,'Refer to on-line manual','en'),(4057,3937,'Save credit card setup','en'),(4058,3938,'Trying to use unaccepted template change.','en'),(4059,3939,'X-Payments Dashboard','en'),(4060,3940,'X-Payments considers this transaction as potentially fraudlent.','en'),(4061,3941,'You should accept the changes at the','en'),(4062,3942,'Configuring of the payment methods presented possible in the <a href=\"{{xpadmin}}\" target=\"_blank\" >X-Payments backoffice</a> only. In case of any problems you need to review the X-Payments Connector module settings and if it&#39;s ok, review payment configurations settings on the X-Payments side.','en'),(4063,3943,'Public key','en'),(4064,3944,'Token is empty','en'),(4065,3945,'<ol>\n<li>Sign in to your <a href=\"https://account.authorize.net/\">authorize.net</a> account.</li>\n<li>Go to \"Account\"; in the \"Security Settings\" section, select \"API Credentials & Keys\" link.</li>\n<li>Copy the  API Login ID value.</li>\n<li>Go to X-Cart and paste the API Login ID value you have copied into the \"API Login ID\" field on the payment method settings page.</li>\n<li>If you haven\'t yet created a Transaction key, do so. Copy the value of your Transaction key and paste it into the \"Transaction key\" field on the payment method settings page in X-Cart.</li>\n<li>Again, go to \"Account\"; in the \"Security Settings\" section, select \"Manage Public Client Key\".</li>\n<li>If the Client key has not yet been created, choose to create a Client key. Copy the Client key value and paste it into the \"Public key\" field on the payment method settings page in X-Cart.</li>\n</ol>\n','en'),(4066,3946,'Setup instruction','en'),(4067,3947,'Sign up for Authorize.net','en'),(4068,3948,'While merchant account ID and merchant ID sound similar, they are different values with distinct purposes.<br/><br/>Your <strong>merchant ID</strong> is a unique identifier for your entire gateway account.<br/><br/>Your <strong>merchant account ID</strong> is a unique identifier for a specific merchant account. Within your Braintree gateway, you can have multiple merchant accounts to process transactions for different businesses or currencies. If you have a single merchant account, it is not necessary to specify a merchant account ID in your API requests. If you have multiple merchant accounts and choose not to specify the merchant account ID, all requests will process through your default merchant account','en'),(4069,3949,'Bulk edit','en'),(4070,3950,'Click to specify','en'),(4071,3951,'Bulk edit all','en'),(4072,3952,'Inventory','en'),(4073,3953,'Price and membership','en'),(4074,3954,'Bulk edit has been processed successfully.','en'),(4075,3955,'Bulk edit processing has been interrupted.','en'),(4076,3956,'Bulk edit processing may take a while to complete. Please do not close this page until the process is fully completed. If the page has been closed, please re-open it to complete the process (The Bulk edit processing routine is executed only while the page stays open).','en'),(4077,3957,'Bulk Edit processing in progress...','en'),(4078,3958,'Replace with','en'),(4079,3959,'Back to products','en'),(4080,3960,'Bulk edit selected','en'),(4081,3961,'Product list','en'),(4082,3962,'Move to','en'),(4083,3963,'Not set','en'),(4084,3964,'Low stock warning on product page','en'),(4085,3965,'Low stock notification to admin','en'),(4086,3966,'Coming Soon','en'),(4087,3967,'This feature is not yet available. You will be redirected to the feature request page where you can vote to have this feature implemented in one of the upcoming versions.','en'),(4088,3968,'Tax Class','en'),(4089,3950,'Щелкните, чтобы указать значение','ru'),(4090,3952,'Остатки на складе','ru'),(4091,3953,'Цена и доступность для групп','ru'),(4092,1178,'Информация о доставке','ru'),(4093,3954,'Групповое редактирование завершено успешно.','ru'),(4094,3955,'Групповое редактирование было прервано.','ru'),(4095,3956,'Процесс группового редактирования может занять продолжительное время. Пожалуйста, не закрывайте эту страницу до полного завершения процесса. Если страница оказалась закрыта, откройте ее снова, чтобы завершить процесс (Процедура группового редактирования выполняется только пока страница остается открытой).','ru'),(4096,3957,'Идет групповое редактирование...','ru'),(4097,3959,'Назад к списку товаров','ru'),(4098,2881,'Выбрано {{count}} товаров','ru'),(4099,3951,'Редактировать все','ru'),(4100,3960,'Редактировать выбранные','ru'),(4101,3961,'К списку товаров','ru'),(4102,3949,'Групповое редактирование:','ru'),(4103,3962,'Переместить в','ru'),(4104,3958,'Заменить на','ru'),(4105,3963,'Не заданы','ru'),(4106,3964,'Предупреждение о низком остатке на странице товара','ru'),(4107,3965,'Уведомление администратору о низком остатке','ru'),(4108,3966,'Скоро','ru'),(4109,3967,'Данный пункт пока не доступен. Вы будете перенаправлены на страницу голосования за его реализацию в одной из ближайших версий X-Cart.','ru'),(4110,3969,'<b>Canada Post</b> module allows you to use online shipping rates calculation via <a href=\"https://www.canadapost.ca\">Canada Post</a>.','en'),(4111,3970,'Products return {{return_number}}','en'),(4112,3971,'To request a return please complete the form below','en'),(4113,3972,'Return quantity','en'),(4114,3973,'Create return','en'),(4115,3974,'Deliver to Post Office','en'),(4116,3975,'There are no post offices available','en'),(4117,3976,'Tracking pins','en'),(4118,3977,'Delivery to Post Office','en'),(4119,3978,'No events found','en'),(4120,3979,'Attached files','en'),(4121,3980,'Created on','en'),(4122,3981,'Documents','en'),(4123,3982,'Parcel options','en'),(4124,3983,'In store currency (0 - do not use coverage)','en'),(4125,3984,'Parcel','en'),(4126,3985,'Shipment info','en'),(4127,3986,'Shipment ID','en'),(4128,3987,'Shipment status','en'),(4129,3988,'Tracking pin','en'),(4130,3989,'Return tracking pin','en'),(4131,3990,'PO Number','en'),(4132,3991,'Manifests','en'),(4133,3992,'Manifest ID','en'),(4134,3993,'Parcel characteristics','en'),(4135,3994,'Total items weight','en'),(4136,3995,'warning: parcel is overweight','en'),(4137,3996,'Box maximum weight','en'),(4138,3997,'Dimensions (cm)','en'),(4139,3998,'Document','en'),(4140,3999,'Unpackaged','en'),(4141,4000,'Mailing tube','en'),(4142,4001,'Oversized','en'),(4143,4002,'On shipment','en'),(4144,4003,'On exception','en'),(4145,4004,'On delivery','en'),(4146,4005,'Test Canada Post rates calculation','en'),(4147,4006,'Please note that rates are calculated for shipping from Canadian locations only.','en'),(4148,4007,'Canada Post settings','en'),(4149,4008,'Merchant registration wizard','en'),(4150,4009,'To start the registration process for a Canada Post merchant account click on the \"Register\" button.','en'),(4151,4010,'If you want to enable merchant registration wizard once again, please click on the following link','en'),(4152,4011,'enable merchant wizard','en'),(4153,4012,'Administrator notes','en'),(4154,4013,'Not specified','en'),(4155,4014,'18 years','en'),(4156,4015,'19 years','en'),(4157,4016,'shipments are picked up by Canada Post','en'),(4158,4017,'deposit your items at a Post Office','en'),(4159,4018,'Counter - will return the regular price paid by retail consumers','en'),(4160,4019,'Commercial - will return the contracted price between Canada Post and the contract holder','en'),(4161,4020,'Card (hold) for pick up','en'),(4162,4021,'Leave at door','en'),(4163,4022,'Do not safe drop','en'),(4164,4023,'Parcel cannot be voided or transmitted - wrong quote type','en'),(4165,4024,'Parcel cannot be transmitted - wrong quote type','en'),(4166,4025,'Enter Return # or Order #','en'),(4167,4026,'Return products','en'),(4168,4027,'Void shipment','en'),(4169,4028,'Are you sure you want to void this shipment?','en'),(4170,4029,'Transmit shipment','en'),(4171,4030,'Are you sure you want to transmit this shipment?','en'),(4172,4031,'Ordered qty','en'),(4173,4032,'Return qty','en'),(4174,4033,'Total weight','en'),(4175,4034,'Move item','en'),(4176,4035,'New parcel','en'),(4177,4036,'Return #','en'),(4178,4037,'CanadaPost settings','en'),(4179,4038,'Tracking details','en'),(4180,4039,'Search for returns','en'),(4181,4040,'The parcels have been successfully updated','en'),(4182,4041,'The shipment has been created with errors','en'),(4183,4042,'The shipment cannot be created','en'),(4184,4043,'The shipment has been voided with errors','en'),(4185,4044,'The shipment cannot be voided','en'),(4186,4045,'The shipment has been transmitted with errors','en'),(4187,4046,'The shipment has been transmitted successfully','en'),(4188,4047,'The shipment cannot be transmitted','en'),(4189,4048,'Shipments','en'),(4190,4049,'Return','en'),(4191,4050,'The products return has been registered.','en'),(4192,4051,'No items have been selected for return.','en'),(4193,4052,'Directory \"{{path}}\" is not writable or cannot be created','en'),(4194,4053,'Configure manually','en'),(4195,4054,'Authentication options','en'),(4196,4055,'Common options','en'),(4197,4056,'Contact name for the manifest address','en'),(4198,4057,'Contract ID','en'),(4199,4058,'Contract shipping options','en'),(4200,4059,'Coverage','en'),(4201,4060,'Currency rate','en'),(4202,4061,'Customer number','en'),(4203,4062,'Deliver to Post Office options','en'),(4204,4063,'Developer mode','en'),(4205,4064,'Enable \"Deliver to Post Office\" feature','en'),(4206,4065,'Failure to finish registration process.','en'),(4207,4066,'Failure to get token ID.','en'),(4208,4067,'Log all communications between shopping cart and Canada Post server','en'),(4209,4068,'Maximum Post Offices that will be displayed','en'),(4210,4069,'Non-delivery instructions','en'),(4211,4070,'Package height (cm)','en'),(4212,4071,'Package length (cm)','en'),(4213,4072,'Package maximum weight (kg)','en'),(4214,4073,'Package width (cm)','en'),(4215,4074,'Proof of age','en'),(4216,4075,'Quote type','en'),(4217,4076,'Registration process has been canceled.','en'),(4218,4077,'Registration process has been completed successfully.','en'),(4219,4078,'Render detailed manifest','en'),(4220,4079,'Shipments pick up type','en'),(4221,4080,'Site number of the deposit location','en'),(4222,4081,'Way to deliver','en'),(4223,4082,'You have just added','en'),(4224,4082,'Вы добавили в корзину','ru'),(4225,4083,'Open comparison table','en'),(4226,4083,'Открыть таблицу сравнения','ru'),(4227,4084,'Please add another product to comparison','en'),(4228,4084,'Выберите еще один товар для сравнения','ru'),(4229,4085,'High - Low','en'),(4230,4085,'по убыванию','ru'),(4231,4086,'Low - High','en'),(4232,4086,'по возрастанию','ru'),(4233,4087,'A - Z','en'),(4234,4087,'А - Я','ru'),(4235,4088,'Z - A','en'),(4236,4088,'Я - А','ru'),(4237,4089,'Added to comparison table','en'),(4238,4089,'Добавлено в таблицу сравнения','ru'),(4239,4090,'','en'),(4240,4091,'Street number and street, unit number, etc','en'),(4241,4091,'Улица, номер дома, номер квартиры, и т.д.','ru'),(4242,4092,'','en'),(4243,4093,'','en'),(4244,4094,'','en'),(4245,4095,'','en'),(4246,4096,'Payment statuses','en'),(4247,4096,'Статусы оплаты','ru'),(4248,4097,'Fulfilment statuses','en'),(4249,4097,'Статусы доставки','ru'),(4250,4098,'Order statuses','en'),(4251,4098,'Статусы ордера','ru'),(4252,4099,'Add status','en'),(4253,4099,'Добавить статус','ru'),(4254,4100,'To remove this status, you need to set the status of all the orders currently in this status to a different value','en'),(4255,4100,'Чтобы удалить данный статус надо у всех ордеров с этим статусом сменить статус на другой','ru'),(4256,4101,'System status: <b>{{code}}</b>. Cannot be deleted','en'),(4257,4101,'Системный статус: <b>{{code}}</b>. Не может быть удален','ru'),(4258,4102,'Payment status not found, new status will be created','en'),(4259,4102,'Статус оплаты заказа не найден, будет создан новый статус','ru'),(4260,4103,'Fulfilment status not found, new status will be created','en'),(4261,4103,'Статус доставки заказа не найден, будет создан новый статус','ru'),(4262,4104,'Tabs','en'),(4263,4104,'Вкладки','ru'),(4264,4105,'New tab','en'),(4265,4105,'Новая вкладка','ru'),(4266,4106,'New Tab','en'),(4267,4106,'Новая вкладка','ru'),(4268,4107,'The product tab has been updated','en'),(4269,4107,'Вкладка обновлена','ru'),(4270,4108,'The product tab has been added','en'),(4271,4108,'Вкладка добавлена','ru'),(4272,4109,'Product tabs','en'),(4273,4109,'Информационные вкладки на карточке товара','ru'),(4274,4110,'Tabs imported','en'),(4275,4110,'Импорт вкладок завершен','ru'),(4276,4111,'Brief info','en'),(4277,4111,'Краткая информация','ru'),(4278,4112,'Manage global tabs','en'),(4279,4112,'Управление глобальными вкладками','ru'),(4280,4113,'Edit Globally','en'),(4281,4113,'Редактировать глобально','ru'),(4282,4114,'Global product tabs','en'),(4283,4114,'Глобальные вкладки страницы товара','ru'),(4284,4115,'Learn more','en'),(4285,4115,'Подробнее...','ru'),(4286,4116,'Apply sort and view settings for all products','en'),(4287,4116,'Применить сортировку и настройки видимости ко всем товарам','ru'),(4288,4117,'The text entered here will be displayed on the product details page on the storefront and will be followed by a \"learn more\" link pointing to the respective product tab.','en'),(4289,4117,'Данный текст будет отображаться в карточке товара на стороне витрины магазина и сопровождаться ссылкой вида \"Подробнее...\", ведущей на соответствующую вкладку страницы товара.','ru'),(4290,4118,'Global tab \"{{value}}\" not found','en'),(4291,4118,'Глобальная вкладка товара \"{{value}}\" не найдена','ru'),(4292,4119,'Global','en'),(4293,4119,'Глобальная','ru'),(4294,4120,'Tab displaying the product\'s detailed description. Added by the X-Cart core','en'),(4295,4120,'Вкладка для отображения детального описания товара. Добавляется ядром X-Cart','ru'),(4296,4121,'Tab displaying the product\'s attributes and other details. Added by the X-Cart core','en'),(4297,4121,'Вкладка для отображения атрибутов товара и другой информации о товаре. Добавляется ядром X-Cart','ru'),(4298,4122,'Tab displaying comments about the product. Added by the addons {{modules}}','en'),(4299,4122,'Вкладка для отображения комментариев о товаре. Добавляется модулями {{modules}}','ru'),(4300,4123,'Enter file extensions separated by comma; for example, \"jpg,txt,svg\"','en'),(4301,4123,'Введите расширения файлов, разделяя запятой; например, \"jpg,txt,svg\"','ru'),(4302,4124,'Web server max upload file size limit is {{size}}','en'),(4303,4124,'Максимальный размер загружаемого файла, разрешенный Вашим веб-сервером - {{size}}','ru'),(4304,4125,'You can attach {{quantity}} more file(s)','en'),(4305,4125,'Вы можете добавить еще {{quantity}} файл(ов)','ru'),(4306,4126,'You can attach <span class=\"files-count\">{{quantity}}</span> file(s)','en'),(4307,4126,'Вы можете добавить <span class=\"files-count\">{{quantity}}</span> файл(ов)','ru'),(4308,4127,'Max allowed file size is {{size}}','en'),(4309,4127,'Максимально допустимый размер файла - {{size}}','ru'),(4310,4128,'Allowed file extensions: {{extensions}}','en'),(4311,4128,'Допустимые расширения: {{extensions}}','ru'),(4312,4129,'Attached files:','en'),(4313,4129,'Присоединенные файлы:','ru'),(4314,1366,'Загрузить файл','ru'),(4315,4130,'Delete attachment','en'),(4316,4130,'Удалить файл','ru'),(4317,4131,'Attach files','en'),(4318,4131,'Присоединить файлы','ru'),(4319,4132,'<span class=\"files-count\">{{quantity}}</span> file(s) attached','en'),(4320,4132,'<span class=\"files-count\">{{quantity}}</span> файлов загружено','ru'),(4321,4133,'Allow buyers to attach files to this product','en'),(4322,4133,'Разрешить покупателям прикреплять файлы к этому товару','ru'),(4323,4134,'The files have been attached successfully','en'),(4324,4134,'Файлы загружены','ru'),(4325,4135,'Unsupported file extension','en'),(4326,4135,'Неподдерживаемый тип файла','ru'),(4327,4136,'Cannot attach the file. The number of attached files may not exceed {{quantity}}','en'),(4328,4136,'Количество файлов не может превышать {{quantity}}','ru'),(4329,4137,'Cannot attach the file. The maximum attached file size may not exceed {{size}} MB','en'),(4330,4137,'Максимальный размер файла не должен превышать {{size}} МБ','ru'),(4331,4138,'File attachments are not allowed for this product','en'),(4332,4138,'Привязка файлов к этому товару недоступна','ru'),(4333,4139,'File uploads forbidden by web server','en'),(4334,4139,'Загрузка файлов запрещена веб-сервером','ru'),(4335,4140,'Attachment {{filename}} is deleted','en'),(4336,4140,'Присоединенный файл {{filename}} удален','ru'),(4337,4141,'Customer attachments were changed','en'),(4338,4141,'Прикрепленные покупателем файлы были изменены','ru'),(4339,4142,'File Attaching is mandatory for this product','en'),(4340,4142,'Загрузка файла необходима для добавления товара в корзину','ru'),(4341,4143,'You must attach a file to the product','en'),(4342,4143,'Вам необходимо присоединить файл для товара','ru'),(4343,4144,'You must attach a file','en'),(4344,4144,'Вам необходимо присоединить файл','ru'),(4345,4145,'Attach file','en'),(4346,4145,'Присоединить файл','ru'),(4347,4146,'Some files have not been attached','en'),(4348,4146,'Некоторые файлы не были загружены','ru'),(4349,4147,'Note: In order to setup ePDQ essential payment gateway, you have to complete these steps: <ul><li>Log in to your ePDQ backoffice</li> <li>Open the \"Configuration\" -> \"Technical information\" page -> \"Global security parameters\" tab -> \"Hashing method\" section and select SHA-512 and UTF-8 options.</li> <li>Open the \"Configuration\" -> \"Technical information\" page -> \"Data and origin verification\" tab -> \"Checks for e-Commerce\" section and in the URL field enter this URL: <em>{{URL}}</em></li> <li>Define SHA-IN pass phrase in the corresponding section and further enter it here in X-Cart in the \"SHA-IN pass phrase\" field.</li> <li>Open the \"Configuration\" -> \"Technical information\" page -> \"Transaction feedback\" tab -> \"e-Commerce\" section and enable <em>I would like to receive transaction feedback parameters on the redirection URLs</em> option.</li> <li>Scroll down to the \"All transaction submission modes\" section and define SHA-OUT pass phrase and further enter it here in X-Cart in the \"SHA-OUT pass phrase\" field.</li></ul>','en'),(4350,4148,'PSPID','en'),(4351,4149,'SHA-IN pass phrase','en'),(4352,4150,'SHA-OUT pass phrase','en'),(4353,4151,'Currency','en'),(4354,4152,'Invoice number prefix','en'),(4355,4153,'Enable logging of ePDQ transactions','en'),(4356,4154,'Response from ePDQ is not trusted (SHA checking is failed)','en'),(4357,4155,'Unexpected result was received from ePDQ (transaction status is not set)','en'),(4358,4156,'PS Store ID','en'),(4359,4157,'HPP Key','en'),(4360,4158,'To set up the integration, go to the <a href=\"https://www3.moneris.com/mpg/\" target=\"_blank\">\"Site management\"</a> page on the eSelect site and make sure of the following:','en'),(4361,4159,'The \"PS Store ID\" and \"HPP Key\" value must be exactly the same as on it.','en'),(4362,4160,'The \"Approved URL\" value must be exactly as this:','en'),(4363,4161,'URL is copied','en'),(4364,4162,'The \"Declined URL\" value must be exactly as this:','en'),(4365,4163,'Set the \"Response Method\" setting to \"Sent to your server as a POST\".','en'),(4366,4164,'Enable the \'Use \"Enhanced Cancel\"\' option.','en'),(4367,4165,'Approved URL','en'),(4368,4166,'Declined URL','en'),(4369,4167,'Facebook Ads & Instagram Ads','en'),(4370,4168,'Product feed generation has been completed successfully.','en'),(4371,4169,'Product feed generation has been stopped.','en'),(4372,4170,'Generate Product Feed','en'),(4373,4171,'Product feed','en'),(4374,4172,'Facebook Pixel ID','en'),(4375,4173,'Product Feed URL','en'),(4376,4174,'Frequency of Product Feed renewal','en'),(4377,4175,'No products have been selected for feed generation','en'),(4378,4176,'Add to product feed','en'),(4379,4177,'Remove from product feed','en'),(4380,4178,'Add to Facebook product feed','en'),(4381,4179,'Wrong \"Facebook marketing enabled\" format','en'),(4382,4180,'Use the addon Google Product Feed for advanced flexibility generating a data feed for Facebook based on the product attributes and variants from your store catalog','en'),(4383,4181,'Generate product feed','en'),(4384,4182,'Include out of stock products into feed','en'),(4385,4167,'Facebook Ads & Instagram Ads','ru'),(4386,4168,'Подготовка ленты товаров была успешно завершена.','ru'),(4387,4169,'Подготовка ленты товаров была остановлена.','ru'),(4388,4170,'Создать ленту товаров','ru'),(4389,4171,'Лента товаров','ru'),(4390,4172,'Идентификатор пикселя','ru'),(4391,4173,'URL Ленты товаров','ru'),(4392,4174,'Частота обновления ленты товаров','ru'),(4393,4175,'Для создания ленты товаров не выбрано ни одного товара','ru'),(4394,4176,'Включить в ленту товаров','ru'),(4395,4177,'Убрать из ленты товаров','ru'),(4396,4178,'Включить в ленту товаров Facebook','ru'),(4397,4179,'Неправильный формат значения поля \"Facebook marketing enabled\"','ru'),(4398,4180,'Используйте модуль Google Product Feed для большей гибкости при создании фида данных для Facebook на основе атрибутов и вариантов товаров в вашем каталоге','ru'),(4399,4182,'Включать в фид товары, отсутствующие на складе','ru'),(4400,4183,'Any special needs?','en'),(4401,4183,'Укажите информацию для продавца','ru'),(4402,2912,'Выберите метод доставки','ru'),(4403,4184,'Fast Lane checkout','en'),(4404,4184,'Пошаговый','ru'),(4405,4185,'Checkout type','en'),(4406,4185,'Тип страницы оплаты','ru'),(4407,4186,'Firstname','en'),(4408,4186,'Имя','ru'),(4409,4187,'Lastname','en'),(4410,4187,'Фамилия','ru'),(4411,4188,'Return to cart','en'),(4412,4188,'Вернуться к корзине','ru'),(4413,4189,'Edit address','en'),(4414,4189,'Редактировать','ru'),(4415,4190,'Edit email','en'),(4416,4190,'Редактировать','ru'),(4417,4191,'One Page checkout','en'),(4418,4191,'Одностраничный','ru'),(4419,4192,'Order note. Any special needs?','en'),(4420,4192,'Укажите информацию для продавца','ru'),(4421,2908,'Перейти к оплате','ru'),(4422,4193,'Street address','en'),(4423,4193,'Адрес','ru'),(4424,4194,'Zipcode','en'),(4425,4194,'Индекс','ru'),(4426,4195,'Click to finish your order','en'),(4427,4195,'Нажмите для завершения заказа','ru'),(4428,4196,'Order cannot be placed because some steps are not completed','en'),(4429,4196,'Заказ не может быть завершен, пока есть незаполненные поля','ru'),(4430,4197,'Click to proceed to the next step','en'),(4431,4197,'Нажмите для перехода на следующий шаг','ru'),(4432,4198,'Check shipping info','en'),(4433,4198,'Доставка','ru'),(4434,4199,'Choose another address','en'),(4435,4199,'Выбрать другой адрес','ru'),(4436,4200,'Delivery method','en'),(4437,4200,'Способ доставки','ru'),(4438,4201,'Addresses','en'),(4439,4201,'Адреса','ru'),(4440,4202,'Your order details will be sent to your email address','en'),(4441,4202,'Детали ордера будут отправлены на данный адрес','ru'),(4442,4203,'Edit billing address','en'),(4443,4204,'Edit shipping address','en'),(4444,4205,'Next step','en'),(4445,4206,'Free','en'),(4446,4206,'БЕСПЛАТНО','ru'),(4447,4207,'Free shipping','en'),(4448,4207,'Бесплатная доставка','ru'),(4449,4208,'FREE SHIPPING','en'),(4450,4208,'БЕСПЛАТНАЯ ДОСТАВКА','ru'),(4451,4209,'Wrong shipping freight value format','en'),(4452,4209,'Неправильный формат значения поля \"freightFixedFee\"','ru'),(4453,4210,'Special shipping method. Shows during checkout only if <ul><li>all the products in the cart are marked \"Free shipping\";</li><li>there are no other shipping methods available.</li></ul><a href=\"https://kb.x-cart.com/en/shipping/free_shipping_on_orders_that_meet_certain_conditions.html\" target=\"_blank\">Learn how to set up free shipping on orders that meet certain conditions</a>','en'),(4454,4210,'Специальный способ доставки. Отображается при оформлении заказа только если <ul><li>для всех товаров в корзине включена настройка \"Бесплатная доставка\";</li><li>нет других доступных способов доставки.</li></ul><a href=\"https://kb.x-cart.ru/shipping/free_shipping_on_orders_that_meet_certain_conditions.html\" target=\"_blank\">Узнайте, как настроить бесплатную доставку для заказов, соответствующих определенным условиям</a>','ru'),(4455,4211,'Shipping freight','en'),(4456,4211,'Фиксированная стоимость доставки','ru'),(4457,4212,'This field can be used to set a fixed shipping fee for the product. Make sure the field value is a positive number (greater than zero).','en'),(4458,4212,'В данном поле можно задать фиксированную стоимость доставки для редактируемого товара. Убедитесь, что используемое значение является положительным числом (больше нуля).','ru'),(4459,4213,'Shipping freight only','en'),(4460,4213,'указанному значению фиксированной стоимости доставки','ru'),(4461,4214,'Shipping freight + regular shipping rate','en'),(4462,4214,'сумме фиксированной стоимости доставки и стоимости доставки, рассчитанной стандартным способом','ru'),(4463,4215,'Special shipping method. Shows during checkout only if <ul><li>all the products in the cart have a shipping freight value defined;</li><li>there are no other shipping methods available.</li></ul>','en'),(4464,4215,'Специальный способ доставки. Отображается при оформлении заказа только если<ul><li>для всех товаров в корзине задана фиксированная стоимость доставки;</li><li>нет других доступных способов доставки.</li></ul>','ru'),(4465,4216,'Freight','en'),(4466,4216,'Фиксированная стоимость доставки','ru'),(4467,4217,'Exclude from shipping cost calculation','en'),(4468,4217,'Исключить из расчета стоимости доставки','ru'),(4469,4218,'Wrong \"exclude from shipping cost calculation\" (freeShipping) format','en'),(4470,4218,'Неправильный формат значения поля  \"Исключить из расчета стоимости доставки\" (freeShipping)','ru'),(4471,4219,'Wrong free shipping (shipForFree) format','en'),(4472,4219,'Неправильный формат значения поля \"Бесплатная доставка\"','ru'),(4473,4220,'Important info on the Free shipping add-on update','en'),(4474,4220,'Важная информация об обновлении модуля Free shipping','ru'),(4475,4221,'Your store now provides two free shipping options for individual products:<br>- Exclude from shipping calculation;<br> - Free shipping.<br>If a product is marked \'Exclude from shipping calculation\', this product is excluded from the shipping cost calculation for the order for any available shipping methods.<br>If a product is marked \'Free shipping\', it is treated as eligible for shipping using the method \'Free shipping\'. This method becomes available at checkout if all the products in the shopping cart are either eligible for free shipping or excluded from shipping calculation.','en'),(4476,4221,'В вашем магазине сейчас доступно два варианта бесплатной доставки для отдельных товаров:<br>- Исключение из расчета стоимости доставки;<br>- Бесплатная доставка.<br>Если в свойствах какого-либо товара отмечена опция \'Исключить из расчета стоимости доставки\', данный товар исключается из расчета стоимости доставки заказа для любых доступных способов доставки.<br>Если же в свойствах товара отмечена опция \'Бесплатная доставка\', то это означает, что данный товар может быть отправлен способом доставки \'Бесплатная доставка\'. Данный способ становится доступным при оформлении заказа, если все товары в корзине являются товарами с бесплатной доставкой, либо должны быть исключены из расчета стоимости доставки в соответствии с их настройками.','ru'),(4477,4222,'Warning! Your store now supports two free shipping options for individual products:<br>- Exclude from shipping calculation;<br>- Free shipping.<br>Information on whether a product should be excluded from shipping cost calculation must be submitted via the column shipForFree.<br>Information on whether a product should be eligible for free shipping must be submitted via the column freeShipping.','en'),(4478,4222,'Предупреждение: В вашем магазине сейчас доступно два варианта бесплатной доставки для отдельных товаров:<br>- Исключение из расчета стоимости доставки;<br>- Бесплатная доставка.<br>Информация о том, должен ли товар исключаться из расчета стоимости доставки, должна передаваться в колонке shipForFree.<br>Информация о том, является ли товар товаром с бесплатной доставкой, должна передаваться в колонке freeShipping.','ru'),(4479,4223,'Content has script or style tags. Click the Code View button to edit them.','en'),(4480,4223,'В текстовом поле присутствуют тэги скриптов или стилей. Нажмите на кнопку \"Просмотр HTML-кода\", чтобы отредактировать эти тэги.','ru'),(4481,4224,'Froala Editor settings','en'),(4482,4224,'Настройки редактора Froala','ru'),(4483,4225,'My location','en'),(4484,4226,'Specify your location','en'),(4485,4227,'Save location','en'),(4486,4228,'Location was successfully set','en'),(4487,4229,'Revert to default database','en'),(4488,4230,'X-Cart uses free \"GeoLite2 Country\" database by <a href=\"https://www.maxmind.com/en/geoip2-databases?%refID=xcart\" target=\"_blank\">MaxMind</a>. You can upload the more accurate database to determine the country, subdivisions, city, and postal code. <a href=\"https://www.maxmind.com/en/geoip2-databases?%refID=xcart%\" target=\"_blank\">Learn more</a>','en'),(4489,4231,'Location is invalid','en'),(4490,4225,'Страна','ru'),(4491,4226,'Укажите ваш адрес','ru'),(4492,4227,'Сохранить адрес','ru'),(4493,4228,'Адрес был сохранен','ru'),(4494,4232,'Вернуться к базе данных по умолчанию','ru'),(4495,4230,'X-Cart использует бесплатную базу данных \"GeoLite2 Country\" от <a href=\"https://www.maxmind.com/en/geoip2-databases?%refID=xcart\" target=\"_blank\">MaxMind</a>. Вы можете загрузить более точную базу данных для определения страны, территориального подразделения, города и почтового кода. <a href=\"https://www.maxmind.com/en/geoip2-databases?%refID=xcart\" target=\"_blank\">Подробнее</a>','ru'),(4496,4233,'Google Feed URL: <a href=\"{{url}}\">{{url}}</a>','en'),(4497,4233,'Ссылка на список товаров: <a href=\"{{url}}\">{{url}}</a>','ru'),(4498,4234,'Generate feed','en'),(4499,4234,'Создать выгрузку','ru'),(4500,4235,'Search attribute name','en'),(4501,4235,'Искать по имени атрибута','ru'),(4502,4236,'Product count','en'),(4503,4236,'Количество товаров','ru'),(4504,4237,'Attribute type','en'),(4505,4237,'Тип атрибута','ru'),(4506,4238,'Any google group','en'),(4507,4238,'Любая группа Google','ru'),(4508,4239,'Google shopping group','en'),(4509,4239,'Группа в Google','ru'),(4510,4240,'Click on the \"Generate feed\" button to get the feed link.','en'),(4511,4240,'Нажмите на кнопку «Выгрузить список товаров», чтобы получить ссылку со выгрузкой товаров.','ru'),(4512,4241,'Generate feed','en'),(4513,4241,'Выгрузить список товаров','ru'),(4514,4242,'Feed generation...','en'),(4515,4242,'Идет создание выгрузки...','ru'),(4516,4243,'Feed generation & settings','en'),(4517,4243,'Настройки выгрузки товаров','ru'),(4518,4244,'Google Shopping Group','en'),(4519,4244,'Группы Google','ru'),(4520,4245,'Assign your attributes to Google groups to import your variants.','en'),(4521,4245,'На этой странице можно сопоставить атрибуты товаров с соответствующими категориями Google для более точного определения вариантов товара.','ru'),(4522,4246,'Feed generation has been completed successfully.','en'),(4523,4246,'Создание выгрузки было успешно завершено.','ru'),(4524,4247,'Feed generation has been stopped.','en'),(4525,4247,'Создание выгрузки было остановлено.','ru'),(4526,4248,'Export duplicates as separate products','en'),(4527,4248,'Выгружать дубликаты как отдельные товары','ru'),(4528,4249,'Export only the original product','en'),(4529,4249,'Выгружать только основной товар','ru'),(4530,4250,'The process of feed generation may take a while to complete. Please do not close this page until the process is fully completed.','en'),(4531,4250,'Процесс займет некоторое время. Пожалуйста, не закрывайте эту страницу до его окончания.','ru'),(4532,4251,'Google product feed','en'),(4533,4251,'Выгрузка товаров в Google','ru'),(4534,4252,'Remove from product feed','en'),(4535,4252,'Исключить из выгрузки','ru'),(4536,4253,'Add to product feed','en'),(4537,4253,'Включить в выгрузку','ru'),(4538,4254,'Assign shopping group','en'),(4539,4254,'Назначить группу','ru'),(4540,4255,'Attribute information has been successfully updated','en'),(4541,4255,'Информация по атрибутам успешно обновлена','ru'),(4542,4256,'Generate Google Product feed','en'),(4543,4256,'Создание списка товаров для Google','ru'),(4544,4257,'Google feed','en'),(4545,4257,'Выгрузка товаров в Google','ru'),(4546,4258,'Please select the attributes first','en'),(4547,4258,'Пожалуйста выберите атрибут','ru'),(4548,4259,'Product-specific','en'),(4549,4259,'Специальный для товара','ru'),(4550,4260,'Class \"{{class}}\"','en'),(4551,4260,'Класс \"{{class}}\"','ru'),(4552,4261,'Global Plain field','en'),(4553,4261,'Глобальное строчное поле','ru'),(4554,4262,'Global Hidden field','en'),(4555,4262,'Глобальное скрытое поле','ru'),(4556,4263,'Global Textarea','en'),(4557,4263,'Глобальное многострочное поле','ru'),(4558,4264,'Global Yes/No','en'),(4559,4264,'Глобальное Да/Нет поле','ru'),(4560,4265,'Merchant ID','en'),(4561,4266,'SubID','en'),(4562,4267,'Public Certificate File','en'),(4563,4268,'Public Key','en'),(4564,4269,'Private Key','en'),(4565,4270,'Private Key Password','en'),(4566,4271,'Currency','en'),(4567,4272,'Invoice number prefix','en'),(4568,4273,'Enable logging of iDEAL transactions','en'),(4569,4274,'Something is wrong with the iDEAL payment module settings. Please try later or use a different payment option.','en'),(4570,4275,'Unexpected result was received from iDEAL (transaction status is not set)','en'),(4571,4276,'Payment return page requested without expected parameters','en'),(4572,4277,'Warning! This payment method requires OpenSSL extension. Please install and enable this extension in your PHP configuration.','en'),(4573,4278,'Warning! Please re-check public and private key values and private key password!','en'),(4574,4279,'Select issuer','en'),(4575,4280,'Unknown payment transaction','en'),(4576,4281,'The file with the certificate needs to be located in the directory {{certsDir}}','en'),(4577,4282,'Mailchimp','en'),(4578,4283,'Mailchimp Integration with E-commerce support','en'),(4579,4284,'Type: select box','en'),(4580,4285,'Type: checkbox','en'),(4581,4286,'Mailchimp is an email marketing service with powerful tools to manage your email campaigns and subscribers while gathering advanced analytics information on your campaign performance.','en'),(4582,4287,'Update Mailchimp Lists','en'),(4583,4288,'Mailchimp Lists','en'),(4584,4289,'Mailchimp \"{{list_name}}\" list segments','en'),(4585,4290,'Mailchimp segment settings','en'),(4586,4291,'Subscription','en'),(4587,4292,'Subscribe to our news list and be in touch with our latest offers.','en'),(4588,4293,'News list subscriptions','en'),(4589,4294,'Select box','en'),(4590,4295,'Filter by order frequency','en'),(4591,4296,'Orders last month','en'),(4592,4297,'Filter by order amount','en'),(4593,4298,'Total amount of orders','en'),(4594,4299,'Filter by profile membership','en'),(4595,4300,'Filter by specific products','en'),(4596,4301,'Segment condition','en'),(4597,4302,'here','en'),(4598,4303,'Static','en'),(4599,4304,'Auto-Updated','en'),(4600,4305,'No subscription','en'),(4601,4306,'Web ID','en'),(4602,4307,'List rating','en'),(4603,4308,'Members count','en'),(4604,4309,'Open rate','en'),(4605,4310,'Click rate','en'),(4606,4311,'Selected by default','en'),(4607,4312,'Allow this product to be used as a Mailchimp segment condition','en'),(4608,4313,'1 minute','en'),(4609,4314,'10 minutes','en'),(4610,4315,'15 minutes','en'),(4611,4316,'30 minutes','en'),(4612,4317,'1 hour','en'),(4613,4318,'2 hours','en'),(4614,4319,'4 hours','en'),(4615,4320,'6 hours','en'),(4616,4321,'12 hours','en'),(4617,4322,'1 day','en'),(4618,4323,'2 days','en'),(4619,4324,'5 days','en'),(4620,4325,'1 week','en'),(4621,4326,'Mailchimp lists update','en'),(4622,4327,'First name or last name are empty. Please add a new address to your address book or modify existing and fill in those fields in order to subscribe to this list.','en'),(4623,4328,'Back to segments list','en'),(4624,4329,'Subscribe by default','en'),(4625,4330,'Groups of Mailchimp news list \"{{list_name}}\"','en'),(4626,4331,'Group names of Mailchimp group \"{{group_name}}\"','en'),(4627,4332,'Sign up for news and updates from your favorite store. Be the first to know about exclusive sales, offers and deals.','en'),(4628,4333,'Sign up for {{company_name}} news, sales and deals','en'),(4629,4334,'Here you can view and manage the Mailchimp news lists and groups of the user.','en'),(4630,4335,'Groups','en'),(4631,4336,'E-Commerce features setup','en'),(4632,4337,'Upload store data to Mailchimp','en'),(4633,4338,'Upload store data to Mailchimp to promote more efficient Mailchimp Product Recommendations and Abandoned Carts. Before clicking the button, select the lists for which you want Mailchimp \"stores\" to be created. A \"store\" is a collection of products, orders, carts and customers. Mailchimp will create the \"stores\" and will connect them with the lists you have specified. Store data from X-Cart will be uploaded for these specific stores.<br><a href=\"{{url}}\" target=\"_blank\">Learn more about Mailchimp e-Commerce features</a>','en'),(4634,4339,'Whether you need to draw attention to certain products, share some big news, or tell a story, our campaign builder makes it easy to create email campaigns that best suit your message.','en'),(4635,4340,'Connect with your Mailchimp account','en'),(4636,4341,'Reset Mailchimp connection','en'),(4637,4342,'Install Mailchimp addon','en'),(4638,4343,'Enter your Mailchimp API key manually','en'),(4639,4344,'The e-Commerce Analytics feature is the core component of the integration functionality.','en'),(4640,4345,'All discount coupons','en'),(4641,4346,'Only the discount coupons that match the Mailchimp promo rules','en'),(4642,4347,'Cannot authenticate','en'),(4643,4348,'ID','en'),(4644,4349,'Mailchimp lists','en'),(4645,4350,'Mailchimp settings','en'),(4646,4351,'Manage segments','en'),(4647,4352,'No groups defined','en'),(4648,4353,'No segments','en'),(4649,4354,'Successfully authenticated','en'),(4650,4355,'Update store data','en'),(4651,4356,'Uploading data has been completed successfully.','en'),(4652,4357,'Uploading data has been stopped.','en'),(4653,4282,'Mailchimp','ru'),(4654,4283,'Интеграция сервиса Mailchimp с поддержкой Ecommerce','ru'),(4655,4284,'Тип: список','ru'),(4656,4285,'Тип: галочка','ru'),(4657,4286,'Mailchimp это маркетиногвай сервис по отправке почтовых сообщений с мощными средствами управления рассылками и подписчиками, позволяющими собирать и обрабатывать информацию эффективности маркетинговых кампаний.','ru'),(4658,4287,'Обновить список рассылок Mailchimp','ru'),(4659,4288,'Список рассылок Mailchimp','ru'),(4660,4289,'Сегменты списка рассылок \"{{list_name}}\" Mailchimp','ru'),(4661,4290,'Настройки сегмента Mailchimp','ru'),(4662,4291,'Подписка','ru'),(4663,4292,'Подпишитесь на наши новостные рассылки и будьте в курсе наших специальных предложений и акций.','ru'),(4664,4293,'Подписки на новости','ru'),(4665,4294,'Список','ru'),(4666,4295,'Фильтровать по частоте заказов','ru'),(4667,4296,'Заказов за последний месяц','ru'),(4668,4297,'Фильтровать по общей сумме заказов','ru'),(4669,4298,'Общая сумма заказов','ru'),(4670,4299,'Фильтровать по пользовательским группам','ru'),(4671,904,'Пользовательские группы','ru'),(4672,4300,'Фильтровать по определенным товарам','ru'),(4673,1076,'товары','ru'),(4674,4301,'Условия попадания подписчика в сегмент','ru'),(4675,4302,'здесь','ru'),(4676,407,'Месяц','ru'),(4677,4303,'Статический','ru'),(4678,4304,'Авто обновляемый','ru'),(4679,4305,'Без подписки','ru'),(4680,4306,'Web ID','ru'),(4681,4307,'Рейтинг рассылки','ru'),(4682,4308,'Кол-во подписчиков','ru'),(4683,4309,'Процент открытия','ru'),(4684,4310,'Процент переходов','ru'),(4685,4311,'Выбран по умолчанию','ru'),(4686,4312,'Позволяэт данному товару быть использованним как условие для сегмента Mailchimp','ru'),(4687,929,'Никогда','ru'),(4688,4313,'1 минута','ru'),(4689,4314,'10 минут','ru'),(4690,4315,'15 минут','ru'),(4691,4316,'30 минут','ru'),(4692,4317,'1 час','ru'),(4693,4318,'2 часа','ru'),(4694,4319,'4 часа','ru'),(4695,4320,'6 часов','ru'),(4696,4321,'12 часов','ru'),(4697,4322,'1 день','ru'),(4698,4323,'2 деня','ru'),(4699,4324,'5 деня','ru'),(4700,4325,'1 неделя','ru'),(4701,4326,'Обновление списков Mailchimp','ru'),(4702,4327,'Имя или фамилия пусты. Пожалуйста, добавьте новый адрес в адресную книгу или дополните существующий заполнив соответствующие поля для того, чтобы подписаться на данную рассылку.','ru'),(4703,4328,'Назад к списку сегментов','ru'),(4704,4329,'Подписка по умолчанию','ru'),(4705,4330,'Группы листа \"{{list_name}}\"','ru'),(4706,4331,'Значения группы \"{{group_name}}\"','ru'),(4707,4332,'Подпишитесь на новости и обновления любимого магазина. Узнавайте об эксклюзивных скидках, акциях и предложениях первым!','ru'),(4708,4333,'Подпишитесь на рассылку о новостях, акциях и скидках','ru'),(4709,4334,'Данная секция позволяет просматривать и управлять новостными подписками и группами пользователя (Mailchimp).','ru'),(4710,4335,'Группы','ru'),(4711,4338,'Загрузите данные магазина в Mailchimp для более эффективной работы рекомендаций товаров и поддержки оставленных корзин от Mailchimp. Перед тем как нажать на кнопку, выберите списки, для которых требуется создать \"магазины\" в Mailchimp. \"Магазин\" - это набор товаров, заказов, корзин и покупателей. Mailchimp создаст \"магазины\" и привяжет их к спискам, которые вы указали. Данные из X-Cart будут выгружаться именно в эти магазины.<br><a href=\"{{url}}\" target=\"_blank\">Подробнее об опциях e-Commerce в Mailchimp</a>','ru'),(4712,4337,'Выгрузить данные в Mailchimp','ru'),(4713,4336,'Настройка опций e-Commerce','ru'),(4714,4339,'Хотите ли вы прорекламировать какой-то товар, поделиться важными новостями или рассказать историю - наш конфигуратор рассылок поможет вам с легкостью создать новостную рассылку, наилучшим образом соответствующую посланию, которое вы пытаетесь донести.','ru'),(4715,4340,'Подключить аккаунт Mailchimp','ru'),(4716,4341,'Переподключить аккаунт Mailchimp','ru'),(4717,4342,'Установить модуль Mailchimp','ru'),(4718,4343,'Введите API ключ Mailchimp вручную','ru'),(4719,4344,'Функция e-Commerce Analytics является ключевым компонентом функциональности данной интеграции.','ru'),(4720,4345,'Все купоны','ru'),(4721,4346,'Только купоны, которые соответствуют промо-правилам Mailchimp','ru'),(4722,4358,'News messages','en'),(4723,4358,'Новости','ru'),(4724,4359,'News message','en'),(4725,4359,'Новость','ru'),(4726,4360,'New news message','en'),(4727,4360,'Добавить новость','ru'),(4728,4361,'News','en'),(4729,4361,'Новости','ru'),(4730,4362,'Top News','en'),(4731,4362,'Последние новости','ru'),(4732,4363,'All news','en'),(4733,4363,'Все новости','ru'),(4734,4364,'Previous','en'),(4735,4364,'Предыдущая новость','ru'),(4736,4365,'Next','en'),(4737,4365,'Следующая новость','ru'),(4738,4366,'The news message has been updated','en'),(4739,4366,'Новость обновлена','ru'),(4740,4367,'The news message has been added','en'),(4741,4367,'Новость добавлена','ru'),(4742,4368,'Create news message','en'),(4743,4368,'Добавление новости','ru'),(4744,4369,'News page title','en'),(4745,4369,'Заголовок страницы новости','ru'),(4746,4370,'News title','en'),(4747,4370,'Заголовок новости','ru'),(4748,4371,'Leave blank to use news title as Page Title.','en'),(4749,4371,'Оставьте поле незаполненным чтобы использовать заголовок новости в качестве заголовка страницы.','ru'),(4750,4372,'<p>There are no news messages in your store. News messages are a great way to build a community around your products and notify clients about recent updates. Start by clicking <b>\"New news message\"</b>.</p>','en'),(4751,4372,'<p>Пока нет ни одной новости. С помощью новостей можно привлекать новых клиентов и уведомлять о различных изменениях. Начните с нажатия на кнопку <b>\"Добавить новость\"</b>.</p>','ru'),(4752,4373,'To move your existing subscribers to MailChimp lists, <a href=\"{{link}}\" target=\"_blank\">export your subscribers data</a> from X-Cart and use the import feature under your MailChimp account.','en'),(4753,4373,'Для переноса существующих подписчиков в списки на стороне MailChimp, <a href=\"{{link}}\" target=\"_blank\">экспортируйте данные подписчиков</a> из X-Cart и используйте функцию импорта в вашем аккаунте MailChimp.','ru'),(4754,4374,'Connect your store to MailChimp','en'),(4755,4374,'Связать магазин с MailChimp','ru'),(4756,4375,'Sign up for {{companyName}} news','en'),(4757,4375,'Подписаться на новости {{companyName}}','ru'),(4758,4376,'Thank you for subscribing to the newsletter! We hope you enjoy shopping at {{companyName}}','en'),(4759,4376,'Спасибо за подписку на наши новости. Мы рады, что вы - наш читатель!','ru'),(4760,4377,'Subscribers','en'),(4761,4377,'Подписчики','ru'),(4762,4378,'Email or login','en'),(4763,4378,'Email или логин','ru'),(4764,4379,'Enter email address','en'),(4765,4379,'Введите email','ru'),(4766,4380,'Subscribers imported','en'),(4767,4380,'Подписчики импортированы','ru'),(4768,4381,'Subscriber with email {{email}} already subscribed','en'),(4769,4381,'Подписчик с email {{email}} уже в существует','ru'),(4770,4382,'<p>No one has subscribed on your newsletter yet.</p><p>You can manage newsletter subscribers on this page.</p>','en'),(4771,4382,'<p>Пока никто не подписался на новости вашего магазина.</p><p class=\'text-center\'>На этой странице вы сможете управлять действующими подписками на новости.</p>','ru'),(4772,4383,'You have configured Mailchimp as your primary email newsletter tool. New subscribers will be added directly to your Mailchimp lists (this X-Cart list will be skipped). You can manage your subscriber lists under your Mailchimp account','en'),(4773,4383,'Вы настроили Mailchimp для использования в качестве основного инструмента отправки рассылки в адрес ваших подписчиков. Новые подписчики будут добавляться напрямую в списки на стороне Mailchimp (минуя данный список в X-Cart). Вы можете управлять списками подписчиков через свой аккаунт Mailchimp.','ru'),(4774,4384,'Newsletters','en'),(4775,4384,'Рассылка','ru'),(4776,4385,'Can\'t subscribe you right now. Try later','en'),(4777,4386,'Product','en'),(4778,4386,'товар','ru'),(4779,54,'Предыдущий','ru'),(4780,55,'Следующий товар','ru'),(4781,4387,'Not finished order','en'),(4782,4387,'Незавершенный заказ','ru'),(4783,4388,'not finished','en'),(4784,4388,'не завершен','ru'),(4785,4389,'in case of failed or cancelled payment','en'),(4786,4389,'В случае неудачной оплаты','ru'),(4787,4390,'before payment','en'),(4788,4390,'до оплаты','ru'),(4789,4391,'Export of Not Finished orders is not supported. To export the orders which are now in this state, change their fulfillment status from Not Finished to any other.','en'),(4790,4391,'Экспорт незавершённых заказов не поддерживается. Для экспорта имеющихся заказов в данном статусе необходимо изменить их статус доставки с \'Не завершен\' на любой другой.','ru'),(4791,4392,'Not Finished orders were skipped during the export process. If you wish to export the orders which are now in this state, change their fulfillment status from Not Finished to any other.','en'),(4792,4392,'Незавершенные заказы были пропущены в процессе экспорта. Для экспорта заказов данного типа измените их статус доставки c \'Не завершен\' на любой другой.','ru'),(4793,4393,'You can find the failed order <a href=\"{{url}}\">here</a>','en'),(4794,4393,'Вы можете найти незавершенный заказ <a href=\"{{url}}\">здесь</a>','ru'),(4795,4394,'Add first product','en'),(4796,4394,'Добавьте товар','ru'),(4797,4395,'Upload company logo','en'),(4798,4395,'Загрузите логотип','ru'),(4799,4396,'Verify geo settings','en'),(4800,4396,'Проверьте геонастройки','ru'),(4801,4397,'Set up shipping methods','en'),(4802,4397,'Настройте доставку','ru'),(4803,4398,'Set up payment gateways','en'),(4804,4398,'Настройте прием платежей','ru'),(4805,4399,'Save and go to the next step','en'),(4806,4399,'Сохранить и перейти к следующему шагу','ru'),(4807,4400,'Proceed to the next step','en'),(4808,4400,'Перейти к следующему шагу','ru'),(4809,4401,'Close wizard','en'),(4810,4401,'Закрыть помощник','ru'),(4811,4402,'Skip this step','en'),(4812,4402,'Пропустить шаг','ru'),(4813,4403,'The uploaded image is too large. Please resize this image and try again.','en'),(4814,4403,'Слишком большое изображение. Пожалуйсте, уменьшите его и повторите попытку.','ru'),(4815,4404,'Your store is {{X}}% ready to accept the first order.','en'),(4816,4404,'Основные настройки магазина выполнены на {{X}}%','ru'),(4817,4405,'Let’s setup your store.','en'),(4818,4405,'Приступим к настройке магазина','ru'),(4819,4406,'Congratulations! Your store has been installed.','en'),(4820,4406,'Поздравляем! Ваш магазин установлен.','ru'),(4821,4407,'This wizard will help you to set it up step by step. Your progress will appear at the top.<br/>As soon as you hit 100%, you’re all set to accept the first order.','en'),(4822,4407,'Этот мастер настройки поможет пошагово выполнить основные настройки магазина.<br/>Пройдя его до конца, вы сможете принять свой первый заказ.','ru'),(4823,4408,'Let\'s setup your store','en'),(4824,4408,'Приступить к настройке магазина','ru'),(4825,4409,'Skip and remind me later','en'),(4826,4409,'Закрыть и напомнить позднее','ru'),(4827,4410,'Close and don’t show again','en'),(4828,4410,'Закрыть и больше не показывать','ru'),(4829,4411,'Add your first product','en'),(4830,4411,'Добавим первый товар?','ru'),(4831,4412,'Here it is, the best place to show your items to the world. Get started by adding a product name, picture and price.','en'),(4832,4412,'Укажите название товара, загрузите его изображение и задайте цену','ru'),(4833,4413,'Learn how to import products from .CSV file','en'),(4834,4413,'Как импортировать товары с помощью .CSV файла','ru'),(4835,4414,'Add other options','en'),(4836,4414,'Задать дополнительные настройки','ru'),(4837,4415,'Enter product name','en'),(4838,4415,'Введите название товара','ru'),(4839,4416,'Click here to upload product image','en'),(4840,4416,'Загрузить картинку товара','ru'),(4841,4417,'(weight, description, sale price)','en'),(4842,4417,'(вес товара, описание, цена со скидкой)','ru'),(4843,4418,'Good going! You\'ve added 1 product','en'),(4844,4418,'Прекрасно! Ваш товар добавлен.','ru'),(4845,4419,'The newly created product is already in your storefront. <a href=\'{{storefront}}\' target=\'_blank\' :href=\'productUrl\'>Have a look!</a><br>Ready to delete demo products?','en'),(4846,4419,'Посмотрите, как он будет выглядеть <a href=\'{{storefront}}\' target=\'_blank\' :href=\'productUrl\'>на витрине магазина</a><br>. А теперь давайте удалим демо-товары.','ru'),(4847,4420,'I\'ll do it later','en'),(4848,4420,'Я удалю их позднее','ru'),(4849,4421,'Delete demo products','en'),(4850,4421,'Удалить демо-товары','ru'),(4851,4422,'Ready to delete demo products?','en'),(4852,4422,'Удалим демо-товары?','ru'),(4853,4423,'Done! We\'ve just deleted all your demo products','en'),(4854,4423,'Готово! Демо-товары удалены.','ru'),(4855,4424,'Add a few <a href=\'{{more}}\' target=\'_blank\'>more products</a> to your catalog or proceed to the next step — whatever makes you happy.','en'),(4856,4424,'Теперь можно <a href=\'{{more}}\' target=\'_blank\'>добавить еще один товар</a> в каталог.  А можно перейти к следующим настройкам.','ru'),(4857,4425,'You can view the newly created product in your <a href=\'{{storefront}}\' target=\'_blank\' :href=\'productUrl\'>storefront</a> or add a few <a href=\'{{more}}\' target=\'_blank\'>more products</a> to your catalog.','en'),(4858,4425,'Посмотрите, как выглядит новый товар <a href=\'{{storefront}}\' target=\'_blank\' :href=\'productUrl\'>на витрине</a> или <a href=\'{{more}}\' target=\'_blank\'>добавьте еще один товар</a> в каталог.','ru'),(4859,4426,'Upload your company logo','en'),(4860,4426,'Давайте добавим логотип компании','ru'),(4861,4427,'Design your online store to fit your brand','en'),(4862,4427,'и тут сразу станет уютнее ;)','ru'),(4863,4428,'<p>Click here to upload your logo. Recommended 400x150px (PNG, JPG, GIF)</p><button class=\'btn regular-button\'>Choose image</button>','en'),(4864,4428,'Нажмите сюда, чтобы загрузить логотип. Предпочтительно 400x150px (PNG, JPG, GIF)</p><button class=\'btn regular-button\'>Выберите изображение</button>','ru'),(4865,4429,'Good job! You company logo is added','en'),(4866,4429,'Готово! Логотип обновлен','ru'),(4867,4430,'Here is the way it looks like on desktop & mobile devices. Do you like it?','en'),(4868,4430,'Вот как он будет выглядеть на экранах. Нравится?','ru'),(4869,4431,'Upload a new logo','en'),(4870,4431,'Загрузить другой логотип','ru'),(4871,4432,'Learn how to customize your store with Layout Editor option','en'),(4872,4432,'Как еще я могу изменить внешний вид своего магазина?','ru'),(4873,4433,'(without writing a single line of code) - 2 min','en'),(4874,4433,'(за 2 минуты, и ни одной строчки кода!)','ru'),(4875,4434,'Configure your geographic settings to connect with local customers','en'),(4876,4434,'Давайте проверим географические и локализационные настройки','ru'),(4877,4435,'We\'ve tried to guess your country, currency and weight. Verify, please.','en'),(4878,4435,'Мы попытались угадать страну, валюту и единицу измерения веса. Все верно?','ru'),(4879,4436,'Ex.','en'),(4880,4436,'Например,','ru'),(4881,4437,'More localisation settings','en'),(4882,4437,'Более детальные настройки','ru'),(4883,4438,'Set your company info','en'),(4884,4438,'Добавьте информацию о компании','ru'),(4885,4439,'We will use this info to create invoices, send emails and calculate shipping rates for your customers.','en'),(4886,4439,'Эти данные будут отображаться в email-нотификациях, печататься на счете и использоваться для расчета стоимости доставки','ru'),(4887,4440,'Geo settings & company info are all set. Congrats!','en'),(4888,4440,'Прекрасно, локализацинные настройки и данные о компании обновлены','ru'),(4889,4441,'Do you need to ship your products?','en'),(4890,4441,'Ваши товары требуют доставки?','ru'),(4891,4442,'Yes, I sell tangible goods that need to be shipped','en'),(4892,4442,'Да, я продаю физические товары','ru'),(4893,4443,'Set up shipping','en'),(4894,4443,'Настроить доставку','ru'),(4895,4444,'I sell digital goods or services and do not need to set up shipping','en'),(4896,4444,'Я продаю цифровые товары или сервисы, поэтому доставка не требуется','ru'),(4897,4445,'Mark all products as non-shippable','en'),(4898,4445,'Отключить доставку товаров','ru'),(4899,4446,'Configure shipping rates for your store','en'),(4900,4446,'Давайте настроим стоимость доставки','ru'),(4901,4447,'Besides, you can manually define your shipping rates.','en'),(4902,4447,'Также, вы можете задать стоимость доставки вручную.','ru'),(4903,2604,'Прочитайте, как это сделать','ru'),(4904,4448,'My shipping','en'),(4905,4448,'Моя доставка','ru'),(4906,4449,'Module settings','en'),(4907,4449,'Настройки модуля','ru'),(4908,4450,'Here you can choose a shipping carrier to provide your customers with real-time quotes','en'),(4909,4450,'Выберите службу доставки для онлайн расчета стоимости доставки','ru'),(4910,4451,'Advanced shipping options','en'),(4911,4451,'Расширенные настройки доставки','ru'),(4912,4452,'Create shipping rate','en'),(4913,4452,'Сохранить новый тариф','ru'),(4914,4453,'Bingo! You\'ve added {{carrier}} as a shipping carrier','en'),(4915,4453,'Готово! {{carrier}} будет использоваться в магазине для расчета стоимости доставки','ru'),(4916,4454,'You\'ve successfully set up shipping areas and rates for your store','en'),(4917,4454,'Зоны доставки и тарифы настроены','ru'),(4918,4455,'Now you can define how shipping rates should be calculated based on delivery time, weight and other parameters.','en'),(4919,4455,'Теперь вы можете настроить, как стоимость доставки будет изменяться в зависимости от времени доставки, веса и других параметров.','ru'),(4920,4456,'Advanced shipping settings','en'),(4921,4456,'Расширенные настройки стоимости доставки','ru'),(4922,4457,'Manage your payment options','en'),(4923,4457,'Настроим способы оплаты','ru'),(4924,4458,'120+ supported payment gateways, such as PayPal, Authorize.net and Sage Pay, will let you accept payments from all over the world in multiple currencies and languages, offline & online.','en'),(4925,4458,'Выберите из более чем 120 интеграций с платежными системами, включая Yandex.Кассу, Web-money и PayPal. Мы моддерживаем множество валют и языков, поэтому ваш магазин может работать для клиентов со всего мира.','ru'),(4926,4459,'Offline method','en'),(4927,4459,'Оффлайн метод','ru'),(4928,4460,'Online method','en'),(4929,4460,'Онлайн метод','ru'),(4930,4461,'Some people simply prefer to place their orders by phone — let them do that.','en'),(4931,4461,'Некоторые покупатели предпочитают оформить заказ по телефону - почему бы и нет?','ru'),(4932,4462,'Set up offline & online payments','en'),(4933,4462,'Настроить другие методы оплаты','ru'),(4934,4463,'Launch','en'),(4935,4463,'Подключить','ru'),(4936,4464,'Excellent! Now you can get paid','en'),(4937,4464,'Ура! Теперь вы можете принимать платежи','ru'),(4938,4465,'Time to check how it works for your customers. Open the <a href=\'{{url}}\' target=\'_blank\'>storefront</a> to place a test order.','en'),(4939,4465,'Пора проверить, как все работает для покупателя. Перейдите к <a href=\'{{url}}\' target=\'_blank\'>витрине</a>, чтобы оформить тестовый заказ.','ru'),(4940,4466,'Need help setting up your store?','en'),(4941,4466,'Нужна помощь с настройкой?','ru'),(4942,4467,'Contact our expert','en'),(4943,4467,'Свяжитесь с нами','ru'),(4944,4468,'X-Cart professionals will easily materialize just about any idea you’ve got.','en'),(4945,4468,'Наши профессионалы помогут претворить в жизнь любые ваши идеи, даже самые смелые.','ru'),(4946,4469,'User manuals, release notes, modules, videos and more.','en'),(4947,4469,'Руководство по эксплуатации X-Cart и модулей, обучающие видео, описания новых версий и др.','ru'),(4948,4470,'Knowledge base','en'),(4949,4470,'Инструкции пользователя','ru'),(4950,4471,'Developer docs','en'),(4951,4471,'Документация для разработчиков','ru'),(4952,4472,'See the tutorials and documentation about X-Cart store customization.','en'),(4953,4472,'Все о модификациях дизайна и функционала магазинов на X-Cart','ru'),(4954,4473,'Sales & Customer Service:','en'),(4955,4473,'Позвоните нам','ru'),(4956,4474,'International: {{phone}}','en'),(4957,4474,'Международная линия: {{phone}}','ru'),(4958,4475,'Sales & Customer Service: {{phone}}','en'),(4959,4475,'Позвоните нам: {{phone}}','ru'),(4960,4476,'Could not save logo image','en'),(4961,4477,'My Shipping','en'),(4962,4478,'Onboarding Wizard','en'),(4963,4479,'Name length must be less then {{length}}','en'),(4964,4480,'{{count}} products selected','en'),(4965,4480,'Выбрано {{count}} товар(ов)','ru'),(4966,4481,'Comparison table - {{count}} items','en'),(4967,4481,'Таблица для сравнения — {{count}} товар(ов)','ru'),(4968,4482,'Add a different product to compare','en'),(4969,4482,'Добавьте для сравнения другие товары','ru'),(4970,4483,'Clear list','en'),(4971,4483,'Очистить список','ru'),(4972,4484,'Differences only','en'),(4973,4484,'Оставить только отличия','ru'),(4974,4485,'Add to compare','en'),(4975,4485,'Сравнить','ru'),(4976,4486,'No products have been selected for comparison.','en'),(4977,4486,'Товары для сравнения не выбраны.','ru'),(4978,4487,'The product has been removed from the <a href=\"{{url}}\">comparison table</a>','en'),(4979,4487,'Товар удален из <a href=\"{{url}}\">таблицы сравнения</a>.','ru'),(4980,4488,'The product has been added to the <a href=\"{{url}}\">comparison table</a>','en'),(4981,4488,'Товар добавлен в <a href=\"{{url}}\">таблицу сравнения</a>','ru'),(4982,4489,'The comparison table has been cleared.','en'),(4983,4489,'Таблица сравнения очищена.','ru'),(4984,4490,'Shopping options','en'),(4985,4491,'Show products','en'),(4986,4492,'Reset filter','en'),(4987,4493,'No products matching your criteria found. Please try again with different parameters.','en'),(4988,4494,'Show all products in this category','en'),(4989,4495,'Price range','en'),(4990,4496,'In stock only','en'),(4991,4497,'Generate cache on the fly','en'),(4992,4498,'Remove cache when attribute, tag or product data is changed','en'),(4993,4499,'Click the button to remove the data cache used by your product filter. After removing the cache, open any category in the storefront area to have the cache generated anew.','en'),(4994,4500,'Remove product filter cache','en'),(4995,4501,'Hidden from products filter','en'),(4996,4502,'Visible in products filter','en'),(4997,4503,'Classes for product filter','en'),(4998,4504,'All classes from this category','en'),(4999,4505,'Do not show the filter','en'),(5000,4506,'Choose classes...','en'),(5001,4507,'Alphabetical','en'),(5002,4508,'Manual','en'),(5003,4509,'Wrong useClasses format. This should be \'A\', \'N\' or \'D\'','en'),(5004,4510,'Hash','en'),(5005,4511,'GET params','en'),(5006,4512,'The product filter cache has been removed successfully.','en'),(5007,4490,'Поиск','ru'),(5008,4491,'Показать','ru'),(5009,4492,'Сбросить','ru'),(5010,4493,'Нет товаров удовлетворяющих выбранным условиям.','ru'),(5011,4494,'Показать все товары в категории','ru'),(5012,4495,'Цена','ru'),(5013,4496,'Только в наличии','ru'),(5014,4497,'Генерировать кеш в процессе работы','ru'),(5015,4498,'Сбрасывать кеш при изменении данных атрибутов, тегов или товаров','ru'),(5016,4499,'Кнопка служит для удаления кеша данных, используемого фильтром товаров. После удаления кеша откройте витрину и выберите любую категорию, чтобы кеш был сгенерирован заново','ru'),(5017,4500,'Удалить кеш фильтра товаров','ru'),(5018,4501,'Скрыт из фильтра товаров','ru'),(5019,4502,'Отображается в фильтре товаров','ru'),(5020,4503,'Классы для фильтра товаров','ru'),(5021,4504,'Все классы из этой категории','ru'),(5022,4505,'Не отображать фильтр','ru'),(5023,4506,'Выбрать классы...','ru'),(5024,4507,'По алфавиту','ru'),(5025,4508,'Вручную','ru'),(5026,4509,'Неправильный формат значения useClasses. Возможные значения: \'A\', \'N\' or \'D\'','ru'),(5027,4510,'Хеш','ru'),(5028,4511,'GET параметры','ru'),(5029,4513,'Tag','en'),(5030,4514,'New tag','en'),(5031,4515,'Product tags','en'),(5032,4516,'Please select the tags first','en'),(5033,4517,'Selected tags have been deleted','en'),(5034,4518,'Categories and tags','en'),(5035,4519,'<p>Tags list is empty. Tags help your customers to find products with the specific feature. You can add tags using the <b>\"New tag\"</b> button and then assign them to the product on its edit page.</p>','en'),(5036,4520,'{{count}} tag duplicates ignored','en'),(5037,4513,'Тег','ru'),(5038,4514,'Новый тег','ru'),(5039,5,'Теги','ru'),(5040,4515,'Теги товаров','ru'),(5041,4516,'Пожалуйста, сначала выберите тег','ru'),(5042,4517,'Выбранные теги были удалены','ru'),(5043,4518,'Категории и теги','ru'),(5044,4519,'<p>Список тегов пуст. Теги помогут вашим покупателям быстрее найти нужный товар. Вы можете добавить тег с помощью кнопки <b>\"Новый тег\"</b>. После этого его можно будет назначить товару на странице редактирования товара.</p>','ru'),(5045,4520,'Неучтенные дубликаты тегов {{count}}','ru'),(5046,4521,'API key is a secret key that allows to access REST API functionality. If this key is not specified, the request will not be processed.','en'),(5047,4522,'IMPORTANT:','en'),(5048,4523,'REST API allows to get or change any information in your store (including profiles, orders, payment transactions, inner store configuration, products, categories and so on), so your API key must be as complex as possible and kept private.','en'),(5049,4524,'{{count}} stars','en'),(5050,4525,'{{count}} stars','en'),(5051,4526,'{{count}} stars','en'),(5052,4527,'{{count}} stars','en'),(5053,4528,'{{count}} star','en'),(5054,4529,'Any rating','en'),(5055,4530,'{{product}} reviews','en'),(5056,4531,'Product reviews','en'),(5057,4532,'Products reviews','en'),(5058,4533,'Add review','en'),(5059,4534,'Edit review','en'),(5060,4535,'Approve review','en'),(5061,4536,'The review has been created','en'),(5062,4537,'The review has been deleted','en'),(5063,4538,'The review has not been created since the product {{product}} has not been found','en'),(5064,4539,'The review has not been updated since the product {{product}} has not been found','en'),(5065,4540,'Reviewer','en'),(5066,4541,'Rating','en'),(5067,4542,'Reviews imported','en'),(5068,4543,'Product, SKU or customer info','en'),(5069,4544,'Approve','en'),(5070,4545,'Start typing product name or SKU','en'),(5071,4546,'Customer name','en'),(5072,4547,'Start typing customer email or name','en'),(5073,4548,'Text of review','en'),(5074,4549,'Published','en'),(5075,4550,'Please sign in to add review','en'),(5076,4551,'You have already reviewed this product','en'),(5077,4552,'Edit your review','en'),(5078,4553,'Add your own review','en'),(5079,4554,'Thank you for sharing your opinion with us!','en'),(5080,4555,'Your product rating is saved. Thank you!','en'),(5081,4556,'Your review has been updated. Thank your for sharing your opinion with us!','en'),(5082,4557,'Rating of votes','en'),(5083,4558,'Your email','en'),(5084,4559,'customers','en'),(5085,4560,'Average rating','en'),(5086,4561,'out of','en'),(5087,4562,'Based on','en'),(5088,4563,'votes','en'),(5089,4564,'Reviews','en'),(5090,4565,'Reviews: {{count}}','en'),(5091,4566,'We may use this email if we need additional information on your review. We will not use it for any kind of mailing lists or spam subscriptions','en'),(5092,4567,'How do you rate this item?','en'),(5093,4568,'Write your review','en'),(5094,4569,'Your review','en'),(5095,4570,'Back to product details','en'),(5096,4571,'Customer reviews','en'),(5097,4572,'On moderation','en'),(5098,4573,'Read all reviews for the product','en'),(5099,4574,'Rates','en'),(5100,4575,'By Rate - 0-9','en'),(5101,4576,'By Rate - 9-0','en'),(5102,4577,'Only registered customers who purchased this product can leave feedback','en'),(5103,4578,'Registered users who purchased the product','en'),(5104,4579,'Score: {{score}} (votes: {{votes}})','en'),(5105,4580,'Votes: {{votes}}','en'),(5106,4581,'No reviews.','en'),(5107,4582,'Not rated yet','en'),(5108,4583,'Be the first and leave feedback','en'),(5109,4584,'All users','en'),(5110,4585,'Registered users only','en'),(5111,4586,'Reviews and ratings','en'),(5112,4587,'Ratings only','en'),(5113,4588,'Reviews only','en'),(5114,4589,'Review','en'),(5115,4590,'Selected reviews have been deleted','en'),(5116,4591,'Please select the reviews first','en'),(5117,4592,'Selected reviews have been updated','en'),(5118,4593,'Reviews about product','en'),(5119,4594,'New product reviews','en'),(5120,4595,'Ratings and Reviews of {{product}}','en'),(5121,4596,'Rating: {{rating}} out of {{maxRating}}. Review by {{reviewerName}}: {{review}}','en'),(5122,4597,'SEO','en'),(5123,4598,'Select the review that should be included into the rich snippet shown for the page of this product when the page appears in search results by Google and other major search engines. More info: <a href=\"https://support.google.com/webmasters/answer/146750\" target=\"_blank\">https://support.google.com/webmasters/answer/146750</a>','en'),(5124,4599,'Anonymous reviewer','en'),(5125,4600,'Reject','en'),(5126,4601,'There are no comments yet. Be the first to leave a comment','en'),(5127,4602,'A new review has been submitted for the product \"{{name}}\".','en'),(5128,4603,'Go to see the review <a href=\"{{link}}\">in the Admin area</a>','en'),(5129,4604,'<p>No one has rated your products yet. Once someone reviews your product (or you add a review manually), this is the place to track, moderate and remove reviews.</p>','en'),(5130,4604,'<p>Никто пока не оценил ваши товары. Как только появятся отзывы о ваших товарах, вы сможете управлять ими на этой странице.</p>','ru'),(5131,4605,'Please review the product {{product}}','en'),(5132,4605,'Пожалуйств, оставьте отзыв на товар {{product}}','ru'),(5133,4606,'<p>Thank you for your recent purchase from {{company}} – Order #{{orderNumber}} ({{orderDate}}):</p>','en'),(5134,4606,'<p>Благодарим Вас за недавнюю покупку у {{company}} – Заказ #{{orderNumber}} ({{orderDate}}):</p>','ru'),(5135,4607,'<p>Would you be willing to rate these products and write a review? Your opinion is important us.</p><p>To write a review:</p><p>1) Click on the product name to open the Customer reviews section for the product<br />2) Click Add review<br />3) Rate the product and write your feedback.</p><p>Thank you so much for taking the time to let us know what you think. It is truly appreciated.</p>','en'),(5136,4607,'<p>Готовы ли вы оценить эти товары и написать отзыв? Ваше мнение очень важно для нас!</p><p>Чтобы написать отзыв:</p><p>1) Нажмите на название товара, чтобы открыть раздел Отзывы для этого товара<br />2) Нажмите кнопку Добавить отзыв<br />3) Оцените товар и напишите свой отзыв.</p><p>Спасибо, что нашли время сообщить нам свое мнение. Мы очень ценим это.</p>','ru'),(5137,4608,'Excellent','en'),(5138,4608,'Отлично','ru'),(5139,4609,'Good','en'),(5140,4609,'Хорошо','ru'),(5141,4610,'Average','en'),(5142,4610,'Нормально','ru'),(5143,4611,'Fair','en'),(5144,4611,'Посредственно','ru'),(5145,4612,'Poor','en'),(5146,4612,'Плохо','ru'),(5147,4613,'Text of response','en'),(5148,4613,'Ответ','ru'),(5149,4614,'Response date is in wrong format','en'),(5150,4614,'Неверный формат поля \"responseDate\"','ru'),(5151,4615,'Add response','en'),(5152,4615,'Добавить ответ','ru'),(5153,4616,'SKU or Product name','en'),(5154,4616,'Артикул или название товара','ru'),(5155,4617,'First name, Last name or E-mail','en'),(5156,4617,'Имя, фамилия или e-mail','ru'),(5157,4618,'Enter a name to be published with the review','en'),(5158,4618,'Введите имя для отображения в отзыве','ru'),(5159,4619,'Tab displaying product reviews. Added by the addon <a href=\"{{url}}\">Product Reviews</a>','en'),(5160,4619,'Вкладка для отображения отзывов о товаре. Добавляется модулем <a href=\"{{url}}\">Product Reviews</a>','ru'),(5161,4620,'No email','en'),(5162,4621,'Reviewer name','en'),(5163,4622,'Shopper approved promo','en'),(5164,4623,'Vendor name','en'),(5165,4624,'Processing mode','en'),(5166,4625,'Encryption Password','en'),(5167,4626,'Invoice number prefix','en'),(5168,4627,'Pricing currency','en'),(5169,4628,'Don\'t have an account yet? <a href=\"https://applications.sagepay.com/apply/653E8C42-AD93-4654-BB91-C645678FA97B\">Sign up</a> for SagePay now!','en'),(5170,4629,'Sage Pay is UK\'s leading independent payment service provider (PSP) and is one of the most trusted payment brands. Every year Sage Pay processes billions of pounds worth of secure payments for its 50,000+ customers and makes the process of accepting payments online, over the phone, or in person simpler, faster, safer and more profitable for businesses.<br /><br />Sage Pay is a subsidiary of FTSE 100 business management software and services company The Sage Group plc.','en'),(5171,4630,'Please enter your encryption password (This is different from your merchant password). More info on encryption passwords is available <a href=\'{{link}}\'  target=\'_blank\'>here</a>','en'),(5172,4631,'Sitemap','en'),(5173,4632,'Information','en'),(5174,4632,'Информация','ru'),(5175,4631,'Карта сайта','ru'),(5176,4633,'{{count}} items ({{total}})','en'),(5177,4633,'{{count}} товаров ({{total}})','ru'),(5178,3944,'Токен пустой','ru'),(5179,4634,'CVC verification: {{state}}','en'),(5180,4634,'Проверка подлинности кредитной карты (CVC): {{state}}','ru'),(5181,4635,'Address line verification: {{state}}','en'),(5182,4635,'Проверка адреса: {{state}}','ru'),(5183,4636,'Address zipcode verification: {{state}}','en'),(5184,4636,'Проверка почтового индекса: {{state}}','ru'),(5185,4637,'Requested transaction type: {{actual}}; real transaction type: {{real}}','en'),(5186,4637,'Запрашивалася транзакция типа {{actual}}, а реально была выполнена типа {{real}}','ru'),(5187,4638,'Requested amount: {{actual}}; real amount: {{real}}','en'),(5188,4638,'Запрашивалось к оплате {{actual}}, а реально было оплачено {{real}}','ru'),(5189,4639,'Requested currency: {{actual}}; real currency: {{real}}','en'),(5190,4639,'Запрашивалось к оплате сумма в валюте {{actual}}, а реально было оплачено в валюте {{real}}','ru'),(5191,4640,'Copy \"Webhook URL\" and go to <a href=\"https://dashboard.stripe.com/account/webhooks\" target=\"_blank\">Account settings</a>','en'),(5192,4640,'Скопируйте \"Webhook URL\" и перейдите в <a href=\"https://dashboard.stripe.com/account/webhooks\" target=\"_blank\">Account settings</a>','ru'),(5193,4641,'Open the page <strong>\"Webhooks\"</strong> in the <strong>\"Developers\"</strong> section of dashboard.stripe.com: <a href=\"https://dashboard.stripe.com/account/webhooks\" target=\"_blank\">https://dashboard.stripe.com/account/webhooks</a>','en'),(5194,4641,'Откройте страницу <strong>\"Webhooks\"</strong> раздела </strong>\"Developers\"<strong> на dashboard.stripe.com: <a href=\"https://dashboard.stripe.com/account/webhooks\" target=\"_blank\">https://dashboard.stripe.com/account/webhooks</a>','ru'),(5195,4642,'In the section <strong>\"Endpoints receiving events from your account\"</strong>, click <strong>\"+ Add endpoint\"</strong>.','en'),(5196,4642,'В разделе <strong>\"Endpoints receiving events from your account\"</strong> выберите <strong>\"+ Add endpoint\"</strong>.','ru'),(5197,4643,'In the form that opens, paste the <strong>\"Webhook URL\"</strong> value into the field <strong>\"URL to be called\"</strong> and click <strong>\"Add endpoint\"</strong>.','en'),(5198,4643,'В открывшейся форме вставьте значение <strong>\"Webhook URL\"</strong> в поле <strong>\"URL to be called\"</strong> и выберите <strong>\"Add endpoint\"</strong>','ru'),(5199,4644,'More information on the setup of webhooks is available here: <a href=\"https://stripe.com/docs/webhooks#configuring-your-webhook-settings\" target=\"_blank\">https://stripe.com/docs/webhooks#configuring-your-webhook-settings</a>','en'),(5200,4644,'Больше информации по настройке вебхуков доступно здесь: <a href=\"https://stripe.com/docs/webhooks#configuring-your-webhook-settings\" target=\"_blank\">https://stripe.com/docs/webhooks#configuring-your-webhook-settings</a>','ru'),(5201,4645,'Disconnect','en'),(5202,4645,'Разъеденить','ru'),(5203,4646,'Status: <span>Connected</span> ({{mode}})','en'),(5204,4646,'Статус: <span>Соединено</span> ({{mode}})','ru'),(5205,4647,'Click \"Connect with Stripe\" to be redirected to Stripe.com','en'),(5206,4647,'Нажмите \"Connect with Stripe\" чтобы перейти на Stripe.com','ru'),(5207,4648,'<strong>Complete the form</strong> with your Company info to setup your account and start processing payments immedately.','en'),(5208,4648,'<strong>Заполняйте форму</strong>, имея на руках данные о Вашей компании. После регистрации Вы сможете сразу начать принимать платежи.','ru'),(5209,4649,'Refresh token','en'),(5210,4649,'Обновить токен','ru'),(5211,4650,'Your Stripe account is no longer accessible. Please connect with Stripe once again.','en'),(5212,4650,'Ваш Stripe аккаунт более недоступен. Пожалуста, пройдите соединение со Stripe еще раз.','ru'),(5213,4651,'Webhook URL is your store\'s URL through which Stripe informs your store about any changes in the order. For example, if you refund a payment transaction for a certain amount via Stripe backend, Stripe will send information about this refund to the store using a special request to the Webhook URL, and the store will update the order status to refunded. If Webhook URL is not specified, the store will not know that the order was updated in Stripe backend and the order status in the store will not be updated automatically.','en'),(5214,4651,'Webhook URL это URL Вашего магазина, через который Stripe оповещает магазин о изменениях в заказе. Например, если вы черезе Stripe backend сделаете refund плоатежной транзакции на некую сумму, то Stripe сообщит об этом магазину при помощи специального запроса к Webhook URL и магазин изменит состояние заказа на refunded. Иначе, если Webhook URL не указан, магазин об этом не узнает и закза не изменит свое состояние автоматически.','ru'),(5215,4161,'URL скопирован','ru'),(5216,4652,'Show \"How to use\" instruction','en'),(5217,4652,'Показать инструкцию','ru'),(5218,4653,'Hide \"How to use\" instruction','en'),(5219,4653,'Спрятать инструкцию','ru'),(5220,4654,'Don\'t have an account?','en'),(5221,4655,'Publishable key','en'),(5222,4656,'Publishable key (test mode)','en'),(5223,4657,'Secret key (test mode)','en'),(5224,4658,'Use custom css','en'),(5225,4658,'Использовать свой CSS','ru'),(5226,1369,'Использовать свой JavaScript','ru'),(5227,4659,'The database stores different version of the custom changes.','en'),(5228,4659,'В базе данных хранится другая версия пользовательского кода.','ru'),(5229,4660,'Review it.','en'),(5230,4660,'Просмотреть её.','ru'),(5231,4661,'Restore this version','en'),(5232,4661,'Восстановить эту версию','ru'),(5233,4662,'Your custom file has been saved successfully','en'),(5234,4662,'Файл успешно сохранен','ru'),(5235,4663,'Theme tweaker','en'),(5236,4663,'Theme tweaker','ru'),(5237,4664,'Pick template from page element','en'),(5238,4664,'Выбор шаблона на основе элемента страницы','ru'),(5239,4665,'Edited templates','en'),(5240,4665,'Измененные шаблоны','ru'),(5241,4666,'Webmaster mode','en'),(5242,4666,'Режим веб-мастера','ru'),(5243,4667,'Template','en'),(5244,4667,'Шаблон','ru'),(5245,4668,'Back to templates list','en'),(5246,4668,'Вернуться к списку шаблонов','ru'),(5247,4669,'Webmaster Mode allows you to change the storefront design in click-and-edit mode.<br /><br />If the design of your store\'s customer area has been messed up by a template change, try restoring the original template in the Edited Templates section. More information about design changes in X-Cart is available in <a href=\"https://devs.x-cart.com/en/design_changes/basic_guide_to_theme_creation.html\">X-Cart\'s Knowledge Base</a>.','en'),(5248,4669,'Режим веб-мастера позволяет редактировать внешний вид сайта по месту.<br /><br />Если после внесения изменений клиентская зона выглядит неправильно, попробуйте откатить изменения в секции \"Измененные шаблоны\". Больше информации об изменении дизайна сайта на X-Cart - в <a href=\"https://devs.x-cart.com/en/design_changes/basic_guide_to_theme_creation.html\">Базе знаний X-Cart</a>.','ru'),(5249,4670,'Webmaster mode is enabled','en'),(5250,4670,'Режим веб-мастера включен','ru'),(5251,4671,'Webmaster mode is disabled','en'),(5252,4671,'Режим веб-мастера отключен','ru'),(5253,4672,'The template has been updated','en'),(5254,4672,'Шаблон обновлён','ru'),(5255,4673,'The template has been added','en'),(5256,4673,'Шаблон добавлен','ru'),(5257,4674,'Enabled','en'),(5258,4674,'Вкл','ru'),(5259,4675,'Disabled','en'),(5260,4675,'Выкл','ru'),(5261,4676,'Path for use in custom CSS','en'),(5262,4676,'Путь для использования в пользовательском CSS','ru'),(5263,4677,'URL','en'),(5264,4678,'The file {{file}} does not exist or is not writable.','en'),(5265,4679,'The directory {{dir}} does not exist or is not writable.','en'),(5266,4680,'Upload image','en'),(5267,4680,'Загрузить картинку','ru'),(5268,4681,'<b>Drag & drop blocks</b> to rearrange them.','en'),(5269,4681,'Здесь можно <b>перетаскивать блоки</b>, меняя их порядок.','ru'),(5270,4682,'Click on the description to <b>edit</b>.','en'),(5271,4682,'Режим предпросмотра продукта. Здесь можно <b>редактировать описание</b> продукта.','ru'),(5272,4683,'Exit product preview','en'),(5273,4683,'Вернуться','ru'),(5274,4684,'You have unsaved changes. Are you really sure to exit the preview?','en'),(5275,4684,'У вас есть несохраненные изменения. Вы точно хотите выйти из режима предпросмотра?','ru'),(5276,4685,'<i class=\"fa fa-exclamation-triangle inline-editor-message_icon\"></i>Click on the description to <b>edit</b>. Your changes may be <span style=\"font-weight: bold; color: orange;\">incompatible</span> with TinyMCE.','en'),(5277,4685,'<i class=\"fa fa-exclamation-triangle inline-editor-message_icon\"></i>Здесь можно <b>редактировать описание</b> продукта. Изменения могут быть <span style=\"font-weight: bold; color: orange;\">несовместимы</span> с редактором TinyMCE.','ru'),(5278,4686,'Changes may be incompatible with TinyMCE. Are you sure to proceed?','en'),(5279,4686,'Изменения могут быть несовместимы с редактором TinyMCE. Вы точно хотите их сохранить?','ru'),(5280,4687,'Layout editor','en'),(5281,4687,'Режим разметки','ru'),(5282,4688,'Dynamic message editor','en'),(5283,4688,'Редактор динамического сообщения уведомления','ru'),(5284,4689,'Labels editor','en'),(5285,4689,'Редактор меток','ru'),(5286,4690,'Discard changes','en'),(5287,4690,'Отказаться','ru'),(5288,4691,'Layout editor is','en'),(5289,4691,'Режим разметки','ru'),(5290,4692,'disabled blocks','en'),(5291,4692,'блоков отключено','ru'),(5292,4693,'Some','en'),(5293,4693,'Несколько','ru'),(5294,4694,'Block is enabled','en'),(5295,4694,'Блок включен','ru'),(5296,4695,'Block is disabled','en'),(5297,4695,'Блок отключен','ru'),(5298,4696,'Exit editor','en'),(5299,4696,'Выйти','ru'),(5300,4697,'Layout editor is enabled','en'),(5301,4697,'Режим разметки включен','ru'),(5302,4698,'Layout editor is disabled','en'),(5303,4698,'Режим разметки отключен','ru'),(5304,4699,'Layout editor allows you to change the position of the blocks in drag-n-drop fashion','en'),(5305,4699,'Режим редактирования разметки позволяет менять положение и порядок блоков путем перетаскивания','ru'),(5306,4700,'There are some custom CSS styles in your store. These styles may affect the look of the installed template. <a href=\"{{url}}\">Review the custom styles</a> and disable them if necessary.','en'),(5307,4700,'Для сайта заданы пользовательские CSS стили. Эти стили могут оказывать влияние на внешний вид интерфейса покупателя. <a href=\"{{url}}\">Просмотрите пользовательские стили</a> и выключите их в случае необходимости.','ru'),(5308,4701,'There are some custom templates in your store that may contain skin dependent code. This may cause your store to crash after switching to a different skin. <a href=\"{{templates_url}}\">Review the custom templates</a> and disable them if necessary.','en'),(5309,4701,'Магазин использует модифицированные шаблоны, которые, возможно, содержат код, работа которого зависит от используемого скина. Это может привести к нарушению корректной работы магазина после переключения на другой скин. <a href=\"{{templates_url}}\">Проверьте модифицированные шаблоны</a> и отключите их в случае необходимости. ','ru'),(5310,4702,'Entity was successfully saved','en'),(5311,4703,'Error on saving image','en'),(5312,4704,'Unable to save edited content. Errors: ','en'),(5313,4705,'Unknown temporary file','en'),(5314,4706,'Show all','en'),(5315,4707,'Flexy to twig converter','en'),(5316,4707,'Flexy to twig конвертор','ru'),(5317,4708,'Flexy template','en'),(5318,4708,'Flexy-шаблон','ru'),(5319,4709,'Twig template path','en'),(5320,4709,'Путь к Twig-шаблону','ru'),(5321,4710,'Converted','en'),(5322,4710,'Сконвертирован','ru'),(5323,4711,'Search flexy templates','en'),(5324,4711,'Найти flexy-шаблоны','ru'),(5325,4712,'Convert','en'),(5326,4712,'Конвертировать','ru'),(5327,4713,'Remove flexy templates','en'),(5328,4713,'Удалить flexy-шаблоны','ru'),(5329,4714,'No flexy templates have been found.','en'),(5330,4714,'Flexy-шаблоны не найдены.','ru'),(5331,4715,'The flexy templates have been removed','en'),(5332,4715,'Flexy-шаблоны были удалены','ru'),(5333,4716,'Some flexy templates cannot be removed. Please correct the file permissions or remove the templates manually:<br />{{list}}','en'),(5334,4716,'Некоторые flexy-шаблоны не могут быть удалены. Скорректируйте права на файлы или удалите их самостоятельно:<br />{{list}}','ru'),(5335,4717,'Check directory permissions','en'),(5336,4717,'Проверьте права на директорию','ru'),(5337,4718,'This action will remove all the flexy templates. Are you sure you want to proceed?','en'),(5338,4718,'Это действие удалит все Flexy-шаблоны. Вы уверены, что хотите продолжить?','ru'),(5339,4719,'Cannot get flexy content','en'),(5340,4719,'Не удалось получить содержимое Flexy-шаблона','ru'),(5341,4720,'Flexy template conversion failure. Check for syntax errors','en'),(5342,4720,'Не удалось сконвертировать Flexy-шаблон. Проверьте его содержание на предмет синтаксических ошибок','ru'),(5343,4721,'Back to Webmaster mode','en'),(5344,4721,'Вернуться на страницу \"Режим веб-мастера\"','ru'),(5345,4722,'Converted files may not always work correctly because not all the changes can be handled automatically by conversion. Be sure to check your converted files manually to ensure that all the required changes have been implemented properly. More info about Flexy and Twig key differences is available at <a href=\"https://xcart.github.io/flexy-to-twig/\" target=\"_blank\">https://xcart.github.io/flexy-to-twig</a>','en'),(5346,4722,'Сконвертированные файлы не всегда могут работать корректно поскольку не все изменения могут быть правильно выполнены при автоматической конвертации. Проверьте ваши сконвертированные файлы вручную, чтобы убедиться, что все изменения перенесены верно. Больше информации о Flexy-to-Twig конверторе доступно здесь: <a href=\"https://xcart.github.io/flexy-to-twig/\" target=\"_blank\">https://xcart.github.io/flexy-to-twig</a>','ru'),(5347,4723,'Preview full email','en'),(5348,4723,'Предпросмотр email','ru'),(5349,4724,'No orders available. Please create at least one order.','en'),(5350,4724,'Нет ни одного заказа. Пожалуйста, создайте по крайней мере один заказ.','ru'),(5351,4725,'Back to notification settings','en'),(5352,4725,'Назад к настройкам уведомлений','ru'),(5353,4726,'Edit template based on','en'),(5354,4726,'Редактировать шаблон на основе','ru'),(5355,4727,'The test email notification has been sent to {{email}}','en'),(5356,4727,'Тестовое уведомление было послано на адрес {{email}}','ru'),(5357,4728,'Failure sending test email to {{email}}','en'),(5358,4728,'Ошибка отправки тестового уведомления на адрес {{email}}','ru'),(5359,4729,'Enter Order number','en'),(5360,4729,'Введите номер заказа','ru'),(5361,4730,'Text parts in curly braces {} are variables and filled dynamically. Do not remove them.','en'),(5362,4730,'Текст в фигурных скобках означает переменную. Не удаляйте такой текст.','ru'),(5363,4731,'<p>You haven\'t changed any templates yet. Here you can track the templates changed with Template editor and revert any changes you\'ve done. Changes to the templates can be done by opening the storefront and switching to the «Template editor» of the panel below.</p>','en'),(5364,4731,'<p>Нет отредактированных шаблонов. На данной странице вы можете узнать об отредактированных шаблонах в режиме Редактор шаблонов. Также здесь вы сможете вернуть шаблоны к первоначальному состоянию. Чтобы изменить какой-либо шаблон, перейдите в клиентскую зону и выберите «Редактор шаблонов» в панели управления сайтом внизу.</p>','ru'),(5365,4732,'Pick templates from page','en'),(5366,4732,'Выбирать шаблоны на странице','ru'),(5367,4733,'Drag-n-drop blocks','en'),(5368,4733,'Перетаскивание блоков','ru'),(5369,4734,'Highlight labels','en'),(5370,4734,'Выделение меток','ru'),(5371,4735,'Layout block','en'),(5372,4735,'Блок разметки','ru'),(5373,4736,'Description editor','en'),(5374,4736,'Контент','ru'),(5375,4737,'Proceed to the product page to edit the description','en'),(5376,4737,'Нет редактируемого контента. Данный режим работает на странице любого продукта','ru'),(5377,4738,'Open home or category page for more opportunities to adjust the website structure.','en'),(5378,4738,'На главной и странице категории есть много различных блоков разметки.','ru'),(5379,4739,'Shortcut: Ctrl+/, ⌘+/','en'),(5380,4739,'Горячая клавиша: Ctrl+/, ⌘+/','ru'),(5381,4740,'Shortcut: Ctrl+S, ⌘+S','en'),(5382,4740,'Горячая клавиша: Ctrl+S, ⌘+S','ru'),(5383,4741,'You have unsaved changes. Are you really sure to exit?','en'),(5384,4741,'Обнаружены несохраненные изменения. Вы точно хотите отказаться от них и уйти?','ru'),(5385,4742,'<a href=\"{{url}}\" target=\"_blank\">Open the storefront</a> while logged in as administrator and use the Webmaster panel <span class=\"cog-icon\">{{cog}}</span> to change the look & feel of the store.','en'),(5386,4742,'<a href=\"{{url}}\" target=\"_blank\">Откройте клиентскую часть магазина</a> из-под администраторского аккаунта и используйте Панель вебмастера <span class=\"cog-icon\">{{cog}}</span> для изменения внешнего вида магазина.','ru'),(5387,4743,'Use the Google Tag Manager addon for more flexibility when adding JS code to your web pages.','en'),(5388,4743,'Используйте модуль Google Tag Manager для получения большей гибкости при добавлении JS кода на веб-страницы.','ru'),(5389,4744,'Learn more about Google Tag Manager','en'),(5390,4744,'Узнать больше о Диспетчере тегов Google','ru'),(5391,4745,'Tag Manager Dashboard','en'),(5392,4745,'Панель управления Диспетчера тегов','ru'),(5393,4746,'Configure Tag Manager','en'),(5394,4746,'Настроить Диспетчер тегов','ru'),(5395,4747,'Install Google Tag Manager','en'),(5396,4747,'Установить Google Tag Manager','ru'),(5397,4748,'Layout was successfully reset','en'),(5398,4748,'Настройки разметки были восстановлены','ru'),(5399,4749,'Unable to reset layout','en'),(5400,4749,'Ошибка при восстановлении настроек разметки','ru'),(5401,4750,'Changes were successfully saved','en'),(5402,4750,'Изменения были успешно применены','ru'),(5403,4751,'Unable to save changes','en'),(5404,4751,'Ошибка при сохранении изменений','ru'),(5405,4752,'Customize storefront','en'),(5406,4752,'Настроить магазин','ru'),(5407,4753,'Storefront layout','en'),(5408,4753,'Тип разметки','ru'),(5409,4754,'Reset layout','en'),(5410,4754,'Сбросить изменения','ru'),(5411,4755,'Home page','en'),(5412,4755,'Главная','ru'),(5413,4756,'Other pages','en'),(5414,4756,'Прочие','ru'),(5415,3762,'Логотипы','ru'),(5416,4757,'logo','en'),(5417,4757,'логотип','ru'),(5418,4758,'favicon','en'),(5419,4758,'фавиконка','ru'),(5420,4759,'app icon','en'),(5421,4759,'закладка','ru'),(5422,4760,'Delete custom file','en'),(5423,4760,'Выключить шаблон','ru'),(5424,4761,'new template','en'),(5425,4761,'добавить шаблон','ru'),(5426,4762,'type filename and press Enter','en'),(5427,4762,'введите имя файла и нажмите Enter','ru'),(5428,4763,'weight','en'),(5429,4763,'вес','ru'),(5430,4764,'Several edited templates were selected to be restored to a default version. You can still find and enable them on the <b>Edited templates</b> page in the Admin area.','en'),(5431,4764,'Отключенные шаблоны можно включить обратно на странице <b>Отредактированные шаблоны</b> в панели администратора.','ru'),(5432,4765,'Restore the default file','en'),(5433,4765,'Вернуть стандартный шаблон','ru'),(5434,4766,'Enable','en'),(5435,4766,'Показать','ru'),(5436,4767,'Are you sure you want to reset the current layout? Custom layout settings will be lost.','en'),(5437,4767,'Вы точно хотите сбросить настройки текущего вида разметки к первоначальному варианту? Измененные настройки положения и отображения блоков будут утеряны.','ru'),(5438,4768,'<p>You can customize the look & feel of the store by configuring the layout and adding the custom CSS or HTML code.</p><p>Just click on the button below or open the storefront while logged in as administrator, and look for the panel at the bottom.</p>','en'),(5439,4768,'<p>Вы можете самостоятельно настроить вид вашего магазина и отдельных элементов, добавить CSS код и изменить код шаблонов.</p><p>Нажмите на кнопку \"Настроить магазин\" или откройте витрину в режиме администратора, чтобы активировать панель веб-мастера.</p>','ru'),(5440,4769,'Display all templates','en'),(5441,4769,'Показать все шаблоны','ru'),(5442,4770,'Скрыть конвертированные шаблоны','en'),(5443,4771,'Not enough permissions to update the template file in \"<X-Cart root>/skins/theme_tweaker\" directory.','en'),(5444,4771,'Произошла ошибка при сохранении файла. Проверьте права на запись в папку \"<X-Cart root>/skins/theme_tweaker\".','ru'),(5445,4772,'File path is too long, it should be less than 255 characters','en'),(5446,4772,'Слишком длинный путь сохраняемого файла, сократите до 255 символов.','ru'),(5447,4773,'Category description','en'),(5448,4773,'Описание категории','ru'),(5449,4774,'OK','en'),(5450,4775,'Edit notification body','en'),(5451,4775,'Редактировать тело нотификации','ru'),(5452,4776,'There is no special code for this notification.\nIf you need to use specific TWIG code put it here.\nFor the plain text, we recommend using WYSIWYG editor on the edit notification page.\n','en'),(5453,4776,'Для этой нотификации нет специального кода.\nЕсли нужно использовать специфичный TWIG-код, поместите его сюда.\nЕсли нужен только текст, рекомендуем использовать WYSIWYG редактор на странице\nредактирования нотификации.','ru'),(5454,4777,'The dynamic message is empty for this notification. If you need to use specific TWIG code, use the template tree on the left-hand side of the screen to choose the TWIG file you require. For plain text we recommend using the WYSIWYG editor on the Edit notification page.','en'),(5455,4777,'Динамическое сообщение для этого уведомления не задано. Если необходимо использовать специальный TWIG-код, используйте дерево шаблонов слева, чтобы выбрать TWIG-файл для редактирования. Если нужен только текст, рекомендуем использовать WYSIWYG редактор на странице редактирования уведомления.','ru'),(5456,4778,'Add TWIG code','en'),(5457,4778,'Добавить TWIG-код','ru'),(5458,4779,'Disable block','en'),(5459,4779,'Отключить блок','ru'),(5460,4780,'<b>UPS</b> module allows you to use online shipping rates calculation via <a href=\"http://www.ups.com\" target=\"_new\">UPS service</a>.<br/>To use UPS Rating API you need to register on <a href=\"http://www.ups.com/\" target=\"_new\">UPS.com</a> with a User ID and Password. Once you have registered you would need to obtain an Access Key from UPS.com that provides access to the Rating API. To obtain an Access Key an account number needs to be added or created in your UPS.com profile.','en'),(5461,4781,'UPS module supports \'Cash on delivery\' feature for shipments within European Union, within United States and Puerto Rico, within Canada and from Canada to the United States.<br/>To enable \'Cash on delivery\' payment option you should enable payment method \'Cash on delivery (UPS)\' at the <a href=\"{{URL}}\">Payment methods page</a>.','en'),(5462,4782,'Air service center','en'),(5463,4783,'Customer counter','en'),(5464,4784,'Daily Pickup','en'),(5465,4785,'Delivery confirmation - adult signature required','en'),(5466,4786,'Delivery confirmation - no signature','en'),(5467,4787,'Delivery confirmation - signature required','en'),(5468,4788,'Letter center','en'),(5469,4789,'No confirmation','en'),(5470,4790,'On call air','en'),(5471,4791,'One time pickup','en'),(5472,4792,'Suggested retail rates','en'),(5473,4793,'As a UPS user, you are entitled to receive shipping refunds usually left unclaimed with default UPS service ($2B/year globally). <a href=\"https://71lbs.com/xcart\" target=\"_blank\">Get My UPS Refunds</a>','en'),(5474,4794,'Update quantity','en'),(5475,4794,'Обновление количества','ru'),(5476,4795,'Products updated','en'),(5477,4795,'Обновлено товаров','ru'),(5478,4796,'The script found {{number}} problem(s) during update inventory','en'),(5479,4796,'В процессе обновления были обнаружены ошибки ({{number}})','ru'),(5480,4797,'Product with SKU \"{{value}}\" not found','en'),(5481,4797,'Товар с артикулом \"{{value}}\" не найден','ru'),(5482,4798,'Wrong product quantity value format (\"{{value}}\")','en'),(5483,4798,'Некорректный формат в поле qty (\"{{value}}\")','ru'),(5484,4799,'Products and product variants updated','en'),(5485,4799,'Обновлено товаров и вариантов товаров','ru'),(5486,4800,'Product or product variant with SKU \"{{value}}\" not found','en'),(5487,4800,'Товар или вариант товара с артикулом \"{{value}}\" не найдены','ru'),(5488,4801,'Update quantity import guide','en'),(5489,4801,'Руководство по обновлению количества','ru'),(5490,4802,'https://kb.x-cart.com/modules/update_inventory.html','en'),(5491,4802,'https://kb.x-cart.ru/modules/update_inventory.html','ru'),(5492,4803,'Related products','en'),(5493,4804,'Alternatives products you may be interested in','en'),(5494,4805,'This product is no longer available although you may find similar or newer version below.','en'),(5495,4806,'Bidirectional link','en'),(5496,4806,'Двунаправленная связь','ru'),(5497,4807,'Related products page','en'),(5498,4808,'You cannot choose this product','en'),(5499,4809,'The product SKU#{{SKU}} is already set as related for the product','en'),(5500,4810,'Add related products','en'),(5501,4811,'Related products (Related Products module)','en'),(5502,4812,'The product SKU#\"X\" is already set as Related for the product','en'),(5503,4813,'Enable bidirectional links','en'),(5504,4813,'Включить двунаправленная связь','ru'),(5505,4814,'Disable bidirectional links','en'),(5506,4814,'Отключить двунаправленная связь','ru'),(5507,4815,'Do you really want to delete all relations from this product?','en'),(5508,4815,'Вы действительно хотите удалить все связи из этого товара?','ru'),(5509,4816,'\"Bidirectional link\" means that the related product is not only linked to from the product on view, but also provides a link to that product. With the \"Bidirectional link\" option enabled, removing the link from one of the products will not remove the link in the opposite direction. To remove the relationship between the products completely, disable the \"Bidirectional link\" option first, then remove the link.','en'),(5510,4816,'\"Двунаправленная связь\" значит, что не только просматриваемый товар ссылается на связанный, но и связанный ссылается на него. При включенной настройке \"Двунаправленная связь\", удаление ссылки с одного из товаров не приведет к удалению ссылки в противоположном направлении. Для полного удаления связи между товарами, вначале отключите настройку \"Двунаправленная связь\", затем удалите ссылку на связанный товар.','ru'),(5511,4817,'Edit all','en'),(5512,4817,'Редактировать все','ru'),(5513,4818,'Make bidirectional relations','en'),(5514,4818,'Добавлять двунаправленную связь','ru'),(5515,4819,'Read','en'),(5516,4819,'Прочитано','ru'),(5517,4820,'Unread','en'),(5518,4820,'Не прочитано','ru'),(5519,4821,'Messages','en'),(5520,4821,'Сообщения','ru'),(5521,906,'Сообщение','ru'),(5522,4822,'Message not found','en'),(5523,4822,'Сообщение не найдено','ru'),(5524,2154,'Все заказы','ru'),(5525,4823,'Orders with unread messages','en'),(5526,4823,'Все заказы с непрочитанными сообщениями','ru'),(5527,4824,'Orders with any messages','en'),(5528,4824,'Все заказы с сообщениями','ru'),(5529,4825,'The field Body may not be blank','en'),(5530,4825,'Поле \'Сообщение\' не может быть пустым','ru'),(5531,4826,'Contact seller','en'),(5532,4826,'Связаться с продавцом','ru'),(5533,4827,'{{count}} unread messages','en'),(5534,4827,'{{count}} непрочитанных сообщений','ru'),(5535,4828,'Hidden messages ({{count}})','en'),(5536,4828,'Скрытые сообщения ({{count}})','ru'),(5537,4829,'Hide message history','en'),(5538,4829,'Скрыть историю общения','ru'),(5539,4830,'New message for order','en'),(5540,4830,'Новое сообщение по заказу','ru'),(5541,4831,'{{count}} new messages for order','en'),(5542,4831,'{{count}} новых сообщений  по заказу','ru'),(5543,4832,'You Have No Messages','en'),(5544,4832,'Нет сообщений','ru'),(5545,4833,'Dispute opened by {{name}}','en'),(5546,4833,'Диспут открыт {{name}}','ru'),(5547,4834,'Dispute closed by {{name}}','en'),(5548,4834,'Диспут закрыт {{name}}','ru'),(5549,4835,'Open dispute','en'),(5550,4835,'Открыть диспут','ru'),(5551,4836,'Close dispute','en'),(5552,4836,'Закрыть диспут','ru'),(5553,4837,'A dispute has been opened successfully.','en'),(5554,4837,'Диспут открыт','ru'),(5555,4838,'The dispute has been closed.','en'),(5556,4838,'Диспут закрыт','ru'),(5557,4839,'Monitoring of communication related to oder #{{order_number}} has been enabled.','en'),(5558,4839,'Подписка на получение сообщений по заказу №{{order_number}} включена','ru'),(5559,4840,'Monitoring of communication related to oder #{{order_number}} has been disabled.','en'),(5560,4840,'Подписка на получение сообщений по заказу №{{order_number}} выключена','ru'),(5561,4841,'All communication threads','en'),(5562,4841,'Все цепочки сообщений','ru'),(5563,4842,'Communication threads with unread messages','en'),(5564,4842,'Цепочки с непрочитанными сообщениями','ru'),(5565,4843,'Communication threads with open disputes','en'),(5566,4843,'Цепочки с открытыми диспутами','ru'),(5567,4844,'Dispute opened on {{date}}, by {{name}}','en'),(5568,4844,'Диспут открыт {{date}}, {{name}}','ru'),(5569,4845,'Write your message here','en'),(5570,4845,'Текст вашего сообщения','ru'),(5571,4846,'Open a dispute','en'),(5572,4846,'Открыть диспут','ru'),(5573,4847,'Dispute','en'),(5574,4847,'Диспут','ru'),(5575,4848,'Reason','en'),(5576,4848,'Причина','ru'),(5577,4849,'New messages','en'),(5578,4849,'Новые сообщения','ru'),(5579,4850,'Show vendor’s products in the order','en'),(5580,4850,'Показать товары продавца','ru'),(5581,4851,'Hide vendor’s products in the order','en'),(5582,4851,'Скрыть товары продавца','ru'),(5583,4852,'Disputes','en'),(5584,4853,'Conversation','en'),(5585,4853,'Разговор','ru'),(5586,4854,'Conversations','en'),(5587,4854,'Разговоры','ru'),(5588,4855,'Conversation: {{members}}','en'),(5589,4855,'Разговор: {{members}}','ru'),(5590,4856,'{{count}} new messages','en'),(5591,4856,'{{count}} новых сообщений','ru'),(5592,4857,'New message','en'),(5593,4857,'Новое сообщение','ru'),(5594,4858,'Mark all','en'),(5595,4858,'Пометить все','ru'),(5596,4859,'Mark selected','en'),(5597,4859,'Пометить выбранные','ru');
/*!40000 ALTER TABLE `xlite_language_label_translations` ENABLE KEYS */;
UNLOCK TABLES;

--
-- Table structure for table `xlite_language_labels`
--

DROP TABLE IF EXISTS `xlite_language_labels`;
/*!40101 SET @saved_cs_client     = @@character_set_client */;
/*!40101 SET character_set_client = utf8 */;
CREATE TABLE `xlite_language_labels` (
  `label_id` int(11) NOT NULL AUTO_INCREMENT,
  `name` varchar(255) CHARACTER SET utf8 COLLATE utf8_bin NOT NULL,
  PRIMARY KEY (`label_id`),
  UNIQUE KEY `name` (`name`)
) ENGINE=InnoDB AUTO_INCREMENT=4860 DEFAULT CHARSET=utf8 COLLATE=utf8_unicode_ci;
/*!40101 SET character_set_client = @saved_cs_client */;

--
-- Dumping data for table `xlite_language_labels`
--

LOCK TABLES `xlite_language_labels` WRITE;
/*!40000 ALTER TABLE `xlite_language_labels` DISABLE KEYS */;
INSERT INTO `xlite_language_labels` VALUES (3778,' page and make sure that:'),(3516,'\"Cash on delivery\" status'),(3777,'\"Site management\"'),(2081,'\"X product\" options'),(1196,'\"{{number}}\" tracking number is added'),(1197,'\"{{number}}\" tracking number is removed'),(1857,'\"{{product}} product\" attributes'),(2031,'# selected'),(1,'%'),(2103,'\'RESULT\' argument not found'),(2098,'\'status\' request argument can not found'),(3828,'(disabled role)'),(4417,'(like categories, weight, description, color)'),(2096,'(optional)'),(4433,'(without writing a single line of code) - 2 min'),(450,'+12130000000'),(4090,'+15550000000'),(1801,'- OR -'),(255,'-- No categories --'),(1942,'-- empty --'),(2629,'...Downloading {{entry}}...{{status}}'),(2627,'...Hooks {{hooksCount}}'),(2626,'...Hooks {{hooksCount}}, Items {{itemsCount}}...'),(2625,'...Invoke {{type}} hook for {{entry}}...'),(2628,'...Unpacking {{entry}}...{{status}}'),(4322,'1 day'),(4317,'1 hour'),(4313,'1 minute'),(4325,'1 week'),(3878,'1.1 (X-Payments 1.0.5 and earlier)'),(3879,'1.2 (X-Payments 2.0 and X-Payments 1.0.6)'),(3926,'1.3 (X-Payments 2.1)'),(4314,'10 minutes'),(446,'1000 Example street'),(4091,'1000 Main Street'),(4321,'12 hours'),(4458,'120+ supported payment gateways, such as PayPal, Authorize.net and etc.'),(403,'14days'),(4315,'15 minutes'),(4014,'18 years'),(4015,'19 years'),(4323,'2 days'),(4318,'2 hours'),(3773,'2Checkout.com account number'),(4316,'30 minutes'),(404,'30days'),(4319,'4 hours'),(2798,'404 page'),(4324,'5 days'),(4320,'6 hours'),(402,'7days'),(449,'90001'),(2630,'<span>X</span> items'),(4087,'A - Z'),(1497,'A DB error occurred while uninstalling the module X'),(4837,'A dispute has been opened successfully'),(2255,'A new category will be created'),(454,'A new customer? Enter your e-mail'),(2252,'A new membership will be created'),(2253,'A new product class will be created'),(2251,'A new product will be created'),(4602,'A new review has been submitted for the product \"{{name}}\".'),(2254,'A new tax class will be created'),(3536,'A single domain'),(455,'ABA routing number'),(3401,'API Login ID'),(3606,'API access password'),(3605,'API access username'),(3610,'API certificate'),(3609,'API certificate filename'),(3600,'API credentials for payments and post-checkout operations'),(4521,'API key is a secret key that allows to access REST API functionality. If this key is not specified in a request will not be executed.'),(3608,'API signature'),(391,'APRIL'),(395,'AUGUST'),(2499,'About X remaining'),(2808,'About clean urls'),(456,'Absolute'),(457,'Accept'),(2753,'Accept[TT]'),(458,'Accepted orders'),(3358,'Access Key ID'),(3271,'Access denied'),(460,'Access denied!'),(461,'Access information'),(462,'Access is locked out'),(463,'Access level'),(2774,'Access level cannot be changed (from {{prevValue}} to {{value}}) for existing profile ({{login}})'),(3272,'Access link has been successfully sent'),(464,'Account'),(465,'Account details'),(264,'Account settings'),(466,'Account status'),(467,'Account summary'),(2635,'Accounting'),(2413,'Action'),(1493,'Action X::Y, M'),(41,'Activate'),(39,'Activate existing key'),(38,'Activate free license'),(3103,'Activate free license & remove premium features.'),(45,'Activate free license description'),(1681,'Activate key'),(468,'Activate license key'),(2533,'Activate purchased skin'),(2308,'Activate your X-Cart'),(2306,'Activate your X-Cart installation'),(2307,'Activate your X-Cart installation first'),(32,'Activate your license key'),(469,'Activate your paid module license'),(470,'Active'),(471,'Active from'),(472,'Active till'),(473,'Add'),(3566,'Add PIN codes'),(474,'Add Product'),(4778,'Add TWIG code'),(4424,'Add a few [more products] to your catalog or proceed to the next step - whatever makes you happy.'),(3273,'Add addons'),(3274,'Add address'),(475,'Add alternative payment method'),(1927,'Add attribute'),(2724,'Add banner'),(476,'Add category'),(477,'Add child'),(2720,'Add comment here'),(2902,'Add countries'),(3461,'Add coupon'),(478,'Add discount'),(479,'Add featured products'),(2086,'Add featured products for \"X\"'),(3513,'Add featured products for the front page'),(480,'Add file'),(4394,'Add first product'),(481,'Add image'),(146,'Add language'),(482,'Add markup'),(483,'Add new'),(484,'Add new address'),(485,'Add new country'),(3454,'Add new coupon'),(3880,'Add new credit card'),(486,'Add new exception'),(145,'Add new label'),(149,'Add new language'),(487,'Add new membership level'),(488,'Add new option'),(489,'Add new option group'),(490,'Add new state'),(491,'Add offline payment method'),(4414,'Add other options'),(4482,'Add other products to compare'),(492,'Add payment method'),(3573,'Add pin codes'),(2863,'Add product'),(1986,'Add products'),(1661,'Add rates'),(4810,'Add related products'),(4615,'Add response'),(4533,'Add review'),(3141,'Add sales channel'),(493,'Add shipping method'),(1666,'Add state'),(1665,'Add states'),(4099,'Add status'),(494,'Add subcategory'),(2420,'Add to bag'),(51,'Add to cart'),(4485,'Add to compare'),(4253,'Add to google product feed'),(1199,'Add tracking number'),(495,'Add user'),(496,'Add your _products_'),(4553,'Add your own review'),(497,'Add zone'),(2439,'Add-on does not exist.'),(498,'Add-ons'),(499,'Add/update options'),(500,'Added'),(3460,'Added coupons'),(2978,'Added files'),(2219,'Added items'),(502,'Added to cart'),(4089,'Added to comparison table'),(3675,'Additional PayPal Business Account'),(3656,'Additional criteria to match for PayPal account verification'),(3589,'Additional settings'),(916,'Addons Marketplace'),(503,'Address'),(504,'Address book'),(505,'Address details'),(506,'Address field'),(507,'Address fields'),(3735,'Address for sales tax calculation'),(1860,'Address has been deleted'),(1855,'Address is not selected'),(4635,'Address line verification: X'),(3275,'Address masks'),(1856,'Address not found'),(508,'Address pattern'),(3276,'Address type'),(1854,'Address type has wrong value'),(4636,'Address zipcode verification: X'),(2589,'Address zone'),(4201,'Addresses'),(1792,'Addresses list is empty'),(3811,'Adds the sender’s signature and the date on CN22 and CP72 shipping labels. Enter the signature as a string. The Sender’s signature date is automatically populated.'),(509,'Admin'),(1339,'Admin has requested a change of password for your account. Please change the password before you proceed.'),(3346,'Admin panel'),(510,'Administration Zone'),(511,'Administrator'),(1551,'Administrator Zone'),(2454,'Administrator account cannot be deleted via customer interface.'),(2349,'Administrator header'),(4012,'Administrator notes'),(2350,'Administrator signature'),(2353,'Administrator subject'),(2354,'Administrator text'),(2431,'Advanced Order Management'),(4451,'Advanced shipping options'),(4456,'Advanced shipping settings'),(3532,'Advanced statistics with'),(2095,'After activation Skrill will give you access to a new section in your Skrill account called \"Merchant tools\". Please choose a secret word (do not use your password for this) and enter it into the merchant tools section and below.'),(1315,'After clicking this button, your hard/soft reset links will be regenerated. You need it in case old links were compromised.'),(1438,'After the problem has been fixed, try to connect again.'),(2780,'After the problem has been fixed, try to connect again.\', {\'clear_cache\': url(\'addons_list_marketplace'),(1523,'After the upgrade is completed please check your website. If you find that the site is inoperative, please try to do the following'),(1846,'Aggregation cache has been cleaned'),(4782,'Air service center'),(252,'All'),(684,'All Addresses (default zone)'),(369,'All Order Statuses'),(419,'All User Types'),(512,'All add-ons'),(2988,'All addons'),(2173,'All attributes'),(4504,'All classes from this category'),(4841,'All communication threads'),(1868,'All countries'),(513,'All customers'),(2781,'All items'),(2216,'All items cannot be removed from the order.'),(2150,'All levels'),(417,'All membership levels'),(514,'All memberships'),(3706,'All newest products'),(4363,'All news'),(2154,'All orders'),(2139,'All payment statuses'),(2704,'All payment transaction statuses'),(516,'All products on sale'),(1791,'All rights reserved.'),(517,'All shipping methods'),(2140,'All shipping statuses'),(518,'All shipping zones'),(770,'All states'),(2423,'All statuses'),(6,'All tags'),(515,'All the necessary adaptation will be done by the developer.'),(519,'All the products are in sufficient quantities'),(520,'All time'),(3707,'All upcoming products'),(2430,'All user types'),(4584,'All users'),(1797,'All words'),(4133,'Allow buyers to attach files to this product'),(4312,'Allow this product to be used as a MailChimp segment condition'),(4128,'Allowed file extensions: X'),(4507,'Alphabetical'),(523,'Alphabetically'),(1697,'Already added'),(1736,'Already exists'),(524,'Already have an account?'),(2696,'Also the system has detected problems with the following modules'),(2811,'Also, to manage your redirects you can define 301 redirects in .htaccess file.'),(3094,'Also, you can review X-Cart recommended hosting providers'),(112,'Alt'),(525,'Alternative payment methods'),(526,'Alternative text'),(300,'Alternatively, upload file sqldump.sql.php to the var/backup/ sub-directory click on the \"Restore from server\" button'),(4804,'Alternatives products you may be interested in'),(2782,'Although you can switch the store to use the secure protocol for the website pages, most Internet browsers will likely display a warning message scaring your website visitors away.'),(3512,'Although you may find related products below.'),(2654,'Amazon'),(3385,'Amazon Order Ref ID'),(3355,'Amazon Seller ID'),(3384,'Amazon callback URL help'),(3383,'Amazon could not process the transaction due to an internal processing error.'),(3382,'Amazon has rejected the authorisation.'),(3367,'AmazonRefresh'),(3368,'AmazonRefundRefresh'),(527,'Amount'),(528,'Amount: high to low'),(529,'Amount: low to high'),(1879,'An attempt to update settings of unknown payment method'),(2376,'An error occurred while sending the request'),(2492,'An error occurred, please try again. If the problem persists, contact the administrator.'),(2493,'An error occurred, please try again. If the problem persists, contact the administrator. (txnNote)'),(1751,'An upgrade is a dangerous process that may result in a crashed website.'),(530,'An upgrade is a dangerous process that may result in a crashed website. It is strongly recommended to create a full back up of your shop (the code and the database) and download it to a local computer before proceeding to the next step.'),(1951,'Anonymous'),(2151,'Anonymous (access level)'),(223,'Anonymous Customer'),(224,'Anonymous Customer, _Registered User with the same email_'),(2041,'Anonymous Customers'),(4599,'Anonymous reviewer'),(3759,'Anonymous users only'),(3277,'Another bulk change in progress, please try again later'),(531,'Another state'),(134,'Any availability status'),(424,'Any category'),(137,'Any class'),(4238,'Any google group'),(532,'Any membership level'),(533,'Any product class'),(2570,'Any profile'),(4529,'Any rating'),(4183,'Any special needs?'),(425,'Any status'),(2199,'Any stock status'),(3758,'Any visitors'),(1798,'Any word'),(534,'Any zone'),(4092,'Anyland'),(4093,'Anytown'),(2647,'App type'),(535,'Appearance'),(3427,'Applied discount coupon'),(3125,'Apply attribute value changes for all the products'),(536,'Apply destination'),(537,'Apply price'),(4116,'Apply sort and view settings for all products'),(2971,'Apply sorting globally'),(3278,'Apply to billing address'),(3123,'Apply unsharp mask filter on resize'),(1770,'Apply value changes globally'),(1769,'Apply value changes locally'),(4544,'Approve'),(4535,'Approve review'),(4165,'Approved URL'),(538,'Are you sure you want to continue?'),(539,'Are you sure you want to delete the selected user?'),(2671,'Are you sure you want to delete this filter?'),(1694,'Are you sure you want to delete this profile?'),(540,'Are you sure you want to disable this add-on?'),(2864,'Are you sure you want to enable https anyway?'),(541,'Are you sure you want to enable this add-on?'),(4767,'Are you sure you want to reset current layout? Custom layout settings will be lost.'),(4030,'Are you sure you want to transmit this shipment?'),(2418,'Are you sure you want to uninstall selected add-ons?'),(542,'Are you sure you want to uninstall this add-on?'),(4028,'Are you sure you want to void this shipment?'),(543,'Are you sure you wish to delete the selected zones?'),(544,'Are you sure?'),(545,'Arrival date'),(3518,'As a FedEx user, you are entitled to receive shipping refunds usually left unclaimed with default FedEx service ($2B/year globally)'),(4793,'As a UPS user, you are entitled to receive shipping refunds usually left unclaimed with default UPS service ($2B/year globally)'),(547,'Ask.com'),(2474,'Assign entered Clean URL to this page anyway'),(4254,'Assign shopping group'),(4245,'Assign your attributes to Google groups to import your variants.'),(548,'Assigned classes'),(546,'Asynchronous'),(4145,'Attach file'),(4131,'Attach files'),(3979,'Attached files'),(4129,'Attached files:'),(4140,'Attachment X is deleted'),(3522,'Attachment has been deleted successfully'),(549,'Attachment is not deleted'),(3474,'Attachment removed'),(550,'Attachments'),(551,'Attachments have been updated successfully'),(3091,'Attention!'),(3191,'Attention! You are creating an account with full access. Roles warning'),(1596,'Attribute'),(28,'Attribute data will be lost. warning text'),(1594,'Attribute group'),(1595,'Attribute groups'),(4255,'Attribute information has been successfully updated'),(1591,'Attribute name'),(1586,'Attribute option'),(4237,'Attribute type'),(3162,'Attribute value ID'),(1592,'Attribute values'),(3163,'Attribute values (select)'),(140,'Attributes'),(773,'Attributes block'),(339,'Attributes for X product class'),(1858,'Attributes have been successfully changed'),(1908,'Attributes have been updated successfully'),(1923,'Attributes imported'),(552,'Australia Post settings'),(2120,'Auth'),(3590,'Auth and Capture'),(3591,'Auth only'),(553,'Authentication'),(554,'Authentication code'),(4054,'Authentication options'),(555,'Author'),(2075,'Authorization and Capture'),(2076,'Authorization only'),(3929,'Authorization period, days'),(3369,'Authorization status: {{status}}'),(556,'Authorization then capture'),(3927,'Authorize amount for card setup'),(3897,'Authorize/charge the difference'),(3945,'AuthorizeNet accept.js instruction text'),(2741,'Authorize[TT]'),(371,'Authorized'),(1847,'Authorized amount'),(557,'Auto'),(4304,'Auto-Updated'),(2783,'Autogenerate'),(1695,'Autogenerate Clean URL'),(2093,'Autogenerated'),(2663,'Automate Shipping Refunds'),(2640,'Automate shipping'),(2642,'Automate your shipping process with the services of our partners: print shipping labels, grab shipping orders info from eBay, ETSY, Amazon and other marketplaces; integrate with several shipping carriers in one spot and more.'),(3569,'Automatically'),(558,'Availability'),(3496,'Available after purchase'),(3481,'Available for download'),(559,'Available for sale'),(2566,'Avalara provides our mutual customers with everything you need to calculate, file and remit sales tax for your business effortlessly by providing an integrated, end-to-end solution for every step of the tax compliance process.'),(2568,'Avalara.60 Day Free Trial'),(4560,'Average rating'),(2934,'Awaiting processing'),(560,'B'),(268,'BEGIN - END of TOTAL'),(1835,'Back'),(1802,'Back to Login form'),(2701,'Back to Trial mode'),(4721,'Back to Webmaster mode'),(772,'Back to Zones list'),(3885,'Back to credit cards'),(561,'Back to file select'),(562,'Back to layout settings'),(563,'Back to methods'),(1803,'Back to modules'),(4725,'Back to notification settings'),(2357,'Back to notifications list'),(564,'Back to order list'),(4570,'Back to product details'),(3959,'Back to products'),(4328,'Back to segments list'),(2617,'Back to shipping methods'),(4668,'Back to templates list'),(326,'Backend payment transaction X issued'),(2784,'Background export is in progress'),(3332,'Backordered'),(3333,'Backordered (qty: {{qty}})'),(565,'Backup'),(566,'Backup database'),(2053,'Backup your store with Backup Master'),(567,'Bank Account Number'),(927,'Bank name'),(3621,'Banner on Cart page'),(3619,'Banner on Category pages'),(3618,'Banner on Home page'),(3620,'Banner on Product details pages'),(2723,'Banner rotation'),(4562,'Based on'),(4583,'Be the first and leave a feedback.'),(1629,'Before editing attributes specific for the chosen type you should save the changes'),(2559,'Before enabling HTTPS protocol read this article:'),(2304,'Before installing a paid addon for this installation, you need to activate your X-Cart license.'),(3399,'Before you can start configure Australia Post module you should update available options from Australia Post. Please click button below.'),(568,'Benchmark completed in '),(569,'Benchmark result under 3000ms is considered good'),(570,'Bestsellers'),(2680,'Bill to'),(2906,'Billing'),(571,'Billing address'),(2106,'Billing address is not defined'),(572,'Billing address is not defined yet'),(1838,'Billing address is the same as Shipping'),(2910,'Billing to'),(573,'Bing'),(4453,'Bingo! You\'ve added carrier as a shipping carrier'),(3507,'Block'),(4695,'Block is disabled'),(4694,'Block is enabled'),(2084,'Blocked'),(3480,'Blocked by administrator'),(2894,'Body'),(3996,'Box maximum weight'),(574,'Brief description'),(575,'Brief descrption'),(4111,'Brief info'),(4117,'Brief info help'),(576,'Browse server'),(3957,'Bulk Edit processing in progress...'),(3949,'Bulk edit'),(3951,'Bulk edit all'),(3954,'Bulk edit has been processed successfully.'),(3955,'Bulk edit processing has been interrupted.'),(3956,'Bulk edit processing may take a while to complete. Please do not close this page until the process is fully completed.'),(3960,'Bulk edit selected'),(3279,'Business premium features'),(2229,'Buy'),(2508,'Buy Business Edition'),(577,'Buy more'),(2463,'Buy prolongation'),(1812,'C.O.D. fee included'),(578,'CLOSE'),(2021,'CM'),(3798,'COD value'),(579,'CSS & JavaScript'),(2408,'CSV delimiter'),(2180,'CSV file has the wrong filename format.'),(3087,'CSV format tables'),(2001,'CSV or ZIP files, total max size: {{size}}'),(4634,'CVC verification: X'),(3280,'CVV / CVC'),(1823,'CVV2'),(2494,'Cache management'),(580,'Cache rebuild is already started, please wait'),(2497,'Calculate quick data'),(2498,'Calculate quick data help text'),(581,'Calculate rates'),(2500,'Calculating quick data...'),(448,'California'),(1825,'Call us: '),(3386,'Callback URL'),(3482,'Can be downloaded only after buying the product'),(2575,'Can be provided only for offline shipping methods.'),(2577,'Can be provided only for online shipping methods.'),(3601,'Can be set up later'),(3550,'Can not be disabled for products with manually defined PIN codes'),(582,'Can\'t be disabled. The module is required by:'),(583,'Can\'t connect to the Addons Marketplace server'),(2048,'Can\'t connect to the marketplace server'),(4385,'Can\'t subscribe you right now. Try later'),(3969,'Canada Post module allows to use online shipping rates calculation via Canada Post'),(4007,'Canada Post settings'),(4037,'CanadaPost settings'),(161,'Cancel'),(3856,'Cancel import and keep current payment methods'),(3731,'Cancel sale'),(3734,'Cancel sale for all'),(373,'Canceled'),(2711,'Canceled[S]'),(3004,'Canceling'),(4137,'Cannot attach the file. The maximum attached file size may not exceed X MB'),(4136,'Cannot attach the file. The number of attached files may not exceed X'),(4347,'Cannot authenticate'),(1914,'Cannot autogenerate clean URL for the product name \"{{name}}\". Please specify it manually.'),(2976,'Cannot check the files for this module'),(2213,'Cannot create temporary order for modification'),(2362,'Cannot gather modules from the marketplace. Please try later.'),(4719,'Cannot get flexy content'),(3552,'Cannot remove a sold PIN code'),(305,'Cannot set X permissions for subdirectories:'),(2121,'Capture'),(3363,'Capture mode'),(2745,'Capture multiple[TT]'),(2744,'Capture partially[TT]'),(584,'Capture status'),(2743,'Capture[TT]'),(1848,'Captured amount'),(4020,'Card (hold) for pick up'),(2320,'Card number'),(3921,'Card saved'),(2317,'Card type'),(3922,'Card was not saved due to payment processor error'),(1818,'Cardholder name'),(3902,'Cards saved by the customer for the future orders in this shop. No real credit cards were saved, only special token on the side of the payment processor, that can be used in this store only.'),(3845,'Cards which can be used for your future orders in this shop. No real credit cards were saved, only special token on the side of the payment processor, that can be used in this store only.'),(1190,'Carrier'),(2614,'Carrier service'),(2615,'Carrier service name'),(2613,'Carrier services'),(2579,'Carrier-calculated rates'),(1833,'Cart'),(585,'Cart & checkout'),(2196,'Cart contains products with wrong quantity'),(2195,'Cart contains products with wrong quantity. Please correct this to proceed'),(233,'Cart is empty'),(2089,'Cash on delivery'),(586,'Catalog'),(587,'Categories'),(4518,'Categories and tags'),(1924,'Categories imported'),(3014,'Categories processed'),(3017,'Categories processed: X out of Y'),(3016,'Categories processed: X out of Y with errors'),(3018,'Categories processed: {{count}}'),(588,'Category'),(4773,'Category description'),(102,'Category icon'),(3084,'Category id or path is required'),(589,'Category info'),(3341,'Category is not accessible'),(590,'Category name'),(591,'Category name contains invalid symbols'),(2779,'Category name should not be empty'),(592,'Category page title'),(593,'Category path contains invalid symbols'),(3086,'Category with id X not found, new category will be created'),(594,'Change'),(595,'Change address'),(1824,'Change attributes'),(3189,'Change fulfillment status for selected'),(596,'Change method'),(597,'Change options'),(1440,'Change password'),(598,'Change payment info'),(3188,'Change payment status for selected'),(600,'Change shipping'),(599,'Change shipping info'),(3281,'Change template'),(2217,'Changed items'),(2218,'Changed options'),(4686,'Changes may be incompatible with TinyMCE. Are you sure to proceed?'),(1767,'Changes of attributes globally'),(1768,'Changes of attributes locally'),(4750,'Changes were successfully saved'),(2231,'Character set'),(3930,'Charged amount'),(1749,'Check again'),(601,'Check all'),(4717,'Check directory permissions'),(2549,'Check for available free disk space has failed'),(2865,'Check for updates'),(602,'Check number'),(4198,'Check shipping info'),(3220,'Check the article how to check your emails'),(3920,'Check the settings.'),(3222,'Check your email deliverability'),(603,'Checking'),(604,'Checking integrity, please wait...'),(237,'Checkout'),(4185,'Checkout type'),(605,'Choose'),(606,'Choose _payment methods_'),(2535,'Choose a new template'),(4199,'Choose another address'),(2319,'Choose card type'),(4506,'Choose classes...'),(607,'Choose file'),(608,'Choose from a variety of bundled payment solutions to accept credit cards and other methods of payment on your website'),(609,'Choose method'),(2912,'Choose shipping'),(610,'Choose shipping method'),(1805,'Choose the product options first'),(2507,'Choose the right plan'),(4226,'Choose your location'),(1640,'Choosing \"URLs\" will link the exported data to your public files (product and category images, downloadable files shown on product pages, and so on) through direct URLs'),(2318,'Chose credit card type'),(611,'City'),(1452,'City masks'),(4260,'Class X'),(2174,'Classes & Attributes'),(1875,'Classes & attributes'),(4503,'Classes for product filter'),(612,'Clean URL'),(2786,'Clean URLs'),(665,'Clean URLs are disabled'),(663,'Clean URLs are disabled. More info'),(2785,'Clean URLs are disabled. More info\', {\'more_info_url\': url(\'settings\', \''),(664,'Clean URLs are enabled'),(667,'Clean URLs functionality may not be enabled. More info'),(617,'Clean aggregation cache'),(72,'Clean aggregation cache help text'),(618,'Clean widgets cache'),(73,'Clean widgets cache help text'),(619,'CleanURL'),(616,'Clean_urls_error_message'),(1547,'Cleanup'),(1544,'Cleanup queries'),(2930,'Clear all caches'),(2931,'Clear all caches text'),(1809,'Clear all fields'),(620,'Clear bag'),(3282,'Clear cache help text'),(56,'Clear cart'),(4483,'Clear list'),(132,'Clear search'),(4647,'Click Connect with Stripe to be redirected to Stripe.com'),(621,'Click here to access/add subcategories'),(3736,'Click here to specify tax rates that will apply only to shipping charges'),(4416,'Click here to upload product image'),(4428,'Click here to upload your logo. Recommended 400x150px (PNG, JPG or SVG)'),(622,'Click here to view states of country'),(1620,'Click if you do not want to add this value to new products or class’s assigns automatically'),(1621,'Click if you want to add this value to new products or class’s assigns automatically'),(4310,'Click rate'),(3850,'Click the button below to re-import payment methods from X-Payments.'),(2230,'Click the link to increase product amount'),(3676,'Click this to access the PayPal sign-in page and sign in using your PayPal account different from the account specified above.'),(1660,'Click to add rates'),(1664,'Click to add states'),(1728,'Click to close'),(3524,'Click to edit'),(1667,'Click to edit all this label translations'),(1659,'Click to edit rates'),(1663,'Click to edit states'),(3118,'Click to expand menu'),(4195,'Click to finish your order'),(1727,'Click to open'),(4197,'Click to proceed to the next step'),(3339,'Click to select the date'),(3950,'Click to specify'),(623,'Click to unblock'),(202,'Clicking the Place order button you accept: Terms and Conditions'),(3360,'Client ID'),(1578,'Clone'),(2996,'Clone selected'),(1577,'Clone this product'),(141,'Cloned products'),(380,'Close'),(4836,'Close dispute'),(624,'Close storefront'),(4401,'Close wizard'),(1959,'Closed'),(2648,'Cloud Service'),(2649,'Cloud Zoom'),(2650,'Cloud Zoom mode'),(2651,'Cloud Zoom mode Inside'),(2652,'Cloud Zoom mode Outside'),(625,'Code'),(3678,'Color'),(2938,'Column X is required'),(3708,'Coming soon'),(2404,'Coming soon (title)'),(3719,'Coming soon...'),(1720,'Comma'),(626,'Comment'),(627,'Comments'),(2017,'Commercial'),(4019,'Commercial - will return the contracted price between Canada Post and the contract holder'),(4055,'Common options'),(1206,'Common tax settings'),(2143,'Communication log'),(3665,'Communication problem'),(4843,'Communication threads with open disputes'),(4842,'Communication threads with unread messages'),(1945,'Compact view'),(628,'Company'),(629,'Company name'),(2105,'Compare'),(1826,'Compare products'),(1553,'Compare your result with other servers'),(4481,'Comparison table - X items'),(1739,'Complete'),(1839,'Complete billing address'),(630,'Completed'),(631,'Component'),(3918,'Conection with X-Payments is OK.'),(3032,'Config file'),(632,'Configuration'),(3870,'Configuration has been successfully deployed'),(1655,'Configure'),(4746,'Configure Tag Manager'),(633,'Configure _shipping methods_'),(4053,'Configure manually'),(3534,'Configure the Google Analytics module'),(3505,'Configure your X-Cart installation to support large file downloads.'),(3912,'Configure your gateway'),(4434,'Configure your geographic settings to connect with local customers'),(634,'Configure your store'),(3942,'Configuring of the payment methods presented possible in the X-Payments backoffice only. In case of any problems you need to review the X-Payments Connector module settings and if it\'s ok, review payment configurations settings on the X-Payments side.'),(158,'Confirm deletion'),(635,'Confirm password'),(2514,'Confirmation'),(1737,'Confirmation does not match'),(180,'Congratulations! Your order has been placed successfully'),(3913,'Connect'),(3669,'Connect to PayPal'),(3915,'Connect to X-Payments. Do 3 easy steps.'),(4340,'Connect with your MailChimp account'),(4374,'Connect your store to MailChimp'),(3667,'Connected to PayPal; Merchant ID: {{merchantId}}'),(3917,'Connected!'),(2812,'Connecting to the marketplace...'),(3905,'Connection'),(3919,'Connection failed!'),(3934,'Connection with X-Payments is OK.'),(3158,'Consistency check'),(3167,'Consistency has not yet been checked. Initiate an consistency check by clicking the button \"Refresh consistency status\".'),(3192,'Contact Us page settings'),(4056,'Contact name for the manifest address'),(4467,'Contact our expert'),(4826,'Contact seller'),(3748,'Contact us'),(3104,'Contact us if you have any questions.'),(31,'Contact us trial notice'),(3504,'Contact your hosting provider to make sure X-Sendfile is installed on the server.'),(636,'Contacts'),(637,'Content'),(4223,'Content has script tags (Froala)'),(2344,'Content of this notification based on the body.twig template'),(3767,'Content page title'),(638,'Continue'),(1840,'Continue as guest'),(57,'Continue shopping'),(70,'Continue...'),(4057,'Contract ID'),(4058,'Contract shipping options'),(3815,'Convenience - Verify addresses and buy & print compliant USPS labels directly from the X-Cart application'),(4853,'Conversation'),(4855,'Conversation: X'),(4854,'Conversations'),(2728,'Convert failed transactions into real orders'),(4712,'Convert templates'),(113,'Copy'),(4640,'Copy Webhook URL and go to Account settings'),(639,'Copy file to local server'),(3861,'Copy the value of the Configuration field from X-Payments Online Store Details page, paste the string here and click Deploy. All the connection settings will be specified automatically.'),(114,'Copy to clipboard'),(111,'Copy to file system'),(1707,'Core version'),(640,'Core version: '),(3830,'Could not add the discount because another discount already exists for the specified subtotal range and membership level'),(3547,'Could not assign X PIN codes to order #Y.'),(2489,'Could not assign upgrade access level to your license keys'),(4476,'Could not save logo image'),(3831,'Could not update the discount because another discount already exists for the specified subtotal range and membership level'),(2869,'Couldn\'t download the banner {{value}} from URL'),(2730,'Couldn\'t download the image {{value}} from URL'),(2060,'Couldn\'t move X images. See log for details.'),(2059,'Couldn\'t move image X'),(1542,'Count'),(4018,'Counter - will return the regular price paid by retail consumers'),(641,'Countries'),(2328,'Countries information has been successfully updated'),(642,'Countries, states and zones'),(643,'Country'),(644,'Country is not selected'),(3362,'Country of Merchant account'),(3456,'Coupon'),(3464,'Coupon cannot be combined with other coupons'),(645,'Coupon code'),(3434,'Coupon discount'),(3452,'Coupon discount can be limited to customers with these membership levels'),(3451,'Coupon discount can be limited to these product classes'),(646,'Coupons'),(4059,'Coverage'),(647,'Create'),(649,'Create SQL file'),(650,'Create a backup'),(651,'Create account'),(652,'Create an account for later use'),(653,'Create category'),(2447,'Create label'),(654,'Create new account'),(1998,'Create new items and update existing items'),(4368,'Create news message'),(648,'Create profile'),(3973,'Create return'),(3812,'Create shipment'),(4452,'Create shipping rate'),(1325,'Create zone'),(655,'Created'),(3980,'Created on'),(3865,'Credit card'),(1819,'Credit card number'),(2327,'Credit card security code (if present)'),(3695,'Credit or debit card (Visa, MasterCard, American Express, Discover, and so on)'),(3283,'Critical'),(1996,'Critical error'),(1526,'Critical errors have been detected in the files you are trying to import. Check the manual to correct the errors and try again.'),(1715,'Curl options'),(1714,'Curl version'),(656,'Currency'),(4060,'Currency rate'),(3028,'Current password'),(2212,'Current price for the selected configuration and quantity: X'),(2528,'Current template'),(2094,'Custom'),(658,'Custom CSS'),(3136,'Custom CSS & JS'),(100,'Custom HTML title'),(659,'Custom JavaScript'),(657,'Custom addons'),(2006,'Custom attributes'),(660,'Custom images'),(1931,'Custom offline shipping'),(2580,'Custom table rates'),(661,'Custom translation'),(222,'Customer'),(2149,'Customer access level'),(3345,'Customer area'),(4783,'Customer counter'),(3262,'Customer email (if exist)'),(2347,'Customer header'),(2214,'Customer information'),(4546,'Customer name'),(221,'Customer note'),(4061,'Customer number'),(4571,'Customer reviews'),(2348,'Customer signature'),(2351,'Customer subject'),(2352,'Customer text'),(662,'Customer zip/postal code'),(1555,'Customer zone is closed for maintenance.'),(4141,'Customer`s attachments were changed'),(1920,'Customers'),(1921,'Customers imported'),(3709,'Customers who bought this product also bought'),(3710,'Customers who viewed this product bought'),(4752,'Customize storefront'),(3677,'Customize the PayPal button'),(4432,'Customize your store with Layout Editor option'),(399,'DECEMBER'),(2655,'DHL'),(2022,'DM'),(4784,'Daily Pickup'),(3329,'Dashboard'),(1527,'Data has not been found'),(669,'Data have been deleted successfully'),(670,'Data have been saved successfully'),(3284,'Data removal has been completed successfully.'),(3285,'Data removal has been stopped.'),(3286,'Database'),(671,'Database backup created successfully'),(1896,'Database restored successfully!'),(672,'Date'),(3287,'Date and time in the shop'),(3194,'Date and time in the store'),(3193,'Date and time on the server'),(1808,'Date range'),(411,'Date range should less than %d days'),(410,'Date range should longer than %d days'),(3447,'Date when customers can start using the coupon'),(3448,'Date when the coupon expires'),(3890,'Date, time'),(3711,'Date: newest first'),(3712,'Date: oldest first'),(673,'Day'),(379,'Days'),(674,'Dear'),(318,'Dear X'),(675,'Dear customer'),(676,'Decline'),(2754,'Decline[TT]'),(677,'Declined'),(4166,'Declined URL'),(3931,'Declined amount'),(678,'Default'),(679,'Default customer address'),(1929,'Default for admins'),(680,'Default for customer zone and can not disabled or deleted'),(681,'Default for customer zone and cannot be disabled or deleted'),(1928,'Default for customers'),(2705,'Default image settings'),(682,'Default images settings'),(1588,'Default option'),(2803,'Default site meta description'),(2804,'Default site meta keywords'),(2802,'Default site title'),(138,'Default tax class'),(1630,'Default value'),(437,'Default zone tooltip text'),(1105,'Default-sort-option'),(3347,'Default: {{code}}'),(685,'Define classes'),(3690,'Delayed'),(160,'Delete'),(4421,'Delete Demo products'),(169,'Delete Language'),(686,'Delete SQL file'),(2453,'Delete account'),(687,'Delete all'),(1628,'Delete all files'),(4130,'Delete attachment'),(4760,'Delete custom file'),(2670,'Delete filter option'),(69,'Delete item'),(688,'Delete profile'),(689,'Delete selected'),(690,'Delete selected profile'),(1530,'Delete temporary files after the import is completed'),(691,'Delete the image'),(692,'Delete this address?'),(3974,'Deliver to Post Office'),(4062,'Deliver to Post Office options'),(60,'Delivery'),(4785,'Delivery confirmation - adult signature required'),(4786,'Delivery confirmation - no signature'),(4787,'Delivery confirmation - signature required'),(3791,'Delivery cost'),(3818,'Delivery date'),(4200,'Delivery method'),(693,'Delivery methods'),(2572,'Delivery time'),(3977,'Delivery to Post Office'),(282,'Depending on the size of your data file, importing may take some time.'),(2124,'Deploy'),(52,'Description'),(3350,'Description for customers'),(3928,'Description of the card setup payment'),(4427,'Design your online store to fit your brand'),(2068,'Destination address'),(694,'Destination zone'),(695,'Details'),(3288,'Developer'),(4471,'Developer docs'),(4063,'Developer mode'),(3001,'Developer wave'),(2394,'Developers docs'),(3932,'Difference'),(4484,'Differences only'),(3330,'Dimensions'),(3997,'Dimensions (cm)'),(696,'Directories and files permissions'),(360,'Directory X does not have permissions to write. Please set necessary permissions to directory X.'),(4052,'Directory X is not writable'),(1926,'Directory does not have permissions to write'),(1719,'Directory is empty'),(165,'Disable'),(3289,'Disable HTTPS'),(2995,'Disable all'),(697,'Disable all modules in the system'),(4779,'Disable block'),(4177,'Disable facebook product feed'),(4814,'Disable mutual links'),(2993,'Disable selected'),(698,'Disable suspicious modules'),(699,'Disabled'),(3040,'Disabled functions'),(1623,'Disabled in catalog'),(168,'Disabled language can not be set as default for customer zone'),(1913,'Disabled language cannot be default.'),(700,'Disabled language cannot be set as default for customer zone'),(2132,'Disabled modules hooks message body'),(2131,'Disabled modules hooks message head'),(2989,'Disabled only'),(794,'Disables all addons (core reset)'),(793,'Disables all addons except ones that are provided by X-Cart Team & Qualiteam (soft reset)'),(792,'Disables all addons except ones that are provided by X-Cart Team (hard reset)'),(1210,'Disables all modules except ones that were downloaded from marketplace (soft reset)'),(3335,'Discard'),(4690,'Discard changes'),(4645,'Disconnect'),(701,'Discount'),(702,'Discount amount'),(703,'Discount type'),(3737,'Discounted subtotal'),(3738,'Discounted subtotal + Shipping cost'),(2591,'Discounted subtotal range'),(3133,'Discounts'),(704,'Display \'inc/ex VAT\' labels next to prices'),(4769,'Display all templates'),(1208,'Display common settings'),(3611,'Display the \"Buy Now with PayPal\" button'),(705,'Display type'),(1937,'Displays the number of labels translated to the language'),(4847,'Dispute'),(4834,'Dispute closed by X'),(4844,'Dispute is open X by Y'),(4833,'Dispute opened by X'),(4852,'Disputes'),(706,'Do not close this page!'),(1756,'Do not replace selected files and ignore their newer versions'),(4022,'Do not safe drop'),(2157,'Do not see your payment method? Find it on our Marketplace'),(2813,'Do not see your payment method? Find it on our Marketplace\', {\'url\': url(\'addons_list_marketplace\', \'\', {\'tag\': \'Payment processing'),(2198,'Do not select anything if you want to make the product visible to all customers.'),(707,'Do not show at startup anymore'),(4505,'Do not show the filter'),(3924,'Do not use card setup'),(1529,'Do not verify images to increase speed of the process'),(4441,'Do you need to ship your products?'),(2632,'Do you really want to close storefront?'),(4815,'Do you really want to delete all relations from this product?'),(708,'Do you really want to delete selected items?'),(3080,'DocBlocks support'),(3998,'Document'),(3981,'Documents'),(2689,'Does not match license type (requires {{list}} edition)'),(3632,'Don\'t have account yet?'),(4628,'Don\'t have account yet? Sign up for SagePay now!'),(4654,'Don\'t have an account?'),(3721,'Don\'t label'),(4423,'Done! We ve just deleted all your demo products'),(709,'Dont have account yet?'),(3408,'Dont have an account? Sign Up Now'),(2052,'Don’t forget to create a backup!'),(2226,'Don’t notify customer'),(1729,'Double quote'),(3290,'Download'),(2002,'Download CSV files'),(710,'Download SQL file'),(1641,'Download all files'),(2739,'Download error file'),(3486,'Download link did not found'),(3484,'Download link is blocked'),(3487,'Download link is not active'),(3488,'Download link is renew'),(3485,'Download links is blocked'),(3489,'Download links is renew'),(711,'Downloaded components'),(712,'Downloading updates'),(713,'Downloading updates, please wait...'),(3477,'Downloads left'),(714,'Drag and drop me to the bag'),(4733,'Drag-n-drop blocks'),(1528,'Drop existing items before import'),(715,'Drop items here to shop'),(716,'Drupal frontend'),(338,'Duplicated clean URL: X'),(287,'During the import was recorded X errors. You can get them by downloading the log files.'),(2895,'Dynamic message'),(4688,'Dynamic message editor'),(4336,'E-Commerce features setup'),(1827,'E-Mail'),(3598,'E-Mail address to receive PayPal payment'),(3491,'E-goods'),(717,'E-mail'),(718,'E-mail is not defined yet'),(2918,'E-mail will also be updated in all the related orders.'),(3649,'EACHRECEIVER'),(3696,'ELV/SEPA'),(2656,'ETSY'),(3816,'Easy payment options - Ship Now Pay Later with a Pitney Bowes Line of Credit or use a credit card.'),(1662,'Edit'),(4113,'Edit Globally'),(4189,'Edit address'),(4817,'Edit all'),(1698,'Edit attribute'),(1619,'Edit attribute values'),(1561,'Edit attributes'),(4203,'Edit billing address'),(719,'Edit charges for:'),(2531,'Edit custom options'),(4190,'Edit email'),(170,'Edit label'),(171,'Edit labels'),(427,'Edit labels (X)'),(4775,'Edit notification body'),(721,'Edit page'),(720,'Edit payment method data'),(1657,'Edit product'),(722,'Edit profile'),(443,'Edit rates (X)'),(4534,'Edit review'),(4204,'Edit shipping address'),(432,'Edit states (X)'),(365,'Edit subcategories (X)'),(4726,'Edit template based on'),(4552,'Edit your review'),(4665,'Edited templates'),(328,'Editing attribute groups on this page won\'t affect other product classes which use these groups'),(3494,'Egoods free'),(3493,'Egoods paid'),(723,'Email'),(724,'Email &amp; password'),(3418,'Email Address'),(240,'Email address'),(2043,'Email again'),(725,'Email body'),(3261,'Email from the contact information section according to the type of email message'),(2342,'Email notifications'),(4378,'Email or login'),(726,'Email settings'),(3211,'Email transfer settings'),(2049,'Empty \"class\" parameter is passed to the {{method}}'),(166,'Enable'),(4064,'Enable \"Deliver to Post Office\" feature'),(727,'Enable HTTPS'),(2994,'Enable all'),(613,'Enable clean URL'),(666,'Enable clean URLs'),(4176,'Enable facebook product feed'),(4766,'Enable hidden block'),(3291,'Enable module'),(4813,'Enable mutual links'),(2992,'Enable selected'),(4164,'Enable the Use Enhanced Cancel option.'),(2472,'Enable the option \"Assign entered Clean URL to this page anyway\" to dissociate the entered Clean URL from the page it is currently used for and assign it to the page of the object being edited.'),(2907,'Enable this if you would like us to use your shipping address as your billing address'),(728,'Enabled'),(2345,'Enabled for administrator'),(2346,'Enabled for customer'),(1622,'Enabled in catalog'),(2990,'Enabled only'),(4729,'Enter Order number'),(4025,'Enter Return # or Order #'),(733,'Enter X more characters to start search'),(205,'Enter a correct email'),(2471,'Enter a different Clean URL value for this page'),(2873,'Enter a keyword to search.'),(4618,'Enter a name to be published with the review'),(210,'Enter a negative number'),(207,'Enter a number'),(209,'Enter a positive number'),(3338,'Enter alt text'),(206,'Enter an integer'),(3455,'Enter code'),(729,'Enter coupon code'),(370,'Enter date range'),(3580,'Enter description of the purchase that will be displayed on PayPal payment page.'),(4379,'Enter email address'),(4123,'Enter file extensions separated by comma; for example, \"jpg,txt,svg\"'),(2669,'Enter filter name'),(416,'Enter keyword'),(730,'Enter keywords'),(731,'Enter license key'),(1979,'Enter pattern here'),(4415,'Enter product name'),(2814,'Enter product name or SKU'),(1982,'Enter search pattern'),(732,'Enter shipping address'),(3579,'Enter the email address associated with your PayPal account.'),(1811,'Enter the shipping address to see delivery methods available to you'),(4343,'Enter your MailChimp API key manually'),(1841,'Enter your e-mail'),(40,'Enter your license key here'),(3102,'Enter your premium license key'),(4702,'Entity was successfully saved'),(734,'Environment'),(735,'Environment info'),(736,'Error'),(614,'Error code explanation:'),(3875,'Error had occured during the requesting of payment methods from X-Payments. See log files for details.'),(2870,'Error of banner loading. Make sure the \"images\" directory has write permissions.'),(2275,'Error of image loading. Make sure the \"images\" directory has write permissions.'),(2731,'Error of image verification ({{value}}). Make sure you have specified the correct image file or URL.'),(1892,'Error of uploading file.'),(4703,'Error on saving image'),(3292,'Error sending link'),(2737,'Errors'),(2981,'Errors files'),(3819,'Estimate delivery date'),(737,'Estimate shipping cost'),(738,'Estimate your server performance'),(739,'Estimated for'),(46,'Evaluation notice'),(2810,'Every object stores history with 8 clean urls which were previously used for this object.'),(740,'Everything you need'),(4436,'Ex.'),(1796,'Exact phrase'),(741,'Example'),(447,'Example city'),(742,'Examples'),(4464,'Excellent! Now you can get paid'),(743,'Exception'),(4217,'Exclude from shipping cost calculation'),(2569,'Existing Avalara Customer?'),(1813,'Existing Customer?'),(4696,'Exit editor'),(4683,'Exit product preview'),(2462,'Exp. date'),(744,'Expand the functionality of your store by installing and using add-on modules'),(1946,'Expanded view'),(3718,'Expected on'),(3725,'Expected on X'),(1821,'Expiration date'),(374,'Expired'),(3478,'Expired by TTL'),(3476,'Expired by limit'),(3479,'Expires in'),(745,'Export'),(2815,'Export all'),(1649,'Export cannot be started because it is disabled or there is another running export process'),(1643,'Export completed'),(4248,'Export duplicates as separate products'),(1647,'Export failed'),(1650,'Export in CSV'),(1648,'Export not started'),(4391,'Export of Not Finished orders is not supported. To export the orders which are now in this state, change their fulfillment status from Not Finished to any other.'),(4249,'Export only the original product'),(2636,'Export orders'),(2171,'Export product data with'),(746,'Export products'),(1637,'Export public files as'),(2816,'Export selected'),(1636,'Export settings'),(1642,'Exported files'),(359,'Exported in X'),(1644,'Exporting data...'),(3698,'Express Checkout process stopped.'),(747,'Extensions'),(389,'FEBRUARY'),(385,'FR'),(4206,'FREE'),(4208,'FREE SHIPPING'),(2537,'FREE quote'),(2645,'FREE trial'),(748,'Facebook'),(4167,'Facebook Ads & Instagram Ads'),(4172,'Facebook Pixel Id'),(4178,'Facebook product feed enabled'),(749,'Failed'),(750,'Failed to add detailed image'),(751,'Failed to add the attachment'),(752,'Failed to add the attachment. The file download is forbidden'),(2277,'Failed to load the banner {{value}} because it does not exist'),(2276,'Failed to load the file {{value}} because it does not exist'),(3521,'Failed to re-upload attachment'),(1904,'Failed to update category image'),(3753,'Failed to update page image'),(1925,'Failed write to file'),(361,'Failed write to file X. There may not be enough disc-space. Please check if there is enough disc-space.'),(753,'Failed/Declined'),(2710,'Failed[S]'),(1750,'Failure'),(1817,'Failure reason:'),(4728,'Failure sending test email to X'),(4720,'Failure to convert flexy-template. Check for syntax errors'),(4065,'Failure to finish registration process.'),(4066,'Failure to get token ID.'),(1607,'Failure: File has the wrong format.'),(4184,'Fast Lane checkout'),(3750,'Favicon'),(1684,'Fax'),(3514,'Featured'),(754,'Featured products'),(2657,'FedEx'),(3515,'FedEx module allows to use online shipping rates calculation via FedEx.'),(4243,'Feed generation & settings'),(4246,'Feed generation has been completed successfully.'),(4247,'Feed generation has been stopped.'),(4242,'Feed generation...'),(3699,'Fees payer'),(755,'Field is required!'),(4142,'File Attaching is mandatory for this product'),(4138,'File attachments are not allowed for this product'),(2760,'File can not be uploaded'),(3523,'File description'),(3501,'File is available by public URL'),(2445,'File is not an image'),(2446,'File is not uploaded'),(4772,'File name is too long, it should be less than 255 characters'),(1884,'File not found'),(3056,'File permissions'),(307,'File size exceeds the maximum size'),(756,'File title'),(3293,'File uploading'),(3195,'File uploading error 1'),(3196,'File uploading error 2'),(3197,'File uploading error 3'),(3198,'File uploading error 4'),(3199,'File uploading error 6'),(3200,'File uploading error 7'),(3201,'File uploading error 8'),(3046,'File uploads'),(4139,'File uploads forbidden by web server'),(2817,'File was successfully uploaded'),(4281,'File with certificate should be located in the directory {{certsDir}}'),(2623,'Files cannot be updated'),(4648,'Fill out the form with your Company info to setup your account and start processing payments immedately'),(4297,'Filter by order amount'),(4295,'Filter by order frequency'),(4299,'Filter by profile membership'),(4300,'Filter by specific products'),(2673,'Filter has been removed'),(2672,'Filter has been successfully saved'),(2506,'Filter transactions by status'),(1980,'Find countries'),(2158,'Find in Marketplace'),(1299,'Find language in marketplace'),(1981,'Find states'),(2504,'Find transactions by ID'),(757,'Find us on'),(758,'Find us on Facebook'),(3294,'Finish'),(2565,'Finished operating as user'),(759,'First name'),(4327,'First name or last name are empty. Please add a new address to your address book or modify existing and fill in those fields in order to subscribe to this list.'),(4617,'First name, Last name or E-mail'),(2921,'First, restore your website from the created backup - this is the fastest way to get your store back online.'),(4186,'Firstname'),(760,'Flat markup'),(2609,'Flat shipping charge per item ordered.'),(2611,'Flat shipping charge per weight unit ordered (for example, per pound or per kilogram - depending on the weight units used by your store).'),(2608,'Flat shipping charge. This value will be added to the shipping rate regardless of the weight, price and number of items ordered.'),(4715,'Flexy templates have been removed'),(4707,'Flexy to twig converter'),(4708,'Flexy-template'),(4722,'Flexy-to-twig converter warning'),(761,'Footer menu'),(2046,'For any emergency you can use the hard, soft and restore-state links'),(1705,'For details refer to'),(29,'For details refer to X-Cart license'),(762,'For the period'),(2128,'Force customer to choose product options before the product can be added to cart'),(1794,'Forgot password'),(763,'Forgot password?'),(1559,'Forgot your password?'),(764,'Format'),(2326,'Four-digit number on the front side of your card'),(65,'Free'),(3227,'Free & paid'),(765,'Free add-ons'),(2188,'Free license is activated successfully'),(2193,'Free license key for this email is already registered'),(4207,'Free shipping'),(4210,'Free shipping tooltip text'),(4222,'Free shipping update import text'),(4221,'Free shipping update text'),(4216,'Freight'),(4174,'Frequency of Product Feed renewal'),(4224,'Froala Editor settings'),(766,'From'),(108,'From computer'),(774,'From email'),(1844,'Front page'),(2793,'Front page title'),(3419,'Full Name'),(775,'Full description'),(776,'Full name'),(3693,'Funding methods (checkout page)'),(2035,'G'),(3066,'GDlib extension'),(777,'General'),(778,'General Settings'),(779,'General info'),(2797,'General options'),(780,'General settings'),(3739,'General tax rates'),(4241,'Generate Google Feed'),(4256,'Generate Google Product feed'),(4170,'Generate Product Feed'),(3839,'Generate XML-Sitemap'),(4497,'Generate cache on the fly'),(4234,'Generate feed'),(4181,'Generate product feed'),(2388,'Generate resized images'),(2389,'Generate resized images help text'),(3838,'Generate sitemap'),(4440,'Geo settings & company info are all set. Congrats!'),(4230,'Geolocation header promo'),(1614,'Get CSV'),(3829,'Get X off for order amount over Y'),(2759,'Get a more customizeable PDF invoice solution for your store'),(2756,'Get a more powerful banner system for your store'),(2752,'Get information[TT]'),(4511,'Get params'),(2581,'Get shipping rates from major shipping carrier companies.'),(3817,'Get started Now! Click here to create your PITNEY BOWES Postage Account'),(3820,'Girth'),(781,'Give buyers a way to pay by adding an alternative payment method.'),(782,'Give buyers another way to pay by adding an alternative payment method'),(1901,'Global'),(2172,'Global & Classes attributes'),(4262,'Global Hidden field'),(4261,'Global Plain field'),(4263,'Global Textarea'),(4264,'Global Yes/No'),(1900,'Global attributes'),(3483,'Global eGood settings'),(4114,'Global product tabs'),(4119,'Global tab label'),(4118,'Global tab not found'),(4465,'Go on, make your first sale.'),(783,'Go to Marketplace'),(784,'Go to checkout'),(48,'Go to checkout as a New customer'),(4083,'Go to comparison table'),(4737,'Go to different page to edit the content'),(1286,'Go to home page'),(3899,'Go to payment details page'),(4603,'Go to see the review [in the Admin area]'),(4429,'Good job! You company logo is added'),(3343,'Good password'),(3533,'Google Analytics'),(4233,'Google Feed URL: X'),(4240,'Google Feed has not been generated yet'),(4244,'Google Shopping Group'),(4257,'Google feed'),(4251,'Google product feed'),(4239,'Google shopping group'),(63,'Grand total'),(2889,'Greeting'),(195,'Greetings, X'),(785,'Grid'),(786,'Group options'),(2290,'Group {{value}} does not exists and will be created'),(4335,'Groups'),(4157,'HPP Key'),(788,'HTML title (\'title\' tag)'),(3072,'HTTPS bouncers'),(789,'HTTPS check'),(1916,'HTTPS option has been disabled'),(1915,'HTTPS option has been successfully enabled'),(790,'HTTPS settings'),(2576,'Handling fee'),(1781,'Hard reset (disables all modules and runs application)'),(2924,'Hard reset. Disable all addons except those provided by X-Cart Team'),(4510,'Hash'),(2478,'Hash file for installed entry \"{{entry}}\" doesn\'t exist or is not readable'),(795,'Have a discount coupon?'),(3426,'Have more coupons?'),(2643,'Haven\'t found what you\'re looking for? View more shipping modules'),(2890,'Header'),(2888,'Header, greeting & signature'),(2072,'Height'),(796,'Height (px)'),(251,'Hello, user'),(125,'Help'),(797,'Help zone'),(798,'Here are shown only the methods enabled on the configuration page'),(787,'Here is a new link for access to your information: X'),(4430,'Here is the way it looks like on desktop & mobile devices. Do you like it?'),(799,'Here you can define how your payment methods will look in customer area'),(1564,'Here you can define how your payment methods will look in customer area.'),(4447,'Here you can manually define your shipping rates and etc.'),(2603,'Here you can provide general information about the shipping method and configure a table defining how shipping rates for this method should be calculated.'),(4334,'Here you can view and manage the MailChimp news lists and groups of the user.'),(4828,'Hidden X messages'),(1940,'Hidden attributes'),(1941,'Hidden field'),(4501,'Hidden from products filter'),(800,'Hide'),(4653,'Hide \"How to use\" instruction'),(2736,'Hide all warnings/errors'),(2818,'Hide and make them available only via a direct link'),(1207,'Hide common settings'),(4770,'Hide converted templates'),(4829,'Hide message history'),(3803,'Hide the carrier shipping charge on the label'),(3802,'Hide total carrier charge'),(801,'Hide trailing zeros in fractional part'),(4851,'Hide vendor’s products in the order'),(4085,'High - Low'),(4734,'Highlight labels'),(802,'History'),(3498,'History of downloads'),(803,'Home'),(4755,'Home page'),(2805,'Home page title and meta'),(3295,'Hot addons'),(2547,'How do I move X-Cart?'),(4567,'How do you rate this item?'),(804,'How to'),(805,'How to back up your store database'),(2604,'How to define shipping rates'),(806,'How to define shipping zones'),(3088,'How to set up free shipping help'),(2475,'Human readable and SEO friendly web address for the page.'),(201,'I accept Terms and Conditions'),(807,'I agree that these addons may require an adaptation.'),(3616,'I agree with PayPal terms & conditions'),(2315,'I confirm that I have created backups of my store\'s files and database before upgrading the store'),(3101,'I have a license key'),(4444,'I sell digital goods or services and do not need to set up shipping'),(2133,'I understand that the following disabled modules will be removed.'),(3869,'I want to use this credit card for my future orders in this shop.'),(4420,'I\'ll do it later'),(4348,'ID'),(4522,'IMPORTANT:'),(2023,'IN'),(3596,'IPN HTTP error'),(3595,'IPN verification failed'),(808,'Icons'),(809,'Identity'),(3223,'If a category has subcategories, the value in brackets shows the overall number of products in both that category and all its subcategories.'),(3268,'If the category is disabled, the system will return 404.'),(3266,'If the product is not available for sale, the system will return 404 response.'),(3267,'If the product is not available for sale, the system will return 404.'),(810,'If there are some critical errors occurred you can do the following'),(811,'If you choose the second option, you can download the file from the server later on and delete it from the server by clicking on the \'Delete SQL file\' button.'),(1572,'If you choose to create SQL file, you will be able to download the file from the server later and after that delete it from the server by clicking on the \"Delete SQL file\" button.'),(1285,'If you continue having trouble finding what you are looking for please contact our customer service department.'),(812,'If you do not have an account, you can easily'),(3356,'If you do not have seller account, you can register here: USA UK Germany'),(813,'If you don\'t have a moneybookers account yet, please sign up for a free moneybookers account at: http://www.skrill.com'),(814,'If you have a license key for a commercial module, you can enter it here to register the purchase of the appropriate module.'),(815,'If you have a plugin in the .tar format, you can install it by uploading it here'),(1585,'If you have multiple products sharing the same set of attributes, it makes sence to make them to be of the same product type and create the attributes on the product type level.'),(2534,'If you purchased a template but do not see it here, activate the license key that was provided to you.'),(2925,'If you still need help, please, feel free to contact X-Cart Help Desk at helpdesk@x-cart.com.'),(316,'If you store product images in the database, they are included in the SQL dump file'),(3465,'If you want the coupon discount to be applied only to products from specific categories, specify these categories here.'),(4010,'If you want to enable merchant registration wizard once again, please click on the following link'),(1570,'If you want to upload the backup of another X-Cart installation, ensure that you have completed the steps described here'),(2051,'If your store is crashed after upgrade, you can recover it'),(2819,'Ignore membership'),(816,'Image'),(213,'Image X'),(817,'Image border will not be displayed in customer\'s frontend'),(818,'Image has been identified as a duplicate and has not been imported'),(3122,'Image quality after resize'),(2165,'Image resized: X out of Y'),(2169,'Image resized: X out of Y with errors'),(3144,'Image resizing requires libraries'),(139,'Images'),(2386,'Images resized'),(2402,'Images resized: {{count}}'),(3691,'Immediate'),(3387,'Immediate Charge'),(819,'Import'),(820,'Import / Export'),(3230,'Import and Export'),(1539,'Import by CSV'),(3574,'Import from CSV file'),(821,'Import from file'),(2170,'Import has been cancelled.'),(2449,'Import language'),(1983,'Import language from CSV file'),(283,'Import mechanism does not know the field of X and it can not be imported'),(1997,'Import mode'),(2000,'Import mode comment'),(3849,'Import payment methods'),(2820,'Import results'),(1531,'Import settings'),(822,'Import/Export'),(2410,'Import/Export guide'),(823,'Important'),(4220,'Important info on the Free shipping addon update'),(3886,'Important!'),(2380,'Imported'),(2381,'Importing data...'),(280,'Importing will overwrite the existing product information. This operation cannot be undone.'),(2303,'In advanced mode you can choose specific modules for upgrade.'),(3722,'In catalog only'),(824,'In category'),(1565,'In order to accept credit cards payments you should install the necessary payment module from our Marketplace.'),(2706,'In progress[S]'),(825,'In stock'),(4496,'In stock only'),(3983,'In store currency (0 - do not use coverage)'),(4643,'In the form that opens, paste the \"Webhook URL\" value into the field \"URL to be called\" and click \"Add endpoint\".'),(4642,'In the section \"Endpoints receiving events from your account\", click \"+ Add endpoint\".'),(2477,'In this section you can review the recent payment transactions that have taken place at your store'),(826,'Inactive'),(2688,'Inactive license key ({{key}})'),(827,'Incl. X'),(4182,'Include out of stock products into feed'),(3728,'Include response in hash'),(273,'Including X'),(1600,'Including subcategories'),(1738,'Incomplete'),(828,'Incompleted'),(2768,'Incorrect amount'),(304,'Incorrect owner of X directory'),(306,'Incorrect owner of X file'),(2513,'Incorrect password. Please try again.'),(2767,'Incorrect permissions'),(3740,'Individual settings for every rate'),(2821,'Info'),(4632,'Information'),(2194,'Information about free license key has been sent'),(2707,'Initialized[S]'),(2822,'Initializing...'),(4736,'Inline editor'),(4685,'Inline editor is unavailable due to TinyMCE'),(829,'InnoDB engine support enabled'),(2144,'Input data'),(3352,'Insight: Boost your sales with Google Ads addon'),(830,'Install'),(4747,'Install Google Tag Manager'),(4342,'Install Mailchimp addon'),(3184,'Install TaxJar integration'),(831,'Install add-on'),(1985,'Install addons'),(2866,'Install anyway'),(832,'Install updates'),(2451,'Installation date'),(833,'Installation directory'),(3296,'Installation requirements'),(3030,'Installation script'),(2554,'Installation warnings'),(834,'Installed'),(3226,'Installed Addons'),(835,'Installed Modules'),(836,'Installed modules'),(1675,'Installed version'),(3190,'Installing addons'),(837,'Installing updates, please wait...'),(3799,'Insurance value'),(2641,'Integration with'),(2972,'Integrity check'),(2983,'Integrity check has been completed successfully.'),(2984,'Integrity check has been stopped.'),(2982,'Integrity has not yet been checked. Initiate an integrity check by clicking the button \"Refresh integrity status\".'),(4474,'International: phone'),(838,'Invalid login or password'),(839,'Invalid login or password. You can use forgot password form to create a new password.'),(3952,'Inventory'),(1917,'Inventory has been successfully updated'),(840,'Inventory status'),(841,'Inventory tracking'),(3567,'Inventory tracking for product X will not be imported'),(842,'Inventory tracking for this product is'),(2823,'Inventory tracking is'),(2197,'Inventory tracking options'),(843,'Invoice'),(1853,'Invoice #{{orderId}}, {{time}}'),(229,'Invoice X'),(2077,'Invoice number prefix'),(3508,'Ip'),(3796,'Irregular parcel girth'),(1822,'Issue no'),(844,'It is impossible to delete or create user accounts because your store currently works as an integration with Drupal and shares users with Drupal. Deleting/creating user accounts is possible via Drupal administrator interface.'),(845,'It is impossible to edit some user profile fields because your store currently works as an integration with Drupal and shares users with Drupal. Modifying these fields is possible via Drupal administrator interface.'),(1519,'It\'s impossible to detect valid SSL certificate availability on your server because curl extension is not installed.'),(3405,'It\'s recommended to limit the length of invoice prefix to 9 characters'),(1947,'Item'),(846,'Item description'),(847,'Item has been deleted from cart'),(1863,'Item has not been deleted from cart'),(2876,'Item list'),(848,'Item name'),(2246,'Item not found ({{keys}})'),(235,'Items'),(183,'Items in your cart: X'),(849,'Items per page'),(2593,'Items range'),(388,'JANUARY'),(394,'JULY'),(393,'JUNE'),(4094,'Joe'),(850,'Join forces with your bank'),(501,'Joined'),(2966,'Just enter email address'),(851,'K'),(2034,'KG'),(3894,'KOUNT Antifraud screening result'),(1494,'Key is validated, but the module X was not found'),(126,'Knowledge Base'),(4470,'Knowledge base'),(2032,'LB'),(1938,'Label'),(3800,'Label format'),(156,'Label name'),(3801,'Label size'),(1930,'Labels'),(4689,'Labels editor'),(852,'Language'),(853,'Language labels'),(163,'Language name in X'),(120,'Language options'),(1603,'Language:'),(124,'Languages'),(1762,'Last 24 hours'),(1763,'Last 7 days'),(185,'Last added items'),(3085,'Last element of category path should be same as name'),(3351,'Last exported'),(854,'Last logged in'),(855,'Last login'),(1764,'Last month'),(856,'Last name'),(2325,'Last three numbers on the back side of your card'),(2915,'Last time re-deployed at'),(2481,'Last week'),(2483,'Last year'),(4187,'Lastname'),(4463,'Launch (Paypal Onboarding)'),(3614,'Launch PayPal'),(2234,'Layout'),(4735,'Layout block'),(4687,'Layout editor'),(4699,'Layout editor allows you to change the position of the blocks in drag-n-drop fashion'),(4691,'Layout editor is'),(4698,'Layout editor is disabled'),(4697,'Layout editor is enabled'),(2538,'Layout has been changed. Review the updated storefront.'),(2530,'Layout type'),(4748,'Layout was successfully reset'),(2334,'Learn More'),(4744,'Learn more about Google Tag Manager'),(104,'Learn more about the top banner and how it shows in the page layout'),(4021,'Leave at door'),(2527,'Leave blank to use category name as Page Title.'),(4371,'Leave blank to use news title as Page Title.'),(3768,'Leave blank to use page name as Page Title.'),(2515,'Leave blank to use product name as Page Title.'),(3337,'Left in stock: {{quantity}}'),(2070,'Length'),(1589,'Length x Width x Height'),(1799,'Less search options'),(3181,'Let TaxJar automate your sales tax calculations, reporting, and filings in minutes.'),(4788,'Letter center'),(4405,'Let’s setup your store'),(30,'License activation is not available'),(1500,'License is not received'),(2461,'License key'),(2457,'License key has been successfully verified and activated for \"{{name}}\" module by \"{{author}}\" author.'),(857,'License key has been successfully verified for \"{{name}}\" module by \"{{author}}\" author'),(2691,'License key is missing'),(3105,'License key registration'),(2687,'License warning'),(3297,'License warnings'),(2450,'License: trial version'),(858,'Lifetime'),(3442,'Limit number of uses'),(859,'Limit the number of uses'),(2162,'Lines checked: X out of Y'),(2163,'Lines imported: X out of Y'),(2167,'Lines imported: X out of Y with errors'),(2166,'Lines verified: X out of Y with errors'),(860,'Link'),(861,'List'),(862,'List of states'),(4307,'List rating'),(2012,'Live'),(2101,'Live mode'),(2874,'Loading more results...'),(1895,'Loading the database from file .'),(863,'Loading...'),(864,'Localization'),(4231,'Location is invalid'),(4228,'Location was successfully set'),(2109,'Locked'),(4067,'Log all communications between shopping cart and Canada Post server'),(2441,'Log files not found'),(865,'Log in'),(2758,'Log in as this admin'),(263,'Log off'),(866,'Log out'),(867,'Logged as'),(3760,'Logged in users only'),(262,'Logged in!'),(868,'Login'),(1814,'Login Here'),(2444,'Login dates'),(869,'Login here'),(870,'Login history'),(2824,'Login is locked out'),(2967,'Login to your account'),(1950,'Login/E-mail'),(3749,'Logo'),(3762,'Logo & Favicon'),(3024,'Logout this user'),(871,'Look & Feel'),(1709,'Loopback test'),(4086,'Low - High'),(343,'Low inventory products'),(872,'Low limit notification for this product is'),(873,'Low limit quantity'),(874,'Low stock'),(2482,'Low stock info'),(3965,'Low stock notification to admin'),(3964,'Low stock warning on product page'),(875,'M'),(390,'MARCH'),(3660,'MATCH_CRITERIA_DISABLED'),(3657,'MATCH_CRITERIA_HELP'),(3658,'MATCH_CRITERIA_NAME'),(3659,'MATCH_CRITERIA_NONE'),(392,'MAY'),(3726,'MD5 hash value'),(2020,'MM'),(381,'MO'),(2321,'MONTH'),(4282,'MailChimp'),(4283,'MailChimp Integration with E-commerce support'),(4288,'MailChimp Lists'),(4286,'MailChimp is an email marketing service with powerful tools to manage your email campaigns and subscribers while gathering advanced analytics information on your campaign performance.'),(4331,'MailChimp list group names'),(4330,'MailChimp list groups'),(4289,'MailChimp list segments'),(4349,'MailChimp lists'),(4326,'MailChimp lists update'),(4290,'MailChimp segment settings'),(4350,'MailChimp settings'),(4000,'Mailing tube'),(144,'Main categories'),(876,'Maintenance'),(877,'Maintenance and operation'),(2879,'Major improvements and new features'),(2878,'Major upgrade'),(2523,'Make a discount available to all customers or only to specific membership levels;'),(878,'Make back-up of your store database'),(4818,'Make mutual relations'),(3205,'Make sure the URL is correct and the file referenced by the URL is a PNG/JPG/JPEG'),(1893,'Making backup of the current database state ... '),(886,'Manage admins'),(1890,'Manage attribute groups'),(879,'Manage catalog'),(880,'Manage categories'),(366,'Manage category (X)'),(881,'Manage customer and administrator accounts'),(4112,'Manage global tabs'),(1700,'Manage groups'),(882,'Manage layout'),(3210,'Manage logo dimensions'),(883,'Manage orders'),(884,'Manage orders placed at your store'),(1584,'Manage product classes'),(4351,'Manage segments'),(885,'Manage users'),(4457,'Manage your payment options'),(887,'Manage your product inventory'),(2825,'Manage zones'),(888,'Mandatory fields are marked with an asterisk'),(3992,'Manifest ID'),(3991,'Manifests'),(4508,'Manual'),(3570,'Manually'),(889,'Manually defined shipping methods'),(4858,'Mark all'),(4859,'Mark selected'),(890,'Mark, the search engines you want to inform of the structure of your site using the site map'),(891,'Market price'),(2826,'Marketing'),(892,'Marketplace'),(893,'Marketplace [check_addon_key]: the \"{{url}}\" URL requested'),(894,'Marketplace [check_for_updates]: the \"{{url}}\" URL requested'),(895,'Marketplace [check_for_updates]: valid response received'),(896,'Marketplace [get_hosting_score]: response has an invalid format'),(897,'Marketplace [get_hosting_score]: the \"{{url}}\" URL requested'),(2309,'Marketplace-Vendor'),(898,'Markup per item'),(899,'Markup per weight unit'),(1795,'Max'),(4127,'Max allowed file size is X'),(4068,'Maximum Post Offices that will be displayed'),(2882,'Maximum items in box'),(1590,'Maximum number of items per box'),(3443,'Maximum number of uses'),(3438,'Maximum order subtotal must be greater than minimum order subtotal'),(3450,'Maximum order subtotal the coupon can be applied to'),(301,'Maximum size of the file to upload is N'),(1891,'Measuring productivity in manual mode failed.'),(4308,'Members count'),(900,'Membership'),(901,'Membership access'),(902,'Membership levels'),(903,'Membership name'),(904,'Memberships'),(3043,'Memory limit'),(2107,'Menu'),(3752,'Menu links help text'),(905,'Menus'),(3585,'Merchant login'),(4008,'Merchant registration wizard'),(228,'Merge with Registered'),(906,'Message'),(3416,'Message has been sent'),(4822,'Message not found'),(4821,'Messages'),(106,'Meta desc'),(907,'Meta description'),(908,'Meta keywords'),(105,'Meta tags'),(2434,'Method name'),(909,'Methods'),(3437,'Minimum order subtotal must be less than maximum order subtotal'),(3449,'Minimum order subtotal the coupon can be applied to'),(2827,'Minimum value is X'),(2880,'Minor improvements'),(2877,'Minor update'),(2979,'Modified files'),(1587,'Modifiers'),(910,'Modify'),(911,'Modify \"{{name}}\" option group'),(912,'Modify category'),(913,'Modify option groups exceptions'),(914,'Modify root category (the front shop page)'),(2409,'Module Marketplace. Terms of use'),(152,'Module available editions 3'),(153,'Module available editions 4'),(915,'Module has been successfully installed'),(3298,'Module name'),(1886,'Module packing is available in the DEVELOPER mode only. Check etc/config.php file'),(2419,'Module page'),(4449,'Module settings (shipping_rates)'),(1514,'Module with ID X is not found'),(1680,'Module\'s page'),(2828,'Modules'),(1505,'Modules have been successfully installed'),(1918,'Modules license agreements'),(3299,'Monday'),(4840,'Monitoring of communication related to oder #X has been disabled'),(4839,'Monitoring of communication related to oder #X has been enabled'),(407,'Month'),(1834,'More'),(1987,'More actions for selected'),(917,'More add-ons'),(2631,'More attributes'),(918,'More details'),(2058,'More info is available in X-Cart\'s Knowledge Base article \'What to do if you cannot access your store...\''),(615,'More information about clean urls in X-Cart is available in '),(668,'More information on Clean URL problems on your system'),(4644,'More information on the setup of webhooks is available here: https://stripe.com/docs/webhooks#configuring-your-webhook-settings'),(4437,'More localisation settings'),(1800,'More search options'),(2665,'More shipping solutions'),(919,'Most Popular'),(920,'Most Rated'),(921,'Move'),(4034,'Move item'),(3962,'Move to'),(2028,'Mr.'),(2030,'Mrs.'),(2029,'Ms.'),(3396,'Multi-Factor Authentication failed'),(3397,'Multi-Factor Authentication not completed'),(3538,'Multiple top-level domains'),(4806,'Mutual link'),(4816,'Mutual link head help'),(4477,'My Shipping'),(922,'My account'),(3135,'My addons'),(4225,'My location'),(3139,'My profile'),(3148,'My purchases'),(4448,'My shipping'),(3064,'MySQL cache'),(923,'MySQL server'),(3060,'MySQL version'),(148,'N it.'),(118,'N items found'),(147,'N items total'),(398,'NOVEMBER'),(924,'Name'),(1935,'Name asc'),(1936,'Name desc'),(4479,'Name length must be less then {{length}}'),(928,'Name of account holder'),(925,'Name of address field'),(926,'Name of purchaser'),(1583,'Name, e.g. Apparel'),(1056,'Name-sort-option'),(164,'Native language name'),(3624,'Near \"Add to cart\" button'),(3625,'Near \"Checkout\" button'),(3177,'Need a customizable contact us form with location map? [Get it now!]'),(42,'Need a license key?'),(3119,'Need a way to set multicurrency prices? [Install the addon]'),(3120,'Need a way to set up product variants? [Install the addon]'),(3121,'Need a way to set wholesale prices? [Install the addon]'),(2536,'Need custom design? We can modify this template or create a completely unique design for you'),(4466,'Need help setting up your store?'),(1702,'Need license key?'),(1566,'Need more payment methods?'),(929,'Never'),(1633,'New Export'),(4106,'New Tab'),(2421,'New access codes were generated.'),(931,'New access key will also be sent to the Site administrator\'s email address'),(930,'New access link'),(2400,'New account'),(1558,'New address'),(932,'New address field'),(3713,'New arrivals'),(1699,'New attribute'),(2280,'New attribute group will be created'),(142,'New category'),(2719,'New customer note'),(933,'New discount coupon'),(1632,'New group'),(934,'New image'),(1525,'New import'),(935,'New item'),(133,'New membership'),(4857,'New message'),(4830,'New message for order'),(4849,'New messages'),(2136,'New module version available for core versions X'),(2485,'New modules'),(4360,'New news message'),(936,'New page'),(4035,'New parcel'),(937,'New product class'),(938,'New product has been added successfully'),(4594,'New product reviews'),(939,'New rate'),(940,'New role'),(1779,'New safe mode access key has been generated'),(3741,'New sale tax rate'),(2211,'New staff note'),(4105,'New tab'),(4514,'New tag'),(1324,'New tax class'),(2567,'New to Avalara?'),(47,'New to our store?'),(1760,'New user registered'),(1631,'New value'),(191,'New zone has been created successfully'),(3714,'New!'),(941,'Newest'),(942,'Newest first'),(4361,'News'),(4293,'News list subscriptions'),(4359,'News message'),(4358,'News messages'),(4369,'News page title'),(4370,'News title'),(4384,'Newsletters'),(943,'Next'),(4365,'Next news'),(3117,'Next order'),(944,'Next page'),(55,'Next product'),(4205,'Next step'),(99,'Next wizard'),(945,'No'),(1433,'No Curl extension for PHP error'),(1434,'No OpenSSL extension for PHP error'),(3559,'No PIN codes found.'),(1432,'No Phar extension for PHP error'),(2965,'No account yet?'),(2639,'No accounting system has been selected yet. Choose your accounting system below and configure it.'),(3903,'No active X-Payments payment methods, or saving credit cards is not activated.'),(1598,'No attributes'),(1701,'No attributes are defined for the product class yet.'),(1599,'No attributes assigned'),(2999,'No category assigned'),(1876,'No category defined'),(2185,'No class'),(4789,'No confirmation'),(946,'No countries found'),(2018,'No delimiter'),(4620,'No email'),(3978,'No events found'),(947,'No featured products defined for this category'),(3202,'No file was uploaded'),(4714,'No flexy-templates found.'),(1597,'No group'),(4352,'No groups defined'),(948,'No image'),(949,'No images uploaded'),(2425,'No items found'),(950,'No items found.'),(4051,'No items have been selected for return.'),(418,'No membership'),(951,'No merchant account required'),(522,'No merchant account required. Simple onboarding for you and easy checkout for your customers.'),(2426,'No model selected'),(1671,'No modules found'),(119,'No modules found for search_string'),(952,'No order have been placed yet'),(350,'No order on last day'),(353,'No order on last lifetime'),(352,'No order on last month'),(351,'No order on last week'),(354,'No orders'),(4724,'No orders available. Please create at least one order.'),(953,'No orders have been placed yet'),(123,'No other languages defined'),(1866,'No payment method selected'),(1867,'No payment methods found based on the selected criteria'),(954,'No payment modules installed'),(3562,'No pin codes are bought yet'),(1582,'No product class assigned'),(1673,'No products found'),(4486,'No products have been selected for comparison.'),(4493,'No products matching your criteria found. Please try again with different parameters.'),(955,'No products sold yet'),(1674,'No profiles found'),(2363,'No promotion modules installed'),(2548,'No region'),(2872,'No results found.'),(4581,'No reviews.'),(3171,'No roundup'),(4353,'No segments'),(956,'No states found'),(4305,'No subscription'),(1560,'No such user'),(957,'No tax rate defined'),(1194,'No tracking numbers are defined'),(1672,'No users found'),(3548,'No valid code found.'),(3804,'Non delivery option'),(958,'Non-administrator'),(3300,'Non-critical'),(4069,'Non-delivery instructions'),(253,'None'),(4392,'Not Finished orders were skipped during the export process. If you wish to export the orders which are now in this state, change their fulfillment status from Not Finished to any other.'),(3000,'Not assigned'),(3301,'Not available'),(1711,'Not detected'),(2047,'Not enough disk space. Required: {{req}} (+{{reserve}} reserve). Available: {{avail}}'),(4771,'Not enough permissions to update the template file'),(959,'Not finished'),(4387,'Not finished order'),(960,'Not numeric'),(4582,'Not rated yet'),(2637,'Not seeing your accounting software here? Let us know'),(1615,'Not selected'),(3963,'Not set'),(4013,'Not specified'),(961,'Note'),(3904,'Note: No payment methods here because the module is not configured. Please finalize settings at '),(2069,'Note: a new window will be opened'),(962,'Notes'),(2356,'Notification'),(2892,'Notification state'),(2733,'Notify administrator if the stock quantity of this product goes below a certain limit'),(963,'Notify administrator inactivity help'),(1746,'Now disabled'),(4455,'Now you can define how shipping rates should be calculated based on  delivery time, weight and other parameters.'),(1605,'Number of ignored rows:'),(397,'OCTOBER'),(4774,'OK'),(1691,'OR'),(2033,'OZ'),(2796,'Object name (category, product, etc)'),(2788,'Object name order first'),(2789,'Object name order last'),(3650,'Obtaining your live PayPal credentials'),(964,'Off'),(965,'Official website'),(4459,'Offline method'),(966,'Offline methods'),(3883,'Ok'),(3092,'Ok, Got it'),(2718,'Old customer note'),(967,'Old price'),(2210,'Old staff note'),(968,'On'),(969,'On all catalog pages'),(4790,'On call air'),(3723,'On catalog and product pages'),(2937,'On category and product details page'),(2936,'On category listing'),(4004,'On delivery'),(4003,'On exception'),(4572,'On moderation'),(970,'On product details only'),(3732,'On sale'),(4002,'On shipment'),(4478,'Onboarding Wizard'),(1314,'Once links are regenerated, they will be sent to store administrator email.'),(3858,'Once the connection is verified, you should proceed to the'),(4191,'One Page checkout'),(2238,'One column'),(3537,'One domain with multiple subdomains'),(4791,'One time pickup'),(971,'Online catalog structure setup'),(4460,'Online method'),(459,'Online methods'),(2155,'Online orders'),(2734,'Only X left in stock'),(4577,'Only customers who purchased this product can leave feedback on this product'),(136,'Only disabled'),(135,'Only enabled'),(1885,'Only enabled modules can be packed'),(2935,'Only orders awaiting processing'),(972,'Only small letter, digits and undescore sign are allowed'),(3331,'Oops, no products have been added to this category yet.'),(1957,'Open'),(973,'Open Graph meta tags'),(3916,'Open X-Payments dashboard to configure'),(4846,'Open a dispute'),(4835,'Open dispute'),(3764,'Open graph image'),(974,'Open graph tags'),(4738,'Open home or category pages for more opportunities to adjust the website structure'),(4309,'Open rate'),(975,'Open storefront'),(4641,'Open the page \"Webhooks\" in the \"Developers\" section of dashboard.stripe.com: https://dashboard.stripe.com/account/webhooks'),(4742,'Open the storefront while logged in as administrator to change the look & feel of the store.'),(3909,'Open your X-Payments dashboard'),(2561,'Operate as user'),(976,'Operating system'),(3357,'Operation mode'),(977,'Option group'),(3400,'Option values has been successfully updated.'),(2829,'Options'),(978,'Options have been successfully changed'),(2415,'Options:'),(3156,'Or add a video review powered by ShopperApproved'),(3862,'Or fill in the settings manually'),(3636,'Or register with'),(3635,'Or sign in the classic way'),(3639,'Or use your social account'),(979,'Order'),(980,'Order #'),(289,'Order #X, Y'),(1978,'Order #{{id}}'),(1988,'Order #{{id}} details'),(3506,'Order #{{value}} doesn\'t contain any e-goods'),(3572,'Order #{{value}} doesn\'t have any associated pin codes'),(981,'Order ID'),(2682,'Order QTY'),(982,'Order Total'),(323,'Order Total X'),(290,'Order X'),(3019,'Order X has been confirmed as delivered to the customer'),(1540,'Order by'),(1842,'Order can not be placed because not all required fields are completed. Please check the form and try again.'),(4196,'Order cannot be placed because some steps are not completed'),(2830,'Order cannot be placed because there is no shipping methods available.'),(2227,'Order changes cannot be saved due to negative total value'),(3179,'Order customer notes changed'),(2679,'Order date'),(983,'Order date from'),(984,'Order date through'),(3555,'Order deleted'),(985,'Order details'),(2452,'Order failed'),(3502,'Order fulfilment status changed from {{oldStatus}} to {{newStatus}} by file download'),(3180,'Order has been edited'),(1944,'Order history'),(986,'Order id'),(3597,'Order id prefix'),(3475,'Order is not processed'),(341,'Order is placed'),(2221,'Order item attributes are out-of-date and cannot be edited'),(2956,'Order item modifier not found'),(987,'Order items'),(2947,'Order modifier not found'),(1865,'Order not found'),(988,'Order note'),(4192,'Order note. Any special needs?'),(1807,'Order number'),(2831,'Order number or email'),(989,'Order page'),(1793,'Order payment'),(2141,'Order payment status changed from {{oldStatus}} to {{newStatus}}'),(3774,'Order prefix'),(990,'Order review'),(2142,'Order shipping status changed from {{oldStatus}} to {{newStatus}}'),(3178,'Order staff notes changed'),(991,'Order statistics'),(992,'Order status'),(2126,'Order status changed from {{oldStatus}} to {{newStatus}}'),(3935,'Order status mapping rules'),(4098,'Order statuses'),(1191,'Order tracking information'),(2960,'Order transaction status not found'),(2962,'Order transaction type not found'),(2222,'Order will be delivered to the billing address.'),(2778,'OrderBy position number must be specified as a non-negative integer.'),(368,'OrderID or email, ID1-ID2 for range'),(3365,'OrderId prefix'),(3492,'Ordered files'),(4031,'Ordered qty'),(993,'Orders'),(2933,'Orders awaiting processing'),(994,'Orders count'),(2685,'Orders has been deleted successfully'),(4100,'Orders have this status tooltip'),(4296,'Orders last month'),(2403,'Orders list'),(995,'Orders placed'),(4824,'Orders with any messages'),(4823,'Orders with unread messages'),(2662,'Origin address'),(3348,'Original name'),(250,'Other'),(186,'Other items'),(4756,'Other pages'),(131,'Our Blog'),(3422,'Our location'),(1832,'Out of Stock'),(996,'Out of stock'),(4001,'Oversized'),(3049,'PDO extension'),(1713,'PHP \'gd\' extension is not installed.'),(3035,'PHP version'),(3549,'PIN'),(3564,'PIN code'),(3565,'PIN codes'),(3563,'PIN codes data have been successfully updated'),(3551,'PIN codes enabled'),(3568,'PIN codes generation method'),(3990,'PO Number'),(1089,'PO number'),(2156,'POS orders'),(3651,'PRIMARYRECEIVER'),(4156,'PS Store ID'),(997,'Pack it'),(1686,'Package'),(2092,'Package dimensions (inches)'),(4070,'Package height (cm)'),(4071,'Package length (cm)'),(4072,'Package maximum weight (kg)'),(2087,'Package properties'),(2064,'Package subtotal'),(2065,'Package subtotal (X)'),(2062,'Package weight'),(2063,'Package weight (X)'),(4073,'Package width (cm)'),(2091,'Packaging'),(2678,'Packing date'),(2676,'Packing slip'),(998,'Page'),(999,'Page URL'),(1000,'Page name'),(1001,'Page not found'),(2806,'Page title format'),(1002,'Pages'),(1003,'Paid'),(3984,'Parcel'),(3993,'Parcel characteristics'),(3795,'Parcel dimensions'),(4024,'Parcel is cannot be transmitted - wrong quote type'),(4023,'Parcel is cannot be voided or transmitted - wrong quote type'),(3982,'Parcel options'),(3793,'Parcel type'),(3794,'Parcel weight'),(4040,'Parcels have been successfully updated'),(1004,'Parent category'),(2987,'Parent category name'),(2795,'Parent category path'),(377,'Partially refunded'),(3583,'Partner name'),(3302,'Passed'),(241,'Password'),(1005,'Password and its confirmation do not match'),(401,'Past'),(4676,'Path for using in custom CSS'),(1006,'Pattern search'),(3366,'Pay with Amazon'),(3867,'Pay with previously used credit card'),(3641,'PayPal'),(3603,'PayPal API'),(3626,'PayPal API (Merchant API) will work for most merchants; however, some merchants may have access only to Payflow API.'),(3671,'PayPal API Client ID'),(3672,'PayPal API Secret'),(3674,'PayPal BN Code'),(3652,'PayPal Credit'),(3615,'PayPal Credit is'),(3700,'PayPal Express Checkout'),(3670,'PayPal For Marketplaces account email'),(3578,'PayPal ID / Email'),(3666,'PayPal Merchant ID'),(3673,'PayPal Partner ID'),(3617,'PayPal account email'),(521,'PayPal all-in-one solutions'),(3587,'PayPal recommends entering a User Login here instead of your Merchant Login'),(3388,'PayWithAmazon available actions'),(3645,'PayerID value was not returned by PayPal. Please try again. If the problem persists, contact the administrator.'),(3604,'Payflow API'),(2913,'Payment'),(3372,'Payment capture error: {{error}}'),(1013,'Payment data ({{method}})'),(1007,'Payment gateways'),(3378,'Payment has been authorized successfully.'),(3629,'Payment has been captured successfully'),(3371,'Payment has been captured successfully.'),(3379,'Payment has been declined.'),(3627,'Payment has been refunded successfully'),(3375,'Payment has been refunded successfully.'),(3628,'Payment has been voided successfully'),(3701,'Payment has bes refunded successfully'),(3704,'Payment have been voided successfully'),(3373,'Payment have been voided successfully.'),(1008,'Payment info'),(3933,'Payment information'),(1009,'Payment instructions'),(2406,'Payment is not required'),(1010,'Payment method'),(1012,'Payment method data'),(3925,'Payment method for card setup'),(2552,'Payment method has been added'),(1889,'Payment method has been added successfully'),(335,'Payment method has been disabled successfully'),(334,'Payment method has been enabled successfully'),(336,'Payment method has been removed successfully'),(337,'Payment method has not been configured properly'),(2366,'Payment method is disabled'),(2365,'Payment method is enabled'),(2442,'Payment method settings'),(2553,'Payment method was not added'),(1011,'Payment methods'),(3923,'Payment methods have been imported successfully'),(3303,'Payment order status'),(3944,'Payment processed with errors. Please, try again or ask administrator'),(3389,'Payment refresh error: {{error}}'),(3377,'Payment refund error: {{error}}'),(4276,'Payment return page requested without expected parameters'),(1014,'Payment settings'),(2137,'Payment status'),(2946,'Payment status not found, \"Awaiting payment\" will be used for order'),(4102,'Payment status not found, new status will be created'),(4096,'Payment statuses'),(1015,'Payment transaction ID'),(325,'Payment transaction X issued'),(3380,'Payment transaction is in progress...'),(1016,'Payment transactions'),(3374,'Payment void error: {{error}}'),(324,'Payment was not finished'),(1017,'Payments'),(3688,'Payments with this payment method are not allowed because HTTPS is not configured'),(3643,'Paypal capture warning message'),(3702,'Paypal login (email)'),(1018,'Pending'),(257,'Pending membership'),(1019,'Pending memberships'),(2709,'Pending[S]'),(1020,'Per item markup'),(1021,'Per weight unit markup'),(1022,'Percent'),(3832,'Percent discount value cannot exceed 100%'),(1023,'Percent markup'),(1024,'Percent off'),(1025,'Perform order search'),(1026,'Performance'),(2926,'Performing task...'),(3436,'Period end date must be later than period start date'),(3435,'Period start date must be sooner than period end date'),(1027,'Permissions'),(1028,'Permissions checking failed'),(1029,'Personal info'),(1340,'Personal info: The new password must not coincide with the current password for your account.'),(3069,'Phar extension'),(1030,'Phone'),(1031,'Pick address from address book'),(4664,'Pick template from page element'),(4732,'Pick templates from page'),(3529,'Pin'),(3528,'Pin It'),(3821,'PitneyBowes'),(1032,'Place order'),(203,'Place order X'),(2205,'Placed by NAME'),(2204,'Placed by _NAME_'),(1690,'Placed on'),(2203,'Placed on DATE'),(321,'Placed on X by Y'),(322,'Placed on X by Y link'),(1939,'Plain field'),(1669,'Please'),(1033,'Please accept the Terms and Conditions to continue'),(4084,'Please add another product to comparison'),(2991,'Please be warned that proper operation of the site after an upgrade is not guaranteed if you choose to upgrade only some of the components listed below.'),(1034,'Please choose the appropriate action'),(1606,'Please confirm if you want proceed with the import otherwise cancel the operation.'),(1306,'Please contact the module developers to make sure that these modules are compatible with the upcoming upgrade'),(2145,'Please create a new password'),(1035,'Please enable JavaScript in your web browser.'),(2875,'Please enter 3 or more characters'),(3415,'Please enter the correct captcha'),(1734,'Please enter the correct file location or set correct file permissions.'),(4630,'Please enter your encryption password (This is different from your merchant password). More info on encryption passwords is available <here>'),(1036,'Please identify yourself'),(1550,'Please make sure that \"min weight\", \"min total\", \"min items\", \"shipping zone\", \"shipping method\" fields do not overlap with other shipping rates.'),(1612,'Please make sure your file format is as described.'),(4006,'Please note that rates are calculated for shipping from Canadian locations only.'),(1037,'Please note that some of these modules are definitely incompatible with the upcoming upgrade and will be disabled in order to prevent the system crash'),(2399,'Please note that the following modules will also be enabled'),(3813,'Please note: the USPS Web tools APIs print labels without postage.'),(3109,'Please register your license key now or purchase a premium license to skyrocket your business.'),(2460,'Please renew your access to upgrades to get new superior features from the latest releases.'),(4605,'Please review purchased product {{product}}'),(4607,'Please review purchased products'),(1038,'Please run the benchmark test in order to estimate your server performance'),(1039,'Please save the soft reset and hard reset links so that you can use them later in case the website crash happens'),(3224,'Please select'),(415,'Please select a date range'),(414,'Please select a date range between %d and %d days'),(413,'Please select a date range less than %d days'),(412,'Please select a date range longer than %d days'),(1040,'Please select one'),(420,'Please select one ...'),(421,'Please select option'),(1859,'Please select other attribute'),(4258,'Please select the attributes first'),(2329,'Please select the countries first'),(3304,'Please select the entities first'),(2684,'Please select the orders first'),(1845,'Please select the products first'),(4591,'Please select the reviews first'),(2192,'Please select the states first'),(4516,'Please select the tags first'),(4550,'Please sign in to add review'),(172,'Please specify a pattern to find the required labels'),(1496,'Please specify non-empty key'),(151,'Please specify text labels for each language'),(2832,'Please wait'),(248,'Please, clarify your search request or search in Marketplace'),(247,'Please, clarify your search request. Suggest your idea or contact us to get free quote for custom service'),(1430,'Please, contact administrator'),(1741,'Please, enter a valid IP address'),(1740,'Please, enter a valid e-mail address'),(1724,'Please, enter unique membership name'),(1651,'Please, make sure that the following modules are installed and enabled:'),(3556,'Please, type in the new PIN codes one per line.'),(3530,'Plus'),(1679,'Popularity'),(1041,'Pos'),(1042,'Pos.'),(1043,'Pos.:'),(1044,'Position'),(2181,'Possible import file names are:'),(2183,'Possible reasons of data not found in import file'),(2067,'Postal Code'),(2073,'Postal/ZIP Code'),(1047,'Pre upgrade disabled modules hooks message body'),(1050,'Pre upgrade disabled modules hooks message footer'),(1046,'Pre upgrade disabled modules hooks message head'),(2622,'Pre-upgrade hooks cannot be run'),(1049,'Pre-upgrade off'),(1048,'Pre-upgrade on'),(1045,'Prefix'),(2184,'Premium license modules warning'),(1051,'Prev'),(4723,'Preview full email'),(1579,'Preview product page'),(405,'Previous'),(4364,'Previous news'),(3116,'Previous order'),(1052,'Previous page'),(54,'Previous product'),(245,'Price'),(3953,'Price and membership'),(1933,'Price asc'),(1934,'Price desc'),(1053,'Price modifier'),(4495,'Price range'),(1055,'Price-sort-option'),(1054,'Price: Not a numeric'),(2833,'Prices & Inventory'),(3775,'Pricing currency'),(1057,'Primary menu'),(2013,'Print'),(2644,'Print Shipping labels'),(3806,'Print custom message 1'),(3808,'Print custom message 2'),(1058,'Print invoice'),(2677,'Print packing slip'),(2014,'Print selected'),(2130,'Priority'),(2082,'Private'),(3305,'Private and custom modules:'),(3306,'Private link'),(3307,'Proceed'),(1534,'Proceed import'),(2908,'Proceed to payment'),(204,'Proceed to payment X'),(4400,'Proceed to the next step'),(1059,'Processed'),(1060,'Processed/Completed'),(3015,'Processing categories...'),(2385,'Processing products...'),(4386,'Product'),(4173,'Product Feed URL'),(1787,'Product ID'),(1061,'Product Name'),(1062,'Product SKU'),(1063,'Product Title'),(1064,'Product added to bag'),(2175,'Product attributes values'),(2179,'Product attributes values (Hidden field) has been imported'),(2177,'Product attributes values (Plain text) has been imported'),(2178,'Product attributes values (Textarea) has been imported'),(2176,'Product attributes values (Yes/No) has been imported'),(2424,'Product attributes values has been imported'),(1065,'Product class'),(1909,'Product class have been updated successfully'),(1910,'Product class name is empty'),(2289,'Product class {{value}} does not exists and will be created'),(1066,'Product classes'),(4236,'Product count'),(4171,'Product feed'),(4168,'Product feed generation has been completed successfully'),(4169,'Product feed generation has been stopped'),(1067,'Product has been added to cart'),(1862,'Product has not been added to cart'),(1068,'Product images'),(1069,'Product info'),(1070,'Product info has been updated successfully'),(1071,'Product is out of stock'),(3961,'Product list'),(246,'Product name'),(3571,'Product not found'),(1072,'Product on sale'),(1073,'Product options'),(4800,'Product or product variant with SKU \"{{value}}\" not found'),(1074,'Product page title'),(1075,'Product prices are defined including this tax calculated for'),(3473,'Product removed'),(4531,'Product reviews'),(4109,'Product tabs'),(4515,'Product tags'),(2283,'Product with SKU \"{{value}}\" does not exists'),(4797,'Product with SKU \"{{value}}\" not found'),(2208,'Product with selected properties cannot be purchased'),(4543,'Product, SKU or customer info'),(1911,'Product-Specific'),(1912,'Product-Specific attributes'),(4259,'Product-specific'),(2282,'ProductSKU is empty'),(1076,'Products'),(4799,'Products and product variants updated'),(1543,'Products found'),(1922,'Products imported'),(1077,'Products in bag'),(3003,'Products in this class: {{X}}'),(2448,'Products information has been successfully deleted'),(1078,'Products information has been successfully updated'),(2384,'Products processed'),(2164,'Products processed: X out of Y'),(2168,'Products processed: X out of Y with errors'),(2401,'Products processed: {{count}}'),(3970,'Products return X'),(4532,'Products reviews'),(2726,'Products search'),(4795,'Products updated'),(1079,'Products with low inventory'),(3020,'Products with no assigned categories'),(1080,'Profile'),(3025,'Profile actions'),(3090,'Profile details'),(1081,'Profile has been created successfully'),(1082,'Profile has been deleted successfully'),(1975,'Profile has been modified successfully'),(1083,'Profile has been updated successfully'),(2148,'Profile is not defined'),(2427,'Profile is not selected'),(1084,'Profile settings'),(1085,'Promotions'),(4074,'Proof of age'),(1086,'Properties'),(4095,'Public'),(2432,'Public ID'),(2433,'Public id'),(3308,'Public installed modules:'),(3943,'Public key'),(4655,'Publishable key'),(4656,'Publishable key (test mode)'),(4549,'Published'),(1087,'Purchase'),(1088,'Purchase SSL certificate'),(3100,'Purchase a premium license key'),(2100,'Purchase description'),(2686,'Purchase license'),(37,'Purchase premium license'),(1677,'Purchased'),(3147,'Purchased addons'),(3733,'Put all for sale'),(3730,'Put up for sale'),(1090,'Put up selected for sale'),(1091,'Qty'),(1092,'Qty.'),(231,'Quantity'),(3542,'Quantity in stock'),(3560,'Quantity in stock is determined by the amount of the remaining PIN codes'),(3557,'Quantity in stock is determined by the amount of the remaining PIN codes.'),(1093,'Quantity: high to low'),(1094,'Quantity: low to high'),(408,'Quarter'),(1541,'Query'),(1095,'Queued'),(1096,'Quick and easy setup'),(3140,'Quick menu'),(2905,'Quick view'),(2562,'Quit'),(4075,'Quote type'),(4523,'REST API allows to get or change any information in your store (including profiles, orders, payment transactions, inner store configuration, products, categories and so on), so your API key must be as complex as possible and kept private.'),(2416,'RSS feed'),(1097,'Rate'),(4575,'Rate asc'),(4576,'Rate desc'),(4574,'Rate sort'),(1098,'Rates'),(1099,'Rates / Conditions'),(4541,'Rating'),(4557,'Rating of votes'),(4595,'Ratings and Reviews of X'),(4587,'Ratings only'),(1100,'Raw online rate (on-line rate)'),(1101,'Re-build cache'),(2702,'Re-check'),(2495,'Re-deploy the store'),(2496,'Re-deploy the store help text'),(1102,'Re-generate access key'),(1593,'Re-generate links'),(3848,'Re-import payment methods'),(1103,'Re-order'),(3497,'Re-upload file'),(2465,'Re-validate license keys'),(4819,'Read'),(4573,'Read all reviews about the product'),(4422,'Ready to delete demo products?'),(4848,'Reason'),(3309,'Rebuild view lists help text'),(2928,'Recalculate ViewLists'),(2929,'Recalculate ViewLists text'),(2224,'Recalculate this value automatically'),(2834,'Recalculate totals'),(2835,'Recent orders only'),(3225,'Recently installed addons'),(2443,'Recently installed modules'),(3715,'Recently viewed'),(4606,'Recently, you have made a purchase from our company:'),(1932,'Recommended'),(3668,'Reconnect to PayPal'),(4341,'Reconnect with your MailChimp account'),(242,'Recover password'),(3457,'Redeem'),(1104,'Redirect customers to HTTPS'),(3098,'Refer to X-Cart license agreement for further details.'),(3936,'Refer to on-line manual'),(1106,'Referer'),(3168,'Refresh consistency status'),(2977,'Refresh integrity status'),(3783,'Refresh list of available methods'),(3390,'Refresh status'),(4649,'Refresh token'),(2123,'Refund'),(3376,'Refund is in progress...'),(2751,'Refund multiple[TT]'),(2750,'Refund partially[TT]'),(375,'Refund requested'),(3391,'Refund status'),(3661,'Refund status:'),(3370,'Refund status: {{status}}'),(2749,'Refund[TT]'),(376,'Refunded'),(1849,'Refunded amount'),(2646,'Refunds'),(1107,'Register'),(3114,'Register license key'),(1773,'Register user'),(3637,'Register with'),(3634,'Register with PayPal or go to checkout as a New customer'),(3361,'Register your website as an application on the Login with Amazon App Console.'),(1108,'Registered'),(2152,'Registered (access level)'),(225,'Registered Customer'),(226,'Registered Customer, _Anonymous Customer with the same email_'),(2040,'Registered Customers'),(4585,'Registered users only'),(4578,'Registered users who purchased product'),(3653,'Registering your application with PayPal'),(4076,'Registration process has been canceled.'),(4077,'Registration process has been completed successfully.'),(2799,'Regular text for 404 page'),(4600,'Reject'),(4803,'Related products'),(4807,'Related products page'),(3511,'Related products you may be interested in'),(3406,'Relay Response URL note'),(3554,'Remaining PINs'),(3099,'Remind me on next sign-in'),(44,'Removal of this message is allowed only through activation of a free or premium license.'),(1109,'Remove'),(4498,'Remove cache when attribute, tag or product data is changed'),(2228,'Remove data'),(3310,'Remove expired sessions'),(3311,'Remove expired shopping carts'),(4713,'Remove flexy-templates'),(4252,'Remove from google product feed'),(3312,'Remove module'),(4500,'Remove product filter cache'),(4499,'Remove product filter cache tooltip'),(2699,'Remove unlicensed modules'),(3459,'Removed coupons'),(2980,'Removed files'),(2220,'Removed items'),(3313,'Removing expired datacache'),(1627,'Removing this attribute will affect all the products. Leave this blank to hide this option for the product.'),(1706,'Removing this message without buying a Full license is prohibited and will result in legal proceedings.'),(1209,'Rename label'),(4078,'Render detailed manifest'),(3509,'Renew'),(2464,'Renew your access to new features'),(1754,'Replace all modified files with the unmodified newer versions'),(3855,'Replace payment methods'),(3958,'Replace with'),(128,'Report a bug'),(2374,'Request for upgrade'),(3852,'Request payment methods'),(2097,'Request type must be POST'),(4638,'Requested amount: X; real amount: Y'),(4639,'Requested currency: X; real currency: Y'),(4637,'Requested transaction type: X; real transaction type: Y'),(1984,'Requested zone does not exists'),(1439,'Require to change password on next log in'),(1110,'Required'),(1725,'Required field'),(285,'Required field X is not defined or empty'),(3409,'Required for SHA512 hash protection.'),(1111,'Required php extensions is not loaded: X'),(2997,'Required state_id checkbox help text'),(1112,'Requires registered merchant account'),(2727,'Requires shipping'),(2690,'Requires {{list}} edition'),(1113,'Rerun benchmark'),(1114,'Resend secret link to renew the access'),(4492,'Reset filter'),(4754,'Reset layout'),(2016,'Residential'),(2387,'Resizing images...'),(2473,'Resolve the conflict'),(4614,'Response date is in wrong format'),(4154,'Response from ePDQ is not trusted (SHA checking is failed)'),(1115,'Response from marketplace is not received'),(1116,'Response from marketplace: '),(1495,'Response from marketplace: X'),(1117,'Restore'),(1118,'Restore database'),(1119,'Restore from server'),(1120,'Restore last backup'),(1121,'Restore links'),(4661,'Restore this version'),(791,'Restores to current state of active addons (use in case of emergency)'),(1898,'Restoring database from the backup .'),(2470,'Result'),(1742,'Result pages'),(3891,'Result payment status'),(4049,'Return'),(4036,'Return #'),(4026,'Return products'),(4032,'Return qty'),(3972,'Return quantity'),(1122,'Return to Drupal'),(1899,'Return to admin interface'),(4188,'Return to cart'),(4232,'Return to default database'),(3989,'Return tracking pin'),(1535,'Reupload files'),(1123,'Revenue'),(4765,'Revert to default'),(4229,'Revert to default database'),(4589,'Review'),(2725,'Review & Submit order'),(4536,'Review has been created'),(4537,'Review has been deleted'),(4538,'Review has not been created since product is not found'),(4539,'Review has not been updated since product is not found'),(4660,'Review it.'),(3208,'Review modules'),(1124,'Review statistics on various aspects of your store\'s operation'),(4540,'Reviewer'),(4621,'Reviewer name'),(4564,'Reviews'),(4593,'Reviews about product'),(4586,'Reviews and ratings'),(4530,'Reviews for product'),(4542,'Reviews imported'),(4588,'Reviews only'),(4565,'Reviews: X'),(1125,'Role'),(1126,'Roles'),(2773,'Roles cannot be changed for your profile via import'),(1127,'Root Level'),(1128,'Root access'),(1692,'Root categories'),(1129,'Root category'),(2160,'Root category listings format'),(254,'Root level'),(3170,'RoundUp'),(1994,'Row {{number}}'),(1995,'Row(s) {{numbers}}'),(3896,'Rules triggered'),(1130,'Run Benchmark again'),(1131,'Run benchmark'),(386,'SA'),(3654,'SECONDARYONLY'),(3655,'SENDER'),(4597,'SEO'),(1166,'SEO settings'),(396,'SEPTEMBER'),(2612,'SHIPPING = flat + ITEMS*per_item + SUBTOTAL*(% of subtotal)/100 + WEIGHT*per_weight;'),(53,'SKU'),(2428,'SKU is not selected'),(2836,'SKU length must be less then {{length}}'),(3314,'SKU must be unique'),(4616,'SKU or Product name'),(2838,'SKU or SKU1, SKU2'),(1132,'SKU: a-z'),(1133,'SKU: z-a'),(1134,'SMTP server'),(1883,'SQL file was deleted successfully'),(1435,'SSL Error'),(1135,'STORE SETUP'),(387,'SU'),(1136,'SYSTEM SETTINGS'),(1137,'Safe mode'),(1138,'Safe mode access key'),(1877,'Safe mode access key has been re-generated'),(2044,'Safe mode links were emailed'),(4625,'Sage Pay password'),(4627,'Sage Pay pricing currency'),(4624,'Sage Pay processing mode'),(4623,'Sage Pay vendor name'),(4626,'Sage pay invoice number prefix'),(4629,'SagePay Form admin description'),(1139,'Sale'),(1140,'Sale price'),(2479,'Sale statistics'),(1141,'Sale statistics from the opening of the store'),(2742,'Sale[TT]'),(1142,'Sales'),(4473,'Sales & Customer Service:'),(4475,'Sales & Customer Service: [phone]'),(3412,'Sales asc'),(2716,'Sales calculation'),(3134,'Sales channels'),(3413,'Sales desc'),(3411,'Sales sort'),(1143,'Sales tax'),(1533,'Samples of the file structures'),(150,'Save'),(3761,'Save & Close'),(4399,'Save and go to the next step'),(1144,'Save as new'),(3877,'Save cards'),(1145,'Save changes'),(3884,'Save credit card'),(3937,'Save credit card setup'),(2668,'Save filter'),(4227,'Save location'),(2225,'Save the existing value without re-calculating'),(1146,'Save zone details'),(3881,'Saved credit cards'),(3142,'Saving'),(1147,'Savings'),(3814,'Savings - Up to 49% off retail USPS postage rates'),(2893,'Scheme'),(3895,'Score'),(4579,'Score: X. Votes: Y'),(98,'Search'),(4235,'Search attribute name'),(4711,'Search flexy-templates'),(1148,'Search for modules'),(1149,'Search for orders'),(4039,'Search for returns'),(2505,'Search for transactions by date'),(1150,'Search for users'),(1151,'Search for users that are'),(426,'Search in'),(1152,'Search in subcategories'),(2159,'Search items...(customer header search form)'),(422,'Search keywords'),(423,'Search payment method'),(1153,'Search product'),(1154,'Search profiles'),(1155,'Search result'),(1156,'Search results'),(2153,'Search total'),(2871,'Searching...'),(2922,'Second, try to disable all non-X-Cart modules by using the links below:'),(3359,'Secret Access Key'),(2125,'Secret key'),(4657,'Secret key (test mode)'),(2110,'Secret word'),(238,'Secure Checkout'),(1157,'Secure connection cannot be established.'),(2316,'Secure credit card payment'),(1158,'Security'),(2324,'Security code'),(2484,'Security issue'),(1159,'Security settings'),(184,'See all items in the cart'),(1837,'See comparison chart'),(3908,'See how'),(2186,'See log file for details'),(4472,'See the tutorials and documentation about X-Cart store customization.'),(4301,'Segment condition'),(315,'Select a country or a state from a list, specify the zone'),(1758,'Select all'),(4294,'Select box'),(1160,'Select country'),(115,'Select file'),(4279,'Select issuer'),(122,'Select language'),(2839,'Select language to edit'),(249,'Select one'),(1161,'Select options'),(1874,'Select products from the list'),(1162,'Select status'),(4598,'Select the review that should be included into the rich snippet shown for the page of this product when the page appears in search results by Google and other major search engines'),(3315,'Select type'),(4311,'Selected by default'),(769,'Selected countries'),(768,'Selected countries:'),(4590,'Selected reviews have been deleted'),(4592,'Selected reviews have been updated'),(771,'Selected states'),(4517,'Selected tags have been deleted'),(378,'Selected:'),(1721,'Semicolon'),(1163,'Send'),(3421,'Send a message'),(3029,'Send reset link'),(1164,'Send test email'),(1165,'Send to {{email}}'),(1193,'Send tracking info'),(2840,'Separate box'),(1167,'Service name'),(1168,'Service name of address field'),(1169,'Set'),(2524,'Set a single discount or add multiple volume discounts.'),(2522,'Set absolute or %-based discount rates;'),(4446,'Set flat shipping rates for your store'),(4163,'Set the Response Method setting to Sent to your server as a POST.'),(1170,'Set the sale price'),(167,'Set this language as default for customer zone'),(4462,'Set up offline & online payments'),(4398,'Set up payment gateways'),(4443,'Set up shipping'),(4397,'Set up shipping methods'),(4438,'Set your company info'),(3233,'Setting up Canadian taxes'),(3231,'Setting up VAT / GST'),(3232,'Setting up sales tax'),(3234,'Setting up tax classes'),(1171,'Settings'),(1172,'Setup _address zones_ and _taxes_'),(3946,'Setup instruction'),(2206,'Setup store price: X'),(3679,'Shape'),(3531,'Share'),(2683,'Ship QTY'),(3822,'Ship date'),(1575,'Ship in a separate box'),(2681,'Ship to'),(3986,'Shipment ID'),(3790,'Shipment Id'),(4042,'Shipment cannot be created'),(4047,'Shipment cannot be transmitted'),(4044,'Shipment cannot be voided'),(3789,'Shipment has been created successfully'),(4041,'Shipment has been created with errors'),(4045,'Shipment has been tranmitted with errors'),(4046,'Shipment has been transmitted successfully'),(3788,'Shipment has been voided successfully'),(4043,'Shipment has been voided with errors'),(3985,'Shipment info'),(2088,'Shipment options'),(3987,'Shipment status'),(4048,'Shipments'),(4079,'Shipments pick up type'),(372,'Shipped'),(3751,'Shipping'),(1173,'Shipping & Taxes'),(1326,'Shipping / Payment info'),(1174,'Shipping address'),(1852,'Shipping address is invalid'),(1175,'Shipping address is not completly defined yet'),(1176,'Shipping address is not defined'),(1177,'Shipping address is not defined yet'),(2610,'Shipping charge based on a percentage of the order subtotal.'),(1557,'Shipping charges'),(64,'Shipping cost'),(4211,'Shipping freight'),(4214,'Shipping freight + regular shipping rate'),(4213,'Shipping freight only'),(4215,'Shipping freight tooltip text'),(1685,'Shipping has been calculated based on the following split of the products into packages:'),(1178,'Shipping info'),(3792,'Shipping label'),(3810,'Shipping label sender signature'),(1179,'Shipping markup has been created successfully'),(1180,'Shipping markups have been updated'),(1181,'Shipping method'),(2841,'Shipping method / cost'),(1182,'Shipping method has been added'),(3316,'Shipping method is disabled'),(3317,'Shipping method is enabled'),(2571,'Shipping method is not configured.'),(2582,'Shipping method name'),(1183,'Shipping methods'),(1184,'Shipping methods are not available'),(188,'Shipping methods have been updated'),(3318,'Shipping order status'),(1549,'Shipping rate cannot be added'),(1548,'Shipping rate has been added successfully'),(1185,'Shipping rates'),(2606,'Shipping rates are calculated by the following formula:'),(1186,'Shipping settings'),(2664,'Shipping solutions'),(2138,'Shipping status'),(2945,'Shipping status not found, \"New\" will be used for order'),(4103,'Shipping status not found, new status will be created'),(4097,'Shipping statuses'),(2909,'Shipping to'),(1187,'Shipping zones'),(4622,'Shopper approved promo'),(1201,'Shopping bag'),(4490,'Shopping options'),(400,'Shortcuts'),(2042,'Show'),(4652,'Show \"How to use\" instruction'),(101,'Show Category title'),(3622,'Show above products'),(4706,'Show all'),(117,'Show all labels'),(4494,'Show all products in this category'),(3868,'Show all saved credit cards'),(2735,'Show all warnings/errors'),(3623,'Show below products'),(3772,'Show default menu along with the custom one'),(3423,'Show email as text'),(220,'Show filter options'),(2842,'Show in all the sections'),(2732,'Show low stock warning on product page'),(2807,'Show object name in page title'),(2843,'Show only in categories and search listings'),(2844,'Show only in search listing'),(3680,'Show payment card icons'),(4491,'Show products'),(3022,'Show products with no assigned category'),(1202,'Show social buttons'),(3089,'Show states for selected countries only'),(4850,'Show vendor’s products in the order'),(2800,'Show сustomer relations e-mails on 404 page'),(2845,'Show:'),(2335,'Sign Up'),(3633,'Sign Up Now'),(1203,'Sign in'),(2904,'Sign in / sign up'),(1204,'Sign out'),(4333,'Sign up for <Company name> news, sales and deals'),(3947,'Sign up for Authorize.net'),(3183,'Sign up for TaxJar'),(4332,'Sign up for news and updates from your favorite store. Be the first to know about exclusive sales, offers and deals.'),(4375,'Sign up for {{companyName}} news'),(2891,'Signature'),(3403,'Signature  key'),(3410,'Signature key'),(36,'Simplify tax compilance process and reduce the sales tax audit risk with AvaTax Sales Tax Automation'),(1730,'Single quote'),(3835,'Site map has not been registred in X'),(3836,'Site map successfully registred on X'),(4080,'Site number of the deposit location'),(4631,'Sitemap'),(3841,'Sitemap generation has been completed successfully.'),(3842,'Sitemap generation has been stopped.'),(3840,'Sitemap generation...'),(3844,'Sitemap settings'),(1205,'Size'),(4445,'Skip Shipping Step'),(4402,'Skip this step'),(3319,'Skipped'),(2846,'Soft and Hard reset links for your store'),(3320,'Soft and hard reset links for your store'),(1782,'Soft reset (disables all modules except ones that were downloaded from marketplace)'),(2923,'Soft reset. Turn off all addons except those provided by X-Cart Team & Qualiteam'),(3543,'Sold'),(3553,'Sold PINs'),(4693,'Some'),(4764,'Some edited templates were selected to be disabled. You can enable them on the Edited templates page in the Admin area.'),(1752,'Some files are modified'),(4146,'Some files haven`t been attached'),(4716,'Some flexy-templates cannot be removed. Please correct file permissions or remove them manually'),(2459,'Some of these updates are not available for you at the moment.'),(4461,'Some people simply prefer to place their orders by phone — let them do that.'),(288,'Some products could have been imported incorrectly'),(4274,'Something wrong in the iDEAL payment module settings. Please try later or use other payment option.'),(3467,'Sorry, the coupon has expired'),(3468,'Sorry, the coupon use limit has been reached'),(3469,'Sorry, the coupon you entered cannot be applied to the items in your cart'),(3466,'Sorry, the coupon you entered is invalid. Make sure the coupon code is spelled correctly'),(3470,'Sorry, the coupon you entered is not valid for your membership level. Contact the administrator'),(1284,'Sorry, this category is no longer available.'),(3463,'Sorry, this coupon cannot be combined with the coupon already applied. Revome the previously applied coupon and try again.'),(1282,'Sorry, this page is no longer available.'),(1283,'Sorry, this product is no longer available.'),(2675,'Sorry, your order cannot be placed as there are no shipping methods available.'),(1815,'Sorry, your order payment is canceled.'),(1816,'Sorry, your order payment is failed.'),(3321,'Sort'),(256,'Sort by'),(2847,'Sort by:'),(2848,'Sort settings'),(2364,'Sorting & Descriptions'),(2066,'Source address'),(2019,'Space'),(3797,'Special services'),(452,'Specification'),(3215,'Specify email address'),(3863,'Specify the URL of your X-Payments installation. Copy and paste Store ID, Public key, Private key and Private key password from X-Payments Online Store Details page.'),(1211,'Specify your _store information_'),(2849,'Specify your _store information_\', {\'URL\': url(\'settings\', \''),(1212,'Speed up your store'),(2223,'Staff note'),(2658,'Stamps.com'),(2529,'Standard'),(2932,'Start'),(1635,'Start Export'),(3907,'Start FREE Trial'),(1524,'Start Import'),(3599,'Start accepting Express Checkout payments immediately by simply plugging in the email address where you would like to receive payments.'),(1820,'Start date'),(1213,'Start selling!'),(3340,'Start typing a category name'),(4547,'Start typing customer email or name'),(4545,'Start typing product name or SKU'),(1214,'State'),(1512,'State cannot be created with unknown country code X'),(1215,'States'),(1216,'States have been deleted successfully'),(1217,'States have been updated successfully'),(2191,'States information has been successfully deleted'),(4303,'Static'),(1218,'Statistics'),(1219,'Status'),(3229,'Status comment (reason)'),(2429,'Status is not defined'),(4646,'Status: Connected'),(357,'Steps to complete your store for real sales'),(1949,'Stock'),(3322,'Store ID'),(1220,'Store Maintenance'),(1221,'Store currency'),(1222,'Store info'),(1223,'Store is closed'),(1224,'Store is open'),(1765,'Store lifetime'),(1225,'Store setup'),(1226,'Storefront'),(1956,'Storefront is closed'),(1958,'Storefront is open'),(4753,'Storefront layout'),(4193,'Street address'),(3344,'Strong password'),(143,'Subcat'),(1227,'Subcategories'),(367,'Subcategories for'),(1228,'Subject'),(3766,'Submenu'),(58,'Submit'),(2903,'Subscribe'),(4329,'Subscribe by default'),(4292,'Subscribe to our news list and be in touch with our latest offers.'),(4381,'Subscriber with email {{email}} already subscribed'),(4377,'Subscribers'),(4380,'Subscribers imported'),(4291,'Subscription'),(1229,'Substring'),(66,'Subtotal'),(3742,'Subtotal + Shipping cost'),(2590,'Subtotal range'),(1230,'Subtotal range (begin)'),(1231,'Subtotal range (end)'),(1683,'Success'),(2708,'Success[S]'),(4354,'Successfully authenticated'),(1232,'Successfully imported X new products'),(1233,'Successfully imported X new products and upgraded Y old products'),(1234,'Successfully upgraded Y old products'),(1235,'Suffix'),(127,'Suggest an idea'),(4792,'Suggested retail rates'),(3323,'Sunday'),(1522,'Support'),(3159,'Surcharges'),(2986,'Switch to Category search'),(2985,'Switch to Category tree'),(2917,'Switcher NO'),(2916,'Switcher YES'),(1236,'Synchronous'),(3138,'System logs'),(1237,'System settings'),(4101,'System status tooltip'),(3137,'System tools'),(1869,'System will download and install this module from marketplace. Continue?'),(384,'TH'),(382,'TU'),(1722,'Tab'),(4122,'Tab displaying comments about the product. Added by the addons VK/GoSocial/Disqus'),(4619,'Tab displaying product reviews. Added by the addon Product Reviews'),(4121,'Tab displaying the product\'s attributes and other details. Added by the X-Cart core'),(4120,'Tab displaying the product\'s detailed description. Added by the X-Cart core'),(1238,'Table'),(2583,'Table based on'),(4104,'Tabs'),(4110,'Tabs imported'),(4513,'Tag'),(4745,'Tag Manager Dashboard'),(5,'Tags'),(2248,'Tags are not allowed in the column \"{{column}}\" and will be stripped'),(67,'Tax'),(3968,'Tax Class'),(1580,'Tax class'),(1906,'Tax classes'),(1239,'Tax disabled'),(1240,'Tax enabled'),(1241,'Tax has been disabled successfully'),(1242,'Tax has been enabled successfully'),(1244,'Tax rate has been deleted successfully'),(1245,'Tax rate has not been deleted successfully'),(3744,'Tax rates for shipping charges have not yet been created.'),(1243,'Tax rates have been updated successfully'),(3745,'Tax rates have not yet been created.'),(3746,'Tax rates on shipping cost'),(1246,'Tax title'),(3186,'TaxJar Category'),(3185,'TaxJar Dashboard'),(3182,'TaxJar enabled'),(3743,'Taxable base'),(1247,'Taxes'),(1248,'Teaser'),(4667,'Template'),(4710,'Template is converted'),(3763,'Terms and conditions'),(1510,'Terms and conditions text'),(2015,'Test'),(4005,'Test Canada Post rates calculation'),(3324,'Test e-mail have been successfully sent'),(1249,'Test email configuration'),(1774,'Test email notification'),(1775,'Test email notification:'),(2090,'Test mode'),(2201,'Test mode: Live'),(2200,'Test mode: Test'),(2616,'Test rates'),(1250,'Test shipping rates'),(3872,'Test transaction completed successfully'),(3882,'Test transaction completed successfully for API version X'),(3873,'Test transaction failed. Please check the X-Payment Connector settings and try again. If all options is ok review your X-Payments settings and make sure you have properly defined shopping cart properties.'),(2099,'Test/Live mode'),(2755,'Test[TT]'),(1251,'Tester'),(1252,'Text'),(87,'Text labels have been deleted'),(83,'Text labels have been updated successfully'),(88,'Text labels have not been deleted: no text labels have been found or specified'),(85,'Text labels have not been updated successfully: the default application language has been set as the translation language'),(86,'Text labels have not been updated successfully: the translation language has not been found'),(84,'Text labels have not been updated successfully: the translation language has not been specified'),(3724,'Text links'),(4613,'Text of response'),(4548,'Text of review'),(1943,'Textarea'),(267,'Thank you for registering a customer account, your profile has been created successfully'),(4376,'Thank you for subscribing to the newsletter! We hope you enjoy shopping at {{companyName}}'),(217,'Thank you for using company services'),(1253,'Thank you for your order'),(319,'Thank you for your order FOOTER'),(4554,'Thank your for sharing your opinion with us!'),(3780,'The \"Approved URL\" value must be exact as this'),(3353,'The \"Pay With Amazon\" feature is not configured and cannot be used.'),(3354,'The \"Pay with Amazon\" feature requires https to be properly set up for your store.'),(3779,'The \"Pricing currency\" value must be exactly the same as on it.'),(2868,'The \"{{file}}\" file is not allowed and was not uploaded. Allowed extensions are: {{extensions}}'),(3765,'The \"{{file}}\" file is not allowed image and was not uploaded. Allowed images are: {{extensions}}'),(1843,'The \"{{file}}\" file was not uploaded'),(1881,'The \"{{file}}\" is not CSV or archive'),(2245,'The \"{{value}}\" category does not exist'),(2279,'The \"{{value}}\" group is not created'),(2243,'The \"{{value}}\" image does not exist'),(2240,'The \"{{value}}\" membership does not exist'),(2241,'The \"{{value}}\" product class does not exist'),(2242,'The \"{{value}}\" tax class does not exist'),(3769,'The AppleIcon image could not be uploaded (Unallowed image type. Must be a .png image with the resolution of 192x192 px)'),(4160,'The Approved URL value must be exact as this:'),(3336,'The Backorder status will be reset for the items. The stock quantity of the backorder items will not change. Adjust it manually if necessary.'),(3325,'The Clean URL entered has unallowed chars.'),(2468,'The Clean URL entered is a redirect to object.'),(2787,'The Clean URL entered is already in use by target alias.'),(2467,'The Clean URL entered is already in use.'),(4162,'The Declined URL value must be exact as this:'),(2129,'The English language cannot be removed as it is primary language for all texts.'),(1268,'The HTTPS protocol is enabled for your website'),(1254,'The SSL certificate installed for your custom website domain is not valid.'),(1255,'The SSL certificate installed on your server is not valid. Although you can switch the store to use the secure protocol for the website pages, most Internet browsers will likely display a warning message scaring your website visitors away.'),(4159,'The Store ID and HPP Key value must be exactly the same as on it.'),(291,'The X field is empty'),(1256,'The X language has been added and enabled successfully'),(76,'The X language has been added successfully'),(78,'The X language has been deleted successfully'),(81,'The X language has been disabled successfully'),(82,'The X language has been enabled successfully'),(177,'The X module has been installed incorrectly. Please see the logs for more information'),(175,'The X module has been installed successfully'),(176,'The X module has been installed with errors: the DB has not been modified correctly'),(178,'The X module has been installed, but the module has a wrong module control class'),(1967,'The address field has been added'),(1966,'The address field has been updated'),(1257,'The attachment has been added successfully'),(3520,'The attachment has been successfully re-upload'),(1961,'The attribute group has been added'),(1960,'The attribute group has been updated'),(1969,'The attribute has been added'),(1968,'The attribute has been updated'),(1963,'The attribute option has been added'),(1962,'The attribute option has been updated'),(216,'The benchmark evaluates server environment'),(2207,'The button is inactive either because no changes have been detected on the current page or because the order totals need to be recalculated before the order can be updated.'),(2714,'The calculation completed'),(2713,'The calculation failed'),(2502,'The calculation of quick data has been completed successfully.'),(2503,'The calculation of quick data has been stopped.'),(1965,'The category has been added'),(1964,'The category has been updated'),(1258,'The changes will be applied to all selected products'),(2469,'The clean URL will be generated automatically.'),(2436,'The common notification fields has been updated'),(4489,'The comparison table has been cleared.'),(218,'The confirmation URL link was mailed to email'),(2146,'The confirmation URL link will be emailed to you shortly'),(2974,'The core may be checked only if a valid license key is present.'),(2777,'The count of categories specified for a product and the count of orderBy position numbers describing the position of the product within these categories must be the same.'),(1887,'The countries list for zone is empty. Please specify it.'),(2919,'The countries to which the selected states belong will be added to the zone automatically.'),(3440,'The coupon has been added'),(3433,'The coupon has been applied to your order'),(3441,'The coupon has been updated'),(1897,'The database has not been restored because of the errors'),(4659,'The database stores different version of the custom changes.'),(80,'The default interface language cannot be disabled'),(1259,'The detailed image has been added successfully'),(1260,'The detailed image has been deleted'),(1907,'The detailed image has not been deleted'),(1261,'The detailed images have been updated successfully'),(1574,'The directory \'var/backup/\' does not exist or is not writable.'),(4679,'The directory {{dir}} does not exist or is not writable.'),(3439,'The discount should be less than 100%'),(4838,'The dispute has been closed'),(2674,'The download should start automatically. Click the link if does not start.'),(4777,'The dynamic message is empty for this notification.'),(95,'The edited language has not been found'),(219,'The email with your account information was mailed to email'),(1262,'The exceptions have been updated successfully'),(1783,'The export is complete.'),(4825,'The field Body may not be blank'),(2634,'The file extension is forbidden'),(2766,'The file extension is forbidden ({{file}}'),(308,'The file was not loaded because of a failure on the server'),(1905,'The file was not loaded because of a failure on the server.'),(4678,'The file {{file}} does not exist or is not writable.'),(4134,'The files have been attached successfully'),(3577,'The following PIN codes have already been sold: {{codes}}'),(1264,'The following add-on(s) must be disabled'),(1263,'The following add-on(s) must be enabled'),(1265,'The following categories were selected to be removed'),(1266,'The following dependent add-ons will be disabled  automatically'),(1516,'The following expected input data have wrong format or empty: X'),(1634,'The following files are too large to be included in the archive'),(2369,'The following modules currently do not have a version compatible with the X-Cart version to which you are upgrading'),(154,'The following modules will be disabled'),(2398,'The following selected modules cannot be disabled due to architecture limitations'),(2395,'The following selected modules cannot be disabled or uninstalled as they have dependent modules'),(2396,'The following selected modules cannot be enabled as they depend on disabled modules which cannot be enabled'),(1873,'The form could not be identified as a form generated by X-Cart'),(1974,'The front page has been updated'),(2390,'The generation of resized images has been completed successfully.'),(2391,'The generation of resized images has been stopped.'),(3500,'The history of downloads feature for this product is disabled. You can enable it here'),(1267,'The image has been updated'),(2392,'The image resizing process may take a while to complete. Please do not close this page until the process is fully completed.'),(1269,'The import is in progress'),(3023,'The import process has been canceled'),(1270,'The importing starts immediately upon selecting the data file. No additional confirmation prompts will appear.'),(2458,'The key does not allow getting new features and upgrades.'),(1608,'The language CSV file should be a text file which contains 3 columns per row (columns are separated by comma:'),(96,'The language data has been saved'),(79,'The language has not been found'),(1602,'The language labels have been successfully imported:'),(75,'The language you want to add has already been added'),(74,'The language you want to add has not been found'),(77,'The language you want to delete has not been found'),(1271,'The language you want to delete is the default application language and cannot be deleted'),(1272,'The language you want to delete is the default interface language and cannot be deleted'),(3424,'The length of X field must be greater than Y'),(3425,'The length of X field must be less than Y'),(2250,'The length of value for the column \"{{column}}\" exceeds length of field and will be cut'),(71,'The link was copied to your clipboard'),(97,'The maximum file size that can be uploaded: X'),(1273,'The maximum number of uses'),(3471,'The maximum number of uses per user'),(1723,'The membership name cannot contain such symbols as \\, \' and \". Also, it cannot exceed 32 characters.'),(3756,'The menu has been added'),(3755,'The menu has been updated'),(1850,'The method is not configured and cannot be used'),(1498,'The module X has been uninstalled successfully'),(1274,'The module has been partially uninstalled'),(174,'The module has been uninstalled successfully'),(1748,'The module is incompatible with the new core version going to be installed'),(1275,'The module is not released for your X-Cart version'),(2975,'The module may be checked only if a valid license key is present.'),(2397,'The module may not be disabled due to the limitations of the module architecture.'),(173,'The module to uninstall has not been found'),(2135,'The module version is incompatible with your core version and cannot be enabled. Minimum core version required for this module is X.'),(2134,'The module version is incompatible with your core version and cannot be installed. Minimum core version required for this module is X.'),(179,'The modules have been updated'),(2269,'The name is empty'),(3128,'The name will be changed globally'),(4419,'The newly created product is already in your [storefront]. Have a look! Ready to delete demo products?'),(4367,'The news message has been added'),(4366,'The news message has been updated'),(2437,'The notification has been updated'),(2247,'The number of values in the row does not match the number of column headers for this CSV file'),(1851,'The only remaining active administrator profile cannot be deleted.'),(3576,'The order also contains items with missing PIN codes; you will be prompted to enter the PIN codes under item names.'),(1953,'The order subtotal exceeds the maximum allowed value ({{max_order_amount}})'),(2003,'The order subtotal exceeds the maximum allowed value ({{max_order_amount}}), please remove some items from the cart.'),(1954,'The order subtotal less than the minimum allowed value ({{min_order_amount}})'),(2004,'The order subtotal less than the minimum allowed value ({{min_order_amount}}), please add some items to the cart.'),(1276,'The page has been added'),(3757,'The page has been updated'),(1771,'The password is the one you specified during checkout.'),(1772,'The password is the one you specified.'),(362,'The process of export is complete. You can follow this_link to check the results and download the files containing data.'),(1646,'The process of export may take much time. Please do not close this page until the export is complete'),(1645,'The process of export may take much time. You may close the page, the operation will be in progress as background. If the operation takes long enough, we will send you a notification when it is complete.'),(4250,'The process of feed generation may take a while to complete. Please do not close this page until the process is fully completed.'),(1537,'The process of import may take much time. Please do not close this page until the import is complete'),(1536,'The process of import may take much time. You may close the page, the operation will be in progress as background. If the operation takes long enough, we will send you a notification when it is complete.'),(2501,'The process of quick data calculation may take a while to complete. Please do not close this page until the process is fully completed.'),(2715,'The process of sales calculation may take a while to complete. Please do not close this page until the process is fully completed.'),(3843,'The process of sitemap generation may take a while to complete. Please do not close this page until the process is fully completed.'),(4812,'The product SKU#\"X\" is already set as Related for the product'),(2085,'The product SKU#\"X\" is already set as featured for the category'),(4809,'The product SKU#\"X\" is already set as related for the product'),(1971,'The product class has been added'),(1970,'The product class has been updated'),(4512,'The product filter cache has been removed successfully.'),(2633,'The product for which you attempted to upload an attachment has not been found'),(2438,'The product has been added'),(4488,'The product has been added to the comparison table'),(4487,'The product has been removed from comparison table'),(2187,'The product has been updated'),(1277,'The product option group has been added successfully'),(1278,'The product option group has been updated successfully'),(1279,'The product option groups have been updated successfully'),(1280,'The product option groups have not been successfully updated'),(1973,'The product selection has been added'),(1972,'The product selection has been updated'),(4108,'The product tab has been added'),(4107,'The product tab has been updated'),(2239,'The product with \"{{value}}\" SKU does not exist'),(3027,'The product you are trying to add to cart is unavailable'),(3499,'The product\'s history of downloads is empty'),(4050,'The products return has been registered.'),(1509,'The profile has been registered. The password has been sent to the user\'s email address'),(1508,'The profiles have been merged'),(1601,'The provided file contains the following language labels:'),(3893,'The related payment not found. Apparently it was deleted.'),(1281,'The requested page could not be found.'),(1287,'The restoration procedure is irreversible and erases all data tables from your store database. It is highly recommended that you back your present database data up before restoring one of the previous states from a back-up.'),(3827,'The role has been added'),(3826,'The role has been updated'),(1288,'The same as shipping'),(3519,'The same file can not be assigned to one product'),(1993,'The script found {{number}} errors during import'),(4796,'The script found {{number}} errors during update inventory'),(1992,'The script found {{number}} errors during verification'),(2850,'The secure protocol for your website is disabled.'),(2851,'The secure protocol for your website is enabled.'),(2546,'The secure protocol is enabled for your website. But X-Cart hasn\'t found the valid SSL certificate on your server.'),(3021,'The selected categories have been deleted. There are products with no assigned category.'),(1872,'The selected payment method is obsolete or invalid. Select another payment method'),(1289,'The selected shipping markups have been deleted successfully'),(187,'The selected shipping method has been deleted successfully'),(189,'The selected zones have been deleted successfully'),(2202,'The service name X is reserved and cannot be used for an address field.'),(1880,'The settings of payment method successfully updated'),(2209,'The specified amount of product exceeds maximum amount of product in stock'),(1290,'The state has been added successfully'),(284,'The string is different from that of the title number of columns - X instead of Y'),(2412,'The system detects that some updates are available for enabled modules. It is strongly recommended to have all enabled modules updated to latest version for better compatibility before the install new ones from Marketplace.'),(2525,'The system has been restored to the selected snapshot of X'),(2692,'The system has detected one or more problems with some of the modules at your store:'),(1753,'The system has detected that some custom modifications were made by editing core and module files, not by writing new modules. In order to proceed with the upgrade you should decide what to do with the modifications'),(2700,'The system has detected that the license key that was activated for your store is invalid.'),(2526,'The system has failed to restore because there was no snapshot of X'),(1977,'The tax class has been added'),(1976,'The tax class has been updated'),(4673,'The template has been added'),(4672,'The template has been updated'),(4727,'The test email notification has been sent to X'),(93,'The text label has been added successfully'),(89,'The text label has been deleted'),(94,'The text label has been modified successfully'),(91,'The text label has not been added, because its name has not been specified'),(1291,'The text label has not been added, because its translation to the default application language has not been specified'),(1292,'The text label has not been added, because its translation to the default interface language has not been specified'),(92,'The text label has not been added, because such a text label already exists'),(90,'The text label has not been deleted: it has been either not found or not specified'),(1293,'The text label has not been modified, because its translation to the default application language has not been specified'),(1294,'The text label has not been modified, because its translation to the default interface language has not been specified'),(3129,'The totals have been recalculated. Press \"Save changes\" to adjust the order'),(3889,'The transaction will be marked as'),(1295,'The upgrade is completed. Please, do not close this page until you check your web site and check that everything works properly'),(4403,'The uploaded image is too large.'),(227,'The user will be registered; a password will be sent to the user via email'),(2249,'The value in the column \"{{column}}\" will be adjusted according to HTML specification to prevent potential XSS attack'),(2740,'The value must be greater than the current maximum order number in the order list'),(1726,'The value must be in range'),(294,'The value of the X field has an incorrect format'),(292,'The value of the X field must be greater than Y'),(293,'The value of the X field must be less than Y'),(295,'The value of the X field should not be longer than Y'),(1554,'The values are average'),(4663,'Theme tweaker'),(3161,'There are %model% with missing %another_model%'),(3160,'There are %model% without valid %another_model% relation'),(2490,'There are no activated license keys'),(1296,'There are no categories'),(4601,'There are no comments yet. Be the first to leave a comment'),(1581,'There are no images loaded for this product'),(3169,'There are no inconsistencies found'),(1513,'There are no labels translated to X'),(1297,'There are no markups selected'),(3874,'There are no payment configurations for this store.'),(2769,'There are no permissions to import user access level'),(2771,'There are no permissions to import user roles'),(1298,'There are no rates available for specified source/destination and/or package measurements/weight.'),(1810,'There are no shipping methods available'),(1658,'There are no shipping methods defined for this carrier'),(4700,'There are some custom CSS styles in your store. These styles may affect the look of the installed template. Review the custom styles and disable them if necessary.'),(4701,'There are some custom templates in your store that may contain skin dependent code.'),(2544,'There are unsaved changes on the page. If you choose to continue, these changes will be lost. Do you want to proceed?'),(1189,'There is a maximum purchase limit of MaxQuantity'),(1188,'There is a minimum purchase limit of MinQuantity'),(199,'There is already an account with your email address. You can sign in or continue as guest'),(2914,'There is already state with code {{code}} in {{country}}'),(4175,'There is no products for facebook product feed generation'),(4776,'There is no special code for this notification'),(3431,'There is no such a coupon, please check the spelling: X'),(1300,'There is no user with specified email address'),(3166,'There is one valid root category, however there are multiple root category candidates'),(1301,'There were no orders placed'),(3381,'There were problems with the payment method.'),(431,'There\'s no payment method available'),(3975,'There\'s no post offices available'),(3527,'These Open Graph meta tags were generated automatically based on general product information.'),(2009,'These attributes can be applied to all the products in the store.'),(2007,'These attributes can be applied to the \"{{name}}\" product class.'),(2008,'These attributes can only be applied to this particular product.'),(1302,'These components require your attention'),(1303,'These components will be updated'),(1304,'These instructions will appear below the order invoice on the page which customers see after they confirm their order.'),(1305,'These links were already provided to you after this store was installed and will be emailed to you again after you start the upgrade process'),(2045,'These links were already provided to you after this store was installed and will be emailed to you again after you start the upgrade process.'),(2809,'These options separated by X, you can change it by modify X label'),(3846,'These payment methods were imported from your X-Payments. You can add them to your store at the '),(4718,'This action will remove all flexy-templates. Are you sure to proceed?'),(1828,'This address was used as a'),(1307,'This address was used as a billing address during the recent purchase'),(1308,'This address was used as a shipping address during the recent purchase'),(3453,'This comment will be visible to shop administrators only'),(1309,'This component is automatically calculated by shipping add-on module and cannot be edited'),(2343,'This content shows via %dynamic_message% variable. Do not use this variable to put content (if it exists) below the main message'),(3462,'This coupon cannot be combined with other coupons'),(1310,'This e-mail address is already in use by another user.'),(1311,'This email address is used for an existing account. Enter another email address or sign in'),(2476,'This feature is available only for paid (non-free) X-Cart license plans'),(3967,'This feature is not yet available. You will be redirected to the feature request page where you can vote to have this feature implemented in one of the upcoming versions.'),(4212,'This field can be used to set a fixed shipping fee for the product. Make sure the field value is a positive number (greater than zero).'),(211,'This field is required'),(3414,'This field is required.'),(1312,'This is a default zone which covers all addresses. It\'s impossible to edit this zone\'s countries, states etc'),(244,'This is a demo store with powerful X-Cart engine inside'),(3809,'This is a user specified message that gets printed on the bottom of the label. A string of up to 50 characters can be printed on the label.'),(3807,'This is a user specified message that gets printed on the face of the label. A string of up to 50 characters can be printed on the label.'),(3586,'This is the login name you created when signing up for PayPal Payments Advanced.'),(3593,'This is the login name you created when signing up for Payflow.'),(3594,'This is the password you created when signing up for PayPal Payflow or the password you created for API calls.'),(3588,'This is the password you created when signing up for PayPal Payments Advanced or the password you created for API calls.'),(428,'This language is added by module and cannot be removed.'),(3097,'This message can be removed only through activation of a free or premium license.'),(1653,'This method does not support the current store currency and is not available for customers'),(2717,'This method is displayed because you are logged in as admin and operating as another user'),(1654,'This method is in test mode'),(342,'This module is available for X-Cart hosted stores only.'),(2061,'This module uses PHP\'s cURL functions which are disabled on your web server'),(1313,'This month'),(1806,'This operation is irreversible. Are you sure you want to proceed?'),(3392,'This operation will cancel order. Payment authorization will be voided. Please confirm to proceed.'),(3393,'This operation will capture funds from customer. Please confirm to proceed.'),(3394,'This operation will refund funds to customer. Please confirm to proceed.'),(3334,'This order was placed at the same time as {{orders}}; as a result, some items were out of stock at the time of order placement.'),(2355,'This page allows you to adjust the types of email notifications your store sends to users'),(1556,'This page allows you to configure Shipping methods, zones and charges.'),(1563,'This page allows you to edit global attributes, which are available for all products in your store, and attributes specific for classes of your products.'),(2516,'This page is intended for the creation and management of discount coupons.'),(2521,'This page is intended for the management of volume discounts based on the order subtotal.'),(1656,'This payment method cannot be enabled until you configure it'),(3326,'This payment method is'),(2330,'This payment method is Active.'),(2331,'This payment method is Inactive.'),(2852,'This payment method is not configured.'),(2927,'This process may take much time. Please do not close this page until the task is complete'),(192,'This product has been added to your bag'),(4805,'This product is no longer available although you may find similar or newer version below.'),(61,'This product is out of stock or it has been disabled for sale'),(3717,'This product will be shown in coming soon section'),(3716,'This product will be shown in new arrivals'),(1319,'This quarter'),(1316,'This section displays order placement statistics'),(1552,'This section displays order processing statistics'),(3612,'This setting determines whether or not the \"Buy Now with PayPal\" button should be displayed on product list pages (in list view) and product details pages.'),(2618,'This shipping method is'),(2619,'This shipping method is not configured.'),(3592,'This should be the same partner name that is used when logging into your PayPal Payflow account.'),(1317,'This site requires JavaScript to function properly.'),(2511,'This tool allows you to get rid of any content that might have been created in your store for testing purposes and which you no longer need.'),(200,'This user name is used for an existing account. Enter another user name or sign in'),(3729,'This value must be set in exactly the same way as it is set on the payment gateway end.'),(1318,'This week'),(363,'This will increase the shipping cost by XX'),(1320,'This year'),(2237,'Three columns'),(1321,'Through'),(1322,'Thumbnail'),(2853,'Time left'),(1436,'Timeout error'),(1323,'Title'),(3349,'Title for customers'),(33,'To activate your X-Cart license, enter your secret key into the field below and click Activate.'),(34,'To activate your X-Cart or commercial module license, enter your license key into the field below and click Activate.'),(3851,'To be able to use the payment methods defined in X-Payments you should import information about them from X-Payments. Click the button below and X-Payments will return a list of payment methods available for this shopping cart.'),(296,'To boost your sales try to use Discounts coupons, Sale, Product Advisor, Volume discounts addons. Also you may be interested in all Marketing extensions from our Marketplace'),(1778,'To change the password, log into your company account and use the \'Modify profile\' link'),(1616,'To change the roles of your profile, contact the store administrator'),(1327,'To contact us please fill the form below'),(1428,'To continue, please, sign in'),(1328,'To email'),(356,'To enable secure protocol for your website pages you need a valid SSL certificate purchased for the website domain and installed on your server.'),(3648,'To enable this payment method, you need <Multi-vendor> module installed.'),(3647,'To enable this payment method, you need Multi-vendor module installed.'),(298,'To fix this problem, do the following: 3 points'),(281,'To get the format of the import data you can export your products to a file'),(1562,'To have attributes specific for product classes, define product classes first.'),(355,'To make the online store use the secure protocol you need an SSL certificate purchased for the website domain and installed on your server.'),(2539,'To make your changes visible in the customer area, cache rebuild is required. It will take several seconds. You don’t need to close the storefront, the operation is executed in the background.'),(4373,'To move your existing subscribers to MailChimp lists, <export your subscribers data> from X-Cart and use the import feature under your MailChimp account.'),(1329,'To place the order please accept Terms and Conditions'),(1330,'To place the order please complete the previous steps first'),(1331,'To recover your password, please type in the valid e-mail address you use as a login'),(3971,'To request a return please fill the form below'),(3187,'To send email asynchronously and improve website performance we recommend to set up queues in on your server. [Learn how to do it].'),(3776,'To set up the integration you should follow '),(4158,'To set up the integration, go to the _Site management_'),(35,'To setup Tax Rates, find and install the appropriate addons from Marketplace'),(2854,'To setup Tax Rates, find and install the appropriate addons from Marketplace\', {\'url\': url(\'addons_list_marketplace\', \'\', {\'tag\': \'Taxes'),(4009,'To start registration process for Canada Post merchant account click on the \"Register\" button.'),(3445,'To use the coupon, your order subtotal must be at least X'),(3444,'To use the coupon, your order subtotal must be between X and Y'),(3446,'To use the coupon, your order subtotal must not exceed Y'),(1332,'Today'),(3833,'Too large value for absolute discount'),(2703,'Tools'),(4362,'Top News'),(214,'Top X products'),(103,'Top banner'),(1333,'Top sellers'),(1334,'Top selling products'),(232,'Total'),(4298,'Total amount of orders'),(3994,'Total items weight'),(4033,'Total weight'),(1784,'Totals'),(1192,'Track package'),(4038,'Tracking details'),(1200,'Tracking information has been sent'),(3787,'Tracking information was updated successfully'),(2435,'Tracking number'),(1198,'Tracking number is changed from \"{{old_number}}\" to \"{{new_number}}\"'),(1195,'Tracking numbers'),(3988,'Tracking pin'),(3976,'Tracking pins'),(3539,'Traditional'),(2440,'Transaction'),(2855,'Transaction ID'),(2104,'Transaction amount mismatch'),(3206,'Transaction is in progress'),(3402,'Transaction key'),(3892,'Transaction result'),(2074,'Transaction type'),(3264,'Transaction was failed'),(2666,'Transactions details'),(1335,'Translation driver'),(129,'Translations'),(4029,'Transmit shipment'),(3113,'Trial has expired!'),(327,'Trial period X days'),(2011,'Trial period expires today'),(2010,'Trial period is expired'),(1804,'Try search-as-you-type feature...'),(1870,'Try to change the search criteria or find the needed solution in marketplace'),(2856,'Try to change the search criteria or find the needed solution in marketplace\', {\'URL\': url(\'addons_list_marketplace\', \'\', {\'tag\': \'Payment processing'),(3705,'Try to reconnect'),(1871,'Try to search worldwide or find the needed solution in marketplace'),(2857,'Try to search worldwide or find the needed solution in marketplace\', {\'URL\': url(\'addons_list_marketplace\', \'\', {\'tag\': \'Payment processing'),(1476,'Try to unpack them manually'),(297,'Trying to access the shop at X'),(2624,'Trying to run pre-upgrade hooks while not all archives were unpacked'),(3938,'Trying to use unaccepted template change.'),(3525,'Tweet'),(4709,'Twig-template path'),(1336,'Twitter'),(2236,'Two columns with left sidebar'),(2235,'Two columns with right sidebar'),(1337,'Type'),(1338,'Type of Account'),(3364,'Type of authorization request'),(4285,'Type: checkbox'),(4284,'Type: select box'),(3781,'U.S.P.S. module allows you to use online shipping rates calculation via USPS Web Tools Ecommerce API.'),(2659,'UPS'),(4780,'UPS module allows to use online shipping rates calculation via UPS service.'),(4677,'URL'),(4161,'URL is copied'),(1638,'URLs'),(2660,'USPS'),(3786,'USPS Shipments'),(1882,'Unable to delete file'),(1499,'Unable to delete module X files: some dirs have no writable permissions: Y'),(2763,'Unable to download the contents of {{url}}'),(2765,'Unable to get at the contents of {{url}}'),(3823,'Unable to get merchant info'),(302,'Unable to install module X because some modules, which it depends on, have not been installed or activated yet'),(4749,'Unable to reset layout'),(3703,'Unable to retrieve Publisher ID for specified PayPal account. Banners are now disabled.'),(4751,'Unable to save changes'),(4704,'Unable to save edited content. Errors: '),(2762,'Unable to write data to file {{file}}'),(2698,'Unallowed modules will be disabled automatically on the next visit any page in the administrator interface.'),(2083,'Unavailable'),(3510,'Unblock and renew'),(1341,'Uncheck all'),(116,'Undelete'),(1342,'Understanding Online Payments'),(1343,'Unexpected error: version value is not passed'),(4155,'Unexpected result was received from ePDQ (transaction status is not set)'),(4275,'Unexpected result was received from iDEAL (transaction status is not set)'),(1427,'Unfortunately, you don\'t have permissions to access this page.'),(3631,'Unfortunately, your API credentials could not be obtained from your PayPal account automatically.'),(1344,'Uninstall'),(1345,'Units & Formats'),(1346,'Units of measurement'),(3540,'Universal Analytics'),(1347,'Unknown'),(2973,'Unknown core version'),(3327,'Unknown error'),(3575,'Unknown error occurred'),(1517,'Unknown language: X'),(4280,'Unknown payment transaction'),(2189,'Unknown payment. If you see this message after returning from the payment page, please contact the store administrator for information about the status of your payment.'),(4705,'Unknown temporary file'),(2108,'Unlimited'),(3999,'Unpackaged'),(1348,'Unpacking archives, please wait...'),(4820,'Unread'),(1759,'Unselect all'),(1349,'Unset'),(4135,'Unsupported file extension'),(62,'Update'),(4287,'Update MailChimp Lists'),(3824,'Update date'),(3866,'Update default card'),(1350,'Update exceptions'),(1999,'Update existing items, but skip new items'),(1351,'Update module'),(2867,'Update modules'),(1352,'Update product'),(1353,'Update profile'),(4794,'Update quantity'),(4801,'Update quantity import guide'),(4355,'Update store data'),(3825,'Update tracking info'),(1354,'Updated components'),(1355,'Updates are available'),(1356,'Updates for the X-Cart core and/or installed modules are available'),(1357,'Updates for your version ({{version}})'),(2858,'Updating data from the marketplace...'),(1358,'Upgrade'),(2491,'Upgrade access level cannot be changed for default free license'),(2487,'Upgrade access level has been successfully assigned to your license keys'),(2488,'Upgrade access level tooltip message'),(1359,'Upgrade available'),(1360,'Upgrade core'),(1745,'Upgrade for X-Cart core is available'),(1361,'Upgrade module'),(2883,'Upgrade not allowed'),(2368,'Upgrade note'),(3093,'Upgrade phar warning'),(1362,'Upgrade to version {{version}}'),(1363,'Upload'),(4431,'Upload a new logo'),(1364,'Upload add-on'),(1365,'Upload and restore'),(4395,'Upload company logo'),(1366,'Upload file'),(3053,'Upload file size limit'),(1532,'Upload files'),(1567,'Upload from server'),(1568,'Upload from your computer'),(4680,'Upload image'),(4337,'Upload store data to MailChimp'),(110,'Upload via URL'),(4426,'Upload your company logo'),(4356,'Uploading data has been completed successfully.'),(4357,'Uploading data has been stopped.'),(3607,'Use PayPal authentication method'),(3860,'Use X-Payments configuration bundle'),(3503,'Use X-Sendfile to facilitate the download of large file attachments (100 Mb and larger) by customers:'),(1367,'Use a merchant account from your financial institution or choose a bundled payment solution to accept credit cards and other methods of payment on your website.'),(1368,'Use a merchant account from your financial institution to accept online payments'),(4658,'Use custom css'),(1369,'Use custom js'),(1373,'Use default logo'),(1375,'Use dynamic image help'),(1374,'Use dynamic image resizing'),(3395,'Use existing Amazon account'),(3642,'Use existing PayPal account'),(3640,'Use existing account from'),(1372,'Use images lazy load help'),(1371,'Use images lazy load placeholder'),(1370,'Use images lazy load preloaded'),(3727,'Use of Restriction key must be disabled in your Quantum Gateway merchant center account at all times.'),(3664,'Use of the unsupported Payment Data Transfer (PDT) method has been detected'),(3900,'Use one of the following cards to'),(2056,'Use our new nifty module to automatically backup your store and be able to restore it if anything crops up.'),(4743,'Use the Google Tag Manager addon for more flexibility when adding JS code to your web pages.'),(4180,'Use the addon Google Product Feed for advanced flexibility generating a data feed for Facebook based on the product attributes and variants from your store catalog'),(1376,'Use the category name'),(1780,'Use the following key to access safe mode'),(2305,'Use the form below to provide your license information.'),(1377,'Use the navigation bar above this dialog to navigate through the catalog categories'),(3747,'Use the same tax rates for all user membership levels'),(3805,'Use this field for instructions in case the package is not delivered.'),(1378,'Use this section to back the database of your online store up. Please note that the database backup procedure can take up to several minutes.'),(1571,'Use this section to back up the database of your online store. Please note that the database backup procedure can take up to several minutes.'),(1379,'Use this section to define shipping zones.'),(1380,'Use this section to define your store\'s shipping methods.'),(1381,'Use this section to manage the list of existing countries. This list is used in the shipping settings and calculations, and in the registration form at the Customer Front-end.'),(1382,'Use this section to manage the lists of counties, provinces, regions and states of different countries. The lists are used in shipping settings and calculations, and in the registration form at the Customer Front-end.'),(1383,'Use this section to restore the database of your online store. Please note that the database restoration procedure can take up to several minutes'),(1384,'Use this section to review the list of existing membership levels and add new ones'),(3864,'Used credit cards'),(2102,'User'),(265,'User X is logged in'),(1743,'User activity'),(1786,'User filled in Contact Us form'),(4469,'User manuals, release notes, modules, videos and more.'),(1385,'User membership'),(1386,'User type'),(1387,'Username or e-mail'),(1388,'Users'),(3143,'Users list'),(1389,'Uses count'),(1390,'Uses left'),(2695,'Using the modules with this type of license violation is illegal'),(2322,'VALID THRU'),(1391,'VAT'),(1392,'Validate key'),(1393,'Value'),(2393,'Variables for this notification'),(2244,'Variant attribute \"{{column}}\" cannot be empty'),(3697,'Venmo'),(1538,'Verification results'),(2382,'Verified'),(4396,'Verify geo settings'),(2383,'Verifying data before importing...'),(1394,'Version'),(1395,'Version change'),(109,'Via URL'),(1955,'View all addons'),(1766,'View all low inventory products'),(1396,'View all open orders'),(2161,'View all ordered items'),(239,'View cart'),(107,'View image'),(1678,'View in list'),(3328,'View in my addons'),(1397,'View logs'),(2486,'View more addons in Marketplace'),(2722,'View order history'),(3898,'View payment information'),(1398,'View profile'),(2405,'View storefront'),(1399,'View system logs'),(1400,'View update log'),(3754,'Visible for'),(4502,'Visible in products filter'),(1401,'Visit module details page'),(1402,'Visit storefront'),(2532,'Visit the template store'),(2122,'Void'),(2748,'Void multiple[TT]'),(2747,'Void partially[TT]'),(4027,'Void shipment'),(2712,'Void[S]'),(2746,'Void[TT]'),(1403,'Volume discounts'),(4580,'Votes: X'),(1693,'WARNING! There are no more available administrators\' profiles. You will not be able to manage your store after you delete this profile.'),(383,'WE'),(3541,'Want help with SEO? Ask X-Cart Guru'),(2638,'Want to change or add another accounting system? Choose the accounting system you require below and configure it.'),(3157,'Want to customize review surveys and display video testimonials? Try Shopper Approved and collect up to 70x more ratings and reviews'),(1404,'Warning'),(1712,'Warning!'),(1732,'Warning! CSV file was not specified.'),(1710,'Warning! InnoDB engine is not supported. It is required for software operation'),(1668,'Warning! Installing this module will overwrite all language labels translated to the appropriate language.'),(4278,'Warning! Please re-check public and private key values!'),(1735,'Warning! The file you have specified in the \'File (CSV) for upload\' field has not been uploaded to the server.'),(1733,'Warning! The file you have specified in the \'File (CSV) local\' field does not exist or cannot be read.'),(3115,'Warning! The image cannot be resized to reduce capacity for better site performance.'),(2512,'Warning! The selected types of content data will be deleted permanently.'),(1405,'Warning! There is not enough product items in stock to process the order'),(4277,'Warning! This payment method requires OpenSSL extension. Please install and enable this extension in your PHP configuration.'),(1569,'Warning: The restoration procedure is irreversible and erases all the data tables from the store database. It is highly recommended that you back up your current database before restoring one of the previous states from a back-up.'),(1406,'Warning: this operation can not be reverted!'),(2738,'Warnings'),(332,'Watch this short video and learn the basics of how online payment processing works'),(1407,'Watch video'),(4081,'Way to deliver'),(1515,'We are already aware of this problem and working on it. If you would like to get in touch, feel free to contact us via our Help center at _URL_'),(3420,'We are always glad to help you.'),(2055,'We are doing our best to make your upgrade process not only easy to do, but safe.'),(3692,'We are experiencing a problem with the \"PayPal For Marketplaces\" payment method.'),(3164,'We couldn\'t find one correct root category'),(3165,'We couldn\'t find one correct root category, however there are possible candidates'),(1521,'We have found a valid SSL certificate installed on the server. Now you can switch the store to use the secure protocol for the store back-end and checkout, sign-in and profile pages.'),(3526,'We recommend to use share button instead of like'),(4566,'We use this email in case we need additional information on your review. We do not use it for any kind of mailing lists or spam subscriptions'),(3887,'We will authorize'),(2057,'We will email you with emergency links to disable custom modules and stay only with original add-ons.'),(4439,'We will use this info to create invoices, send emails and calculate shipping rates for your customers.'),(4435,'We\'ve tried to guess your country, currency and weight. Verify, please.'),(3342,'Weak password'),(4306,'Web ID'),(1408,'Web server'),(4124,'Web server max upload file size limit is X'),(4651,'Webhook URL is your store\'s URL through which Stripe informs your store about any changes in the order'),(3689,'Webhook listener error: could not subscribe to event(s).'),(4669,'Webmaster Mode allows you to change the storefront design in click-and-edit mode'),(4666,'Webmaster mode'),(4671,'Webmaster mode is disabled'),(4670,'Webmaster mode is enabled'),(1761,'Website'),(406,'Week'),(49,'Weight'),(50,'Weight X'),(1409,'Weight modifier'),(2592,'Weight range'),(1618,'Welcome'),(230,'Welcome to X-Cart'),(1410,'What is benchmark?'),(1624,'What to export'),(2578,'What type of shipping rates would you like to use?'),(329,'What\'s new'),(3398,'When AustraliaPost returns shipping methods which does not exists in the available methods list, these methods will be created in the list automatically'),(3694,'When multiple funding sources are available to the buyer, PayPal automatically determines which additional buttons are appropriate to display. However, you can choose to opt-in or out-of displaying specific funding sources.'),(1411,'When the export is completed, you will be prompted to download the product data file'),(1902,'Widgets cache has been cleaned'),(1903,'Widgets cache has not been cleaned completely'),(2071,'Width'),(1412,'Width (px)'),(3126,'Will be added globally'),(3127,'Will be added to the product class'),(2998,'Will be available if core update is selected'),(2417,'Will be deleted:'),(1747,'Will be installed'),(2414,'Will be updated if core update is selected'),(2653,'Win app'),(3263,'Wonder why it may have happened? It’s likely that your customer entered a wrong card number, password or CVC'),(4845,'Write your message'),(4568,'Write your review'),(2286,'Wrong \"default\" format ({{value}}). Value should be one of \"Yes\" or \"No\"'),(4179,'Wrong \"facebook marketing enabled\" format'),(2285,'Wrong \"owner\" format ({{value}}). Value should be one of \"Yes\" or \"No\"'),(2287,'Wrong \"priceModifier\" format ({{value}}). Correct examples: +1, +1%, -1, -1%'),(2284,'Wrong \"type\" value ({{value}}). This should be \"C\", \"S\", \"H\" or \"T\"'),(2288,'Wrong \"weightModifier\" format ({{value}}). Correct examples: +1, +1%, -1, -1%'),(2770,'Wrong access level format'),(2293,'Wrong added format'),(2941,'Wrong address same format'),(2940,'Wrong anonymous format'),(2262,'Wrong arrival date format'),(2300,'Wrong billing address format'),(2272,'Wrong box height format'),(2271,'Wrong box length format'),(2270,'Wrong box width format'),(3784,'Wrong container type selected: {{value}}. For large package size only the following types are allowed: RECTANGULAR, NONRECTANGULAR, VARIABLE'),(2301,'Wrong country code format'),(2944,'Wrong currency format'),(2263,'Wrong date format'),(2257,'Wrong enabled format'),(4218,'Wrong exclude from shipping cost format'),(2294,'Wrong first login date format'),(2274,'Wrong format of Clean URL value (allowed alpha-numeric, \"_\" and \"-\" chars)'),(2466,'Wrong format: Field contains unallowed characters'),(4219,'Wrong free shipping format'),(4209,'Wrong freight fixed fee format'),(2265,'Wrong inventory tracking format'),(2957,'Wrong item order modifier format'),(2273,'Wrong items per box format'),(2298,'Wrong language format'),(2295,'Wrong last login date format'),(2292,'Wrong login format'),(2268,'Wrong low limit level format'),(2267,'Wrong low stock notification format'),(2258,'Wrong meta desc type format'),(1413,'Wrong method_id specifed'),(2949,'Wrong order item format'),(2951,'Wrong order item name format'),(2952,'Wrong order item price format'),(2955,'Wrong order item quantity format'),(2950,'Wrong order item sku format'),(2953,'Wrong order item subtotal format'),(2954,'Wrong order item total format'),(2948,'Wrong order modifier format'),(2939,'Wrong order number format'),(2964,'Wrong order transaction currency format'),(2958,'Wrong order transaction format'),(2963,'Wrong order transaction id format'),(2959,'Wrong order transaction method format'),(2961,'Wrong order transaction value format'),(2278,'Wrong position format'),(2256,'Wrong price format'),(4798,'Wrong product quantity value format (\"{{value}}\")'),(2297,'Wrong referer format'),(2772,'Wrong role format'),(2260,'Wrong shippable format'),(2299,'Wrong shipping address format'),(2291,'Wrong show title format'),(2302,'Wrong state id format'),(2296,'Wrong status format'),(2266,'Wrong stock level format'),(2942,'Wrong subtotal format'),(3644,'Wrong token of Express Checkout. Please try again. If the problem persists, contact the administrator.'),(2943,'Wrong total format'),(2281,'Wrong type format'),(2264,'Wrong update date format'),(2261,'Wrong use separate box format'),(4509,'Wrong useClasses format'),(1414,'Wrong value is specified for arrival date field. The field was not updated.'),(2259,'Wrong weight format'),(272,'X GB'),(162,'X Language (Code: Y)'),(271,'X MB'),(3561,'X PIN Codes were not assigned.'),(3544,'X PIN code duplicates ignored.'),(3545,'X PIN codes created successfully.'),(3546,'X PIN codes longer than Y characters ignored.'),(3150,'X addon'),(1511,'X addon(s) selected'),(3151,'X addons'),(3152,'X addons (5)'),(340,'X attributes in group'),(269,'X bytes'),(3430,'X code is already used for other coupon, please specify a different code'),(3429,'X coupon(s) has been created'),(3428,'X coupon(s) has been removed'),(3110,'X day left'),(276,'X days'),(3111,'X days left'),(3112,'X days left (5)'),(314,'X entities has been created'),(313,'X entities has been removed'),(2190,'X expired shopping cart(s) have been successfully removed'),(212,'X field is required'),(1506,'X file type'),(4132,'X file(s) attached'),(277,'X hours'),(286,'X image unable to load'),(234,'X item'),(309,'X item available'),(181,'X item in bag'),(196,'X items'),(4633,'X items ($)'),(310,'X items available'),(182,'X items in bag'),(2881,'X items selected'),(270,'X kB'),(121,'X labels'),(430,'X language labels have been removed'),(429,'X languages have been removed'),(333,'X methods available'),(278,'X minutes'),(215,'X module settings'),(2370,'X module will be disabled'),(2372,'X module will be upgraded'),(2510,'X modules selected'),(2371,'X modules will be disabled'),(2373,'X modules will be upgraded'),(275,'X months'),(4831,'X new message for order'),(4856,'X new messages'),(3458,'X off'),(260,'X order'),(261,'X orders'),(344,'X orders on last day'),(346,'X orders on last month'),(345,'X orders on last week'),(312,'X product(s) has been created'),(311,'X product(s) has been removed'),(364,'X products'),(266,'X products found'),(4480,'X products selected'),(258,'X results found'),(347,'X revenue on last day'),(349,'X revenue on last month'),(348,'X revenue on last week'),(279,'X seconds'),(441,'X shipping methods have been created'),(442,'X shipping methods have been removed'),(4528,'X star_1'),(4527,'X stars_2'),(4526,'X stars_3'),(4525,'X stars_4'),(4524,'X stars_5'),(433,'X states have been removed'),(434,'X states have been successfully created'),(4827,'X unread messages'),(274,'X years'),(435,'X zones have been removed'),(436,'X zones have been successfully created'),(4404,'X% Wizard completion'),(358,'X, including images and file attachments'),(1415,'X-Cart'),(3106,'X-Cart Business trial will expire in X day'),(3107,'X-Cart Business trial will expire in X days'),(3108,'X-Cart Business trial will expire in X days (5)'),(130,'X-Cart News'),(2920,'X-Cart Team have done their best to make your upgrade process as enjoyable as possible.'),(3857,'X-Cart automatically checks the connection to X-Payments after the settings are saved.<br/> If the module is configured properly, a \"Test transaction completed successfully\" message is displayed at the top of the page.'),(2558,'X-Cart could not find a valid SSL certificate on your server X.'),(2557,'X-Cart could not find a valid SSL certificate on your server.'),(2556,'X-Cart could not find a valid SSL certificate on your server. Although you can switch the store to use the secure protocol for the website pages, most Internet browsers will likely display a warning message scaring your website visitors away.'),(2182,'X-Cart could not find data in your file.'),(2545,'X-Cart found some issues with installed SSL certificate'),(2455,'X-Cart license key has been successfully verified'),(2456,'X-Cart license key has been successfully verified and activated. But this key has expired and do not allow upgrade store.'),(1416,'X-Cart online store builder'),(4468,'X-Cart professionals will easily materialize just about any idea you’ve got.'),(1417,'X-Cart shopping cart software'),(2884,'X-Cart v5.3 requires PHP version 5.4 or better. Please update the PHP version installed on your server before you proceed.'),(2886,'X-Cart v5.4 requires MariaDB version 10.2.4 or better. Please update the MariaDB version installed on your server before you proceed.'),(2887,'X-Cart v5.4 requires MySQL version 5.7.7 or better. Please update the MySQL version installed on your server before you proceed.'),(2885,'X-Cart v5.4 requires PHP version 7.2 or better. Please update the PHP version installed on your server before you proceed.'),(3911,'X-Payments'),(3939,'X-Payments Dashboard'),(3854,'X-Payments configuration ID'),(3940,'X-Payments considers this transaction as potentially fraudlent.'),(3853,'X-Payments returned the following payment methods for your shopping cart:'),(3876,'X-Payments transaction'),(3077,'XML extensions support'),(1418,'XML parser'),(1419,'XML sitemap'),(3837,'XML sitemap URL: X'),(2323,'YEAR'),(1420,'Yahoo!'),(1421,'Yandex'),(409,'Year'),(2127,'Year when store started its operation'),(1422,'Yes'),(1423,'Yes, I agree with License agreement'),(2411,'Yes, I agree with License agreements'),(2054,'Yes, I have made the full backup of my store files and database'),(4442,'Yes, I sell tangible goods that needed to be shipped'),(1948,'Yes/No'),(2480,'Yesterday'),(4832,'You Have No Messages'),(159,'You are going to delete the X language'),(2564,'You are logged in as: user'),(1424,'You are not allowed to access this resource!'),(4681,'You are now in layout editing mode'),(4682,'You are now in preview mode'),(2560,'You are operating as:'),(2563,'You are operating as: user'),(1789,'You are sure to clear your cart?'),(2697,'You can also contact our CR department for help with this issue'),(4126,'You can attach X file(s)'),(4125,'You can attach X more file(s)'),(1704,'You can build your web-site during FREE evaluation, but you cannot use this installation for real sales without buying a license.'),(2233,'You can change the CSV delimiter for all subsequent imports and exports using this link'),(2232,'You can change the charset for all subsequent imports and exports using this link'),(317,'You can choose if to download your database data'),(2970,'You can continue as guest or create an account'),(4768,'You can customize the look & feel of the store by configuring the layout and adding the custom CSS or HTML code.'),(3581,'You can define an order id prefix, which would precede each order number in your shop, to make it unique'),(2607,'You can define the following values:'),(4393,'You can find the failed order here'),(2667,'You can find the failed transaction here'),(2555,'You can get more information using this service: '),(155,'You can install these updates after purchasing and activating your X-Cart license key'),(1777,'You can now use the following credentials to access your account'),(2859,'You can purchase AntiFraud Service subscription'),(2605,'You can set up different shipping rates depending on the weight, price or quantity of items in the order.'),(299,'You can upload the database data directly from your local computer'),(4425,'You can view the newly created product in your [storefront] or add a few [more products] to your catalog.'),(4808,'You cannot choose this product'),(1573,'You cannot save database data to a file on the web server (\'var/backup/sqldump.sql.php\').'),(2776,'You cannot update administrator profile ({{value}}). Row is skipped'),(2775,'You cannot update administrator profile ({{value}}). Row will be skipped'),(3228,'You don’t have any notifications right now.'),(4418,'You have added 1 product'),(4551,'You have already reviewed this product'),(3432,'You have already used the coupon'),(1864,'You have an unpaid order #{{ORDER}}'),(4383,'You have configured MailChimp as your primary email newsletter tool. New subscribers will be added directly to your MailChimp lists (this X-Cart list will be skipped). You can manage your subscriber lists under your MailChimp account'),(1652,'You have no payment methods enabled in your shop'),(1431,'You have selected to delete your profile. Please, confirm you want to proceed'),(1617,'You have the following roles:'),(4144,'You have to attach file'),(4143,'You have to attach file to product'),(4684,'You have unsaved changes. Are you really sure to exit the preview?'),(4741,'You have unsaved changes. Are you really sure to exit?'),(4082,'You just added'),(3096,'You must register your X-Cart installation before using it for real sales. Activate your existing license key or purchase a premium license to skyrocket your business.'),(43,'You must register your installation before you can use it for real sales'),(2050,'You need hard and soft reset links in case some 3rd party module crashes your web-store'),(2860,'You need these links in case you want to recover your store'),(3941,'You should accept the changes at the'),(2551,'You should check available free disk space yourself before continuing installation'),(2550,'You should check available free disk space yourself before continuing upgrade'),(2367,'You should confirm that you have created backup before upgrading the store.'),(1861,'You tried to buy more items of \"{{product}}\" product {{description}} than are in stock. We have {{amount}} item(s) only. Please adjust the product quantity.'),(3558,'You will be able to add pin codes after saving changes.'),(1576,'You will be able to provide additional product info (images, attributes, etc.) after you submit this form.'),(4454,'You\'ve successfully set up shipping areas and rates for your store'),(2147,'Your \"Password reset key\" has expired. Please enter the email address associated with your user account to get a new \"Password reset key\".'),(3630,'Your API credentials have been successfully obtained from your PayPal account and saved for use by your X-Cart store.'),(1836,'Your Account'),(3417,'Your Message'),(3203,'Your PHP version is outdated'),(3204,'Your PHP version is outdated and no longer supported'),(3602,'Your PayPal Publisher ID is X'),(4650,'Your Stripe account is no longer accessible. Please connect with Stripe once again.'),(3095,'Your X-Cart Business trial has expired!'),(1703,'Your X-Cart installation is licensed for evaluation purposes only.'),(1425,'Your access link has been expired'),(3130,'Your access to X-Cart Business features expires in X day'),(3131,'Your access to X-Cart Business features expires in X days'),(3132,'Your access to X-Cart Business features expires in X days (5)'),(330,'Your account email is X'),(1441,'Your account information will be e-mailed to you shortly'),(1442,'Your account information will be e-mailed to you shortly.'),(331,'Your account password is X'),(3582,'Your account settings'),(3646,'Your address data was not received from PayPal. Please try again. If the problem persists, contact the administrator.'),(243,'Your cart'),(3871,'Your configuration string is not correct'),(1426,'Your custom addons were prepared for certain core version'),(4662,'Your custom file is successfully saved'),(1443,'Your e-mail'),(4558,'Your email'),(444,'Your first name'),(445,'Your last name'),(1444,'Your name'),(1776,'Your new password'),(1989,'Your order details will be sent to your e-mail address'),(4202,'Your order details will be sent to your email address'),(3584,'Your partner name is PayPal'),(3145,'Your payment has been processed; now the addon can be installed.'),(3146,'Your payment is being processed. The addon license key will be sent to your email address as soon as the processing has been completed. You will be able to use this key to install the addon at any time. '),(3495,'Your payment module to accept payments for digital items. [Get it now]!'),(4555,'Your product rating is saved. Thank you!'),(1445,'Your products will be exported as a CSV file.'),(1785,'Your profile modified'),(2375,'Your request has been sent successfully'),(4569,'Your review'),(4556,'Your review has been updated. Thank your for sharing your opinion with us!'),(193,'Your shopping bag - X item'),(194,'Your shopping bag - X items'),(1446,'Your shopping bag is empty'),(1447,'Your state'),(1448,'Your store'),(1520,'Your store is configured to use the secure protocol for the store back-end and checkout, sign-in and profile pages.'),(1449,'Your store is currently unable to calculate taxes'),(2379,'Your version (X) can be upgraded to'),(4088,'Z - A'),(208,'Zero cannot be used'),(1450,'Zip code'),(1451,'Zip/postal code masks'),(4194,'Zipcode'),(1453,'Zone'),(440,'Zone address masks help'),(439,'Zone city masks help'),(190,'Zone details have been updated successfully'),(1454,'Zone name'),(1507,'Zone not found (X)'),(438,'Zone zipcode masks help'),(1455,'Zones'),(2407,'Zoom image'),(3662,'[BT] In progress'),(2794,'[Edit]'),(3265,'[field] year must be between 1970 and 2038'),(4338,'_MailChimp ecommerce info text_'),(197,'_X_ item'),(198,'_X_ items'),(3663,'__pdt-paypal-warning__'),(2078,'a side box'),(3720,'a2cp-source-code-PAB'),(4811,'a2cp-source-code-REL'),(1831,'address during the recent purchase'),(2114,'always'),(1456,'and'),(4759,'app icon uploader'),(1790,'attributes'),(3124,'attributes_popover_text'),(3404,'authorize_key_help'),(1829,'billing'),(3221,'body of the test email'),(3948,'braintree_merchant_account_id_help'),(1457,'by'),(4389,'by payment callback (Failed + Cancel)'),(4390,'by pressing Place order button'),(1437,'cURL error'),(1716,'cannot create directory'),(303,'cannot set X permissions'),(2361,'checkbox.firstlast.off'),(2360,'checkbox.firstlast.on'),(2359,'checkbox.onoff.off'),(2358,'checkbox.onoff.on'),(2025,'cm'),(3033,'config_file.error_message_1'),(3034,'config_file.label_message'),(4559,'customers'),(2116,'daily'),(1613,'default'),(2801,'default-404-text'),(683,'default-meta-description'),(2792,'default-meta-keywords'),(2791,'default-site-title'),(1518,'deleted'),(2573,'deliveryTime.help'),(4017,'deposit your items at a Post Office'),(1458,'details'),(1688,'dimensions'),(1459,'disabled'),(4692,'disabled blocks'),(2026,'dm'),(3081,'doc_blocks_support.error_message_1'),(3082,'doc_blocks_support.error_message_2'),(3083,'doc_blocks_support.label_message'),(3006,'dom.extension.alert'),(1894,'done'),(1460,'downloads'),(4344,'e-Commerce Analytics disable warning'),(2661,'eBay'),(4151,'ePDQ Currency'),(4153,'ePDQ Enable logging of ePDQ transactions'),(4152,'ePDQ Invoice number prefix'),(4148,'ePDQ PSPID'),(4149,'ePDQ SHA-IN pass phrase'),(4150,'ePDQ SHA-OUT pass phrase'),(4147,'ePDQ settings note'),(2112,'each'),(1625,'editable'),(3212,'email from Contact information section'),(451,'email@example.com'),(2340,'emailNotificationAdminGreeting'),(2339,'emailNotificationAdminHeader'),(2341,'emailNotificationAdminSignature'),(2337,'emailNotificationCustomerGreeting'),(2336,'emailNotificationCustomerHeader'),(2338,'emailNotificationCustomerSignature'),(1731,'empty'),(4011,'enable merchant wizard'),(1461,'enabled'),(2080,'expired'),(4758,'favicon uploader'),(3517,'fedex.CODStatusOptionComment'),(1718,'file does not exist'),(3057,'file_permissions.error_message_1'),(3058,'file_permissions.error_message_2'),(3059,'file_permissions.kb_message'),(2594,'flat rate'),(3901,'for this order'),(767,'from'),(1462,'from URL'),(1463,'from local computer'),(1464,'from local server'),(2039,'g'),(1465,'hard reset'),(4302,'here'),(2378,'hide list'),(2115,'hourly'),(3235,'https://kb.x-cart.com/'),(3254,'https://kb.x-cart.com/general_setup/inaccessible_admin_area_after_enabling_https.html'),(3239,'https://kb.x-cart.com/general_setup/moving_x-cart_to_another_location.html'),(3237,'https://kb.x-cart.com/general_setup/moving_x-cart_to_another_location.html#transfering-database'),(3236,'https://kb.x-cart.com/general_setup/what_to_do_if_your_store_says_we_are_deploying_new_changes_and_you_cannot_access_it.html'),(3240,'https://kb.x-cart.com/import-export/'),(3243,'https://kb.x-cart.com/import-export/csv_format_by_x-cart_data_type/csv_import_categories.html'),(3241,'https://kb.x-cart.com/import-export/csv_format_by_x-cart_data_type/csv_import_classes_&_attributes.html'),(3244,'https://kb.x-cart.com/import-export/csv_format_by_x-cart_data_type/csv_import_customers.html'),(3246,'https://kb.x-cart.com/import-export/csv_format_by_x-cart_data_type/csv_import_orders.html'),(3242,'https://kb.x-cart.com/import-export/csv_format_by_x-cart_data_type/csv_import_product_attribute_values.html'),(3245,'https://kb.x-cart.com/import-export/csv_format_by_x-cart_data_type/csv_import_products.html'),(3252,'https://kb.x-cart.com/integrating_your_store_with_other_web-sites/sell_your_products_with_buy_button.html'),(4802,'https://kb.x-cart.com/modules/update_inventory.html'),(3248,'https://kb.x-cart.com/payments/paypal/setting_up_paypal_express_checkout.html'),(3249,'https://kb.x-cart.com/payments/paypal/setting_up_paypal_payflow_link.html'),(3250,'https://kb.x-cart.com/payments/paypal/setting_up_paypal_payments_advanced.html'),(3251,'https://kb.x-cart.com/payments/paypal/setting_up_paypal_payments_standard.html'),(3238,'https://kb.x-cart.com/seo_and_promotion/setting_up_seo-friendly_urls.html'),(3247,'https://kb.x-cart.com/setting_up_x-cart_5_environment/configuring_attachments_sending.html'),(3253,'https://kb.x-cart.com/shipping/custom_table_rates.html'),(3256,'https://kb.x-cart.com/shipping/free_shipping.html'),(3259,'https://kb.x-cart.com/taxes/setting_up_canadian_taxes.html'),(3258,'https://kb.x-cart.com/taxes/setting_up_sales_tax.html'),(3260,'https://kb.x-cart.com/taxes/setting_up_tax_classes.html'),(3257,'https://kb.x-cart.com/taxes/setting_up_vat_gst.html'),(3255,'https://kb.x-cart.com/users/user_roles.html'),(3073,'https_bouncer.error_message_1'),(3074,'https_bouncer.error_message_2'),(3076,'https_bouncer.kb_message'),(3075,'https_bouncer.label_message'),(4271,'iDEAL Currency'),(4273,'iDEAL Enable logging of iDEAL transactions'),(4272,'iDEAL Invoice number prefix'),(4265,'iDEAL Merchant ID'),(4269,'iDEAL Private Key'),(4270,'iDEAL Private Key Password'),(4267,'iDEAL Public Certificate File'),(4268,'iDEAL Public Key'),(4266,'iDEAL SubID'),(1682,'if you have any questions'),(3209,'imgsize-XLite\\Model\\Image\\Common\\Logo-Default'),(2543,'imgsize-category-Default'),(2540,'imgsize-product-Default'),(2541,'imgsize-product-LGThumbnailGrid'),(2542,'imgsize-product-LGThumbnailList'),(3910,'in'),(1466,'in description'),(1467,'in title'),(2693,'inactive license key(s);'),(2027,'inches'),(3031,'install_script.error_message_1'),(2694,'installed module(s) not allowed by the type of X-Cart license activated at your store.'),(1501,'invalid module ID passed: X'),(1468,'is available'),(1689,'item(s)'),(1788,'item(s) in stock'),(236,'items'),(1469,'items available'),(3012,'itemslist.admin.category.blank'),(3472,'itemslist.admin.coupon.blank'),(3013,'itemslist.admin.membership.blank'),(3771,'itemslist.admin.menu.blank'),(4372,'itemslist.admin.news_message.blank'),(3008,'itemslist.admin.order.blank'),(3007,'itemslist.admin.order.search.blank'),(3770,'itemslist.admin.page.blank'),(3011,'itemslist.admin.product.blank'),(3010,'itemslist.admin.product.search.blank'),(4604,'itemslist.admin.review.blank'),(3026,'itemslist.admin.subcategory.blank'),(4382,'itemslist.admin.subscribers.blank'),(4519,'itemslist.admin.tag.blank'),(4731,'itemslist.admin.template.blank'),(3009,'itemslist.admin.transaction.blank'),(3834,'itemslist.admin.volume_discounts.blank'),(2038,'kg'),(1610,'label name,'),(1611,'label translation.'),(3966,'label.coming_soon'),(1604,'labels count:'),(1609,'language code,'),(2036,'lbs'),(4115,'learn more'),(1470,'less'),(3490,'less one hour'),(1639,'local files'),(4757,'logo uploader'),(3216,'mail tester line 1'),(3217,'mail tester line 2'),(3218,'mail tester line 3'),(3219,'mail tester line 4'),(4339,'mailchimp_settings_promo_text'),(3005,'mbstring.extension.alert'),(2024,'mm'),(1503,'module version X is not equal to the core one (Y)'),(4,'module-sort-Alphabetically'),(2,'module-sort-Most popular'),(3,'module-sort-Newest'),(1471,'modules'),(2118,'monthly'),(2721,'more'),(1472,'ms'),(1626,'multi value'),(3065,'mysql_cache.error_message_1'),(3061,'mysql_version.error_message_1'),(3062,'mysql_version.error_message_2'),(3063,'mysql_version.error_message_3'),(68,'n/a'),(2757,'na_admin'),(2729,'na_customer'),(1473,'never'),(3149,'new core'),(3153,'new core and X addon'),(3154,'new core and X addons'),(3155,'new core and X addons (5)'),(4761,'new template'),(2215,'no comments'),(1474,'none'),(1475,'not all archives were unpacked'),(453,'not all upgrade packs were downloaded'),(1477,'not available for sale'),(4388,'not finished'),(1478,'not installed'),(1479,'not ready to download packs. Please, try again'),(2901,'notification.column.administrator'),(2900,'notification.column.customer'),(2897,'notification.section.administrator'),(2896,'notification.section.customer'),(2899,'notification.tab.administrator'),(2898,'notification.tab.customer'),(1744,'now disabled'),(1480,'of'),(3888,'on your credit card in order to attach this credit card to your account. The amount will be released back to your card after a while.'),(4411,'onboarding.add_product.heading'),(4413,'onboarding.add_product.import'),(4412,'onboarding.add_product.text'),(4410,'onboarding.intro.disable_button'),(4406,'onboarding.intro.heading'),(4409,'onboarding.intro.later_button'),(4408,'onboarding.intro.next_button'),(4407,'onboarding.intro.text'),(1481,'options'),(1482,'or'),(4450,'or choose a shipping carrier to provide your customers with real-time quotes'),(3638,'or go to checkout as a New customer'),(2969,'or proceed with'),(2861,'or use the form below'),(4561,'out of'),(1676,'outdated'),(2037,'oz'),(3847,'page.'),(2332,'paymentStatus.Active'),(2333,'paymentStatus.Inactive'),(3613,'paypal_welcome_text'),(2595,'per item'),(259,'per page'),(2596,'per weight unit'),(320,'percent X off'),(3041,'php_disabled_functions.error_message_1'),(3042,'php_disabled_functions.label_message'),(3047,'php_file_uploads.error_message_1'),(3048,'php_file_uploads.label_message'),(3067,'php_gdlib.error_message_1'),(3068,'php_gdlib.error_message_2'),(3044,'php_memory_limit.error_message_1'),(3045,'php_memory_limit.label_message'),(3050,'php_pdo_mysql.error_message_1'),(3052,'php_pdo_mysql.kb_message'),(3051,'php_pdo_mysql.label_message'),(3070,'php_phar.error_message_1'),(3071,'php_phar.label_message'),(3054,'php_upload_max_file_size.error_message_1'),(3055,'php_upload_max_file_size.label_message'),(3036,'php_version.error_message_1'),(3037,'php_version.error_message_2'),(3038,'php_version.error_message_3'),(3039,'php_version.label_message'),(1429,'please sign in'),(3687,'pp-button-location:Add2Cart popup'),(3683,'pp-button-location:Cart'),(3685,'pp-button-location:Checkout'),(3686,'pp-button-location:Checkout (credit)'),(3684,'pp-button-location:Minicart'),(3682,'pp-button-location:Product list'),(3681,'pp-button-location:Product page'),(2310,'price-All'),(2312,'price-Free'),(2311,'price-Paid'),(1696,'products'),(1483,'proxy'),(3407,'relay_response_help'),(1952,'requested for'),(1546,'requested once or twice'),(1545,'requested only once'),(157,'required'),(4596,'reviewMetaDescription'),(1484,'sale'),(2911,'same as shipping'),(2113,'save'),(3859,'section.'),(4345,'send all discount coupons'),(4346,'send only discount coupons with matched rules'),(3213,'sender identified by server'),(4016,'shipments are picked up by Canada Post'),(1830,'shipping'),(2600,'shippingFormula.DiscountedSubtotal'),(2602,'shippingFormula.Free'),(2598,'shippingFormula.Items'),(2597,'shippingFormula.Shipping'),(2599,'shippingFormula.Subtotal'),(2601,'shippingFormula.Weight'),(2620,'shippingStatus.Active'),(2621,'shippingStatus.Inactive'),(2588,'shippingTableType.All'),(2585,'shippingTableType.DiscountedSubtotal'),(2587,'shippingTableType.Items'),(2584,'shippingTableType.Subtotal'),(2586,'shippingTableType.Weight'),(1485,'should be performed manually'),(2422,'show list'),(1486,'soft reset'),(3214,'specific email address (set up below)'),(4608,'star_tooltip_1'),(4609,'star_tooltip_2'),(4610,'star_tooltip_3'),(4611,'star_tooltip_4'),(4612,'star_tooltip_5'),(1717,'subdirectories problems'),(59,'submit_restore_pass'),(3906,'tab and get back here to configure methods.'),(2574,'tableType.help'),(9,'tag-Accounting'),(10,'tag-Administration'),(8,'tag-All'),(7,'tag-All tags'),(2313,'tag-Catalog Management'),(25,'tag-Checkout'),(11,'tag-Delivery'),(12,'tag-Development'),(27,'tag-Fraud prevention'),(13,'tag-Fulfillment'),(14,'tag-Marketing'),(23,'tag-Migration'),(21,'tag-Orders'),(15,'tag-Payment processing'),(24,'tag-Price modifiers'),(26,'tag-Products'),(20,'tag-Sales Channels'),(2314,'tag-Search and Navigation'),(22,'tag-Security'),(16,'tag-Statistics'),(17,'tag-Translation'),(18,'tag-User experience'),(19,'tag-Website design'),(4763,'template weight'),(2519,'the categories and product classes to which the coupon may be applied;'),(1755,'the custom modifications will be lost'),(2517,'the dates the coupon should be valid for;'),(2079,'the main column'),(2518,'the order subtotal range for which the coupon can be used;'),(2862,'the same as billing'),(4740,'themetweaker.shortcut.save'),(4739,'themetweaker.shortcut.switcher'),(2790,'title-delimiter'),(3207,'to be uninstalled'),(2968,'to enjoy checkout'),(3535,'to view the advanced statistics'),(1487,'trying to install a non-marketplace module: X'),(1488,'trying to unpack non-downloaded archives'),(4762,'type filename and press Enter'),(1502,'unable to add module entry to the installation list: X'),(1489,'unable to install: not all archives were unpacked. Please, try again'),(1490,'unable to test files: not all archives were unpacked'),(1504,'unable to upload module'),(2509,'unavailable'),(2111,'units'),(1491,'unknown'),(1888,'unknown error'),(3173,'up to 1 decimal'),(3175,'up to 10'),(3176,'up to 100'),(3172,'up to 2 decimals'),(3174,'up to integer'),(1670,'upgrade core'),(3002,'upgrade_warning_text'),(4781,'ups.CODStatusOptionComment'),(3782,'usps.CODStatusOptionComment'),(1708,'verified version'),(2377,'view list'),(4563,'votes'),(3995,'warning: parcel is overweight'),(4675,'webmasterMode.Disabled'),(4674,'webmasterMode.Enabled'),(2117,'weekly'),(1687,'weight'),(2520,'whether the coupon may be used by everyone or only by users with specific memberships.'),(3914,'with'),(4730,'xlite-translation-popover.help'),(3078,'xml_support.error_message_1'),(3079,'xml_support.label_message'),(2119,'yearly'),(1492,'you save'),(1757,'your web site may crash'),(4520,'{{count}} Tag duplicates ignored'),(1990,'{{count}} created'),(3269,'{{count}} day'),(3270,'{{count}} days'),(1991,'{{count}} updated'),(2837,'{{field}} length must be less then {{length}}'),(2764,'{{file}} does not exist on the filesystem'),(2761,'{{file}} file could not be copied to a new location {{newPath}}'),(1919,'{{module}} license agreement'),(2005,'{{name}} attributes'),(1878,'{{paymentMethod}} settings'),(3785,'{{value}} is an invalid container type for a REGULAR package. Valid Container is: VARIABLE');
/*!40000 ALTER TABLE `xlite_language_labels` ENABLE KEYS */;
UNLOCK TABLES;

--
-- Table structure for table `xlite_language_translations`
--

DROP TABLE IF EXISTS `xlite_language_translations`;
/*!40101 SET @saved_cs_client     = @@character_set_client */;
/*!40101 SET character_set_client = utf8 */;
CREATE TABLE `xlite_language_translations` (
  `label_id` int(11) NOT NULL AUTO_INCREMENT,
  `id` int(11) DEFAULT NULL,
  `name` varchar(64) COLLATE utf8_unicode_ci NOT NULL,
  `code` char(2) COLLATE utf8_unicode_ci NOT NULL,
  PRIMARY KEY (`label_id`),
  KEY `IDX_610C29E2BF396750` (`id`),
  KEY `ci` (`code`,`id`),
  CONSTRAINT `FK_610C29E2BF396750` FOREIGN KEY (`id`) REFERENCES `xlite_languages` (`lng_id`) ON DELETE CASCADE
) ENGINE=InnoDB AUTO_INCREMENT=183 DEFAULT CHARSET=utf8 COLLATE=utf8_unicode_ci;
/*!40101 SET character_set_client = @saved_cs_client */;

--
-- Dumping data for table `xlite_language_translations`
--

LOCK TABLES `xlite_language_translations` WRITE;
/*!40000 ALTER TABLE `xlite_language_translations` DISABLE KEYS */;
INSERT INTO `xlite_language_translations` VALUES (1,1,'Afar','en'),(2,2,'Abkhazian','en'),(3,3,'Afrikaans','en'),(4,4,'Akan','en'),(5,5,'Albanian','en'),(6,6,'Amharic','en'),(7,7,'Arabic','en'),(8,8,'Aragonese','en'),(9,9,'Armenian','en'),(10,10,'Assamese','en'),(11,11,'Avaric','en'),(12,12,'Avestan','en'),(13,13,'Aymara','en'),(14,14,'Azerbaijani','en'),(15,15,'Bashkir','en'),(16,16,'Bambara','en'),(17,17,'Basque','en'),(18,18,'Belarusian','en'),(19,19,'Bengali','en'),(20,20,'Bihari','en'),(21,21,'Bislama','en'),(22,22,'Bosnian','en'),(23,23,'Brazilian Portuguese','en'),(24,24,'British','en'),(25,25,'Bulgarian','en'),(26,26,'Burmese','en'),(27,27,'Catalan','en'),(28,28,'Chamorro','en'),(29,29,'Chechen','en'),(30,30,'Chinese','en'),(31,31,'Church Slavic','en'),(32,32,'Chuvash','en'),(33,33,'Cornish','en'),(34,34,'Corsican','en'),(35,35,'Cree','en'),(36,36,'Czech','en'),(37,37,'Danish','en'),(38,38,'Divehi','en'),(39,39,'Dutch','en'),(40,40,'Dzongkha','en'),(41,41,'English','en'),(42,42,'Esperanto','en'),(43,43,'Estonian','en'),(44,44,'Ewe','en'),(45,45,'Faroese','en'),(46,46,'Fijian','en'),(47,47,'Finnish','en'),(48,48,'French','en'),(49,49,'Western Frisian','en'),(50,50,'Fulah','en'),(51,51,'Georgian','en'),(52,52,'German','en'),(53,53,'Gaelic','en'),(54,54,'Irish','en'),(55,55,'Galician','en'),(56,56,'Manx','en'),(57,57,'Greek','en'),(58,58,'Guarani','en'),(59,59,'Gujarati','en'),(60,60,'Haitian','en'),(61,61,'Hausa','en'),(62,62,'Hebrew','en'),(63,63,'Herero','en'),(64,64,'Hindi','en'),(65,65,'Hiri Motu','en'),(66,66,'Croatian','en'),(67,67,'Hungarian','en'),(68,68,'Igbo','en'),(69,69,'Icelandic','en'),(70,70,'Ido','en'),(71,71,'Sichuan Yi','en'),(72,72,'Inuktitut','en'),(73,73,'Interlingue','en'),(74,74,'Interlingua','en'),(75,75,'Indonesian','en'),(76,76,'Inupiaq','en'),(77,77,'Italian','en'),(78,78,'Javanese','en'),(79,79,'Japanese','en'),(80,80,'Kalaallisut','en'),(81,81,'Kannada','en'),(82,82,'Kashmiri','en'),(83,83,'Kanuri','en'),(84,84,'Kazakh','en'),(85,85,'Khmer or Cambodian','en'),(86,86,'Kikuyu','en'),(87,87,'Kinyarwanda','en'),(88,88,'Kirghiz','en'),(89,89,'Komi','en'),(90,90,'Kongo','en'),(91,91,'Korean','en'),(92,92,'Kuanyama','en'),(93,93,'Kurdish','en'),(94,94,'Lao','en'),(95,95,'Latin','en'),(96,96,'Latvian','en'),(97,97,'Limburgan','en'),(98,98,'Lingala','en'),(99,99,'Lithuanian','en'),(100,100,'Luxembourgish','en'),(101,101,'Luba-Katanga','en'),(102,102,'Ganda','en'),(103,103,'Macedonian','en'),(104,104,'Marshallese','en'),(105,105,'Malayalam','en'),(106,106,'Maori','en'),(107,107,'Marathi','en'),(108,108,'Malay','en'),(109,109,'Malagasy','en'),(110,110,'Maltese','en'),(111,111,'Mongolian','en'),(112,112,'Nauru','en'),(113,113,'Navajo','en'),(114,114,'Ndebel','en'),(115,115,'Ndebel','en'),(116,116,'Ndonga','en'),(117,117,'Nepali','en'),(118,118,'Norwegian','en'),(119,119,'Chichewa','en'),(120,120,'Occitan','en'),(121,121,'Ojibwa','en'),(122,122,'Oriya','en'),(123,123,'Oromo','en'),(124,124,'Ossetian','en'),(125,125,'Panjabi','en'),(126,126,'Persian','en'),(127,127,'Pali','en'),(128,128,'Polish','en'),(129,129,'Portuguese','en'),(130,130,'Pushto','en'),(131,131,'Quechua','en'),(132,132,'Romansh','en'),(133,133,'Romanian','en'),(134,134,'Rundi','en'),(135,135,'Russian','en'),(136,136,'Sango','en'),(137,137,'Sanskrit','en'),(138,138,'Sinhala','en'),(139,139,'Slovak','en'),(140,140,'Slovenian','en'),(141,141,'Northern Sami','en'),(142,142,'Samoan','en'),(143,143,'Shona','en'),(144,144,'Sindhi','en'),(145,145,'Somali','en'),(146,146,'Soth','en'),(147,147,'Spanish','en'),(148,148,'Sardinian','en'),(149,149,'Serbian','en'),(150,150,'Swati','en'),(151,151,'Sundanese','en'),(152,152,'Swahili','en'),(153,153,'Swedish','en'),(154,154,'Tahitian','en'),(155,155,'Tamil','en'),(156,156,'Tatar','en'),(157,157,'Telugu','en'),(158,158,'Tajik','en'),(159,159,'Tagalog','en'),(160,160,'Thai','en'),(161,161,'Tibetan','en'),(162,162,'Tigrinya','en'),(163,163,'Tonga','en'),(164,164,'Tswana','en'),(165,165,'Tsonga','en'),(166,166,'Turkmen','en'),(167,167,'Turkish','en'),(168,168,'Twi','en'),(169,169,'Uighur','en'),(170,170,'Ukrainian','en'),(171,171,'Urdu','en'),(172,172,'Uzbek','en'),(173,173,'Venda','en'),(174,174,'Vietnamese','en'),(175,175,'Welsh','en'),(176,176,'Walloon','en'),(177,177,'Wolof','en'),(178,178,'Xhosa','en'),(179,179,'Yiddish','en'),(180,180,'Yoruba','en'),(181,181,'Zhuang','en'),(182,182,'Zulu','en');
/*!40000 ALTER TABLE `xlite_language_translations` ENABLE KEYS */;
UNLOCK TABLES;

--
-- Table structure for table `xlite_languages`
--

DROP TABLE IF EXISTS `xlite_languages`;
/*!40101 SET @saved_cs_client     = @@character_set_client */;
/*!40101 SET character_set_client = utf8 */;
CREATE TABLE `xlite_languages` (
  `lng_id` int(11) NOT NULL AUTO_INCREMENT,
  `code` char(2) COLLATE utf8_unicode_ci NOT NULL,
  `code3` char(3) COLLATE utf8_unicode_ci NOT NULL,
  `r2l` tinyint(1) NOT NULL,
  `added` tinyint(1) NOT NULL,
  `enabled` tinyint(1) NOT NULL,
  `module` varchar(255) COLLATE utf8_unicode_ci DEFAULT NULL,
  PRIMARY KEY (`lng_id`),
  UNIQUE KEY `code3` (`code3`),
  UNIQUE KEY `code2` (`code`),
  KEY `added` (`added`),
  KEY `enabled` (`enabled`)
) ENGINE=InnoDB AUTO_INCREMENT=183 DEFAULT CHARSET=utf8 COLLATE=utf8_unicode_ci;
/*!40101 SET character_set_client = @saved_cs_client */;

--
-- Dumping data for table `xlite_languages`
--

LOCK TABLES `xlite_languages` WRITE;
/*!40000 ALTER TABLE `xlite_languages` DISABLE KEYS */;
INSERT INTO `xlite_languages` VALUES (1,'aa','aar',0,0,0,NULL),(2,'ab','abk',0,0,0,NULL),(3,'af','afr',0,0,0,NULL),(4,'ak','aka',0,0,0,NULL),(5,'sq','alb',0,0,0,NULL),(6,'am','amh',0,0,0,NULL),(7,'ar','ara',0,0,0,NULL),(8,'an','arg',0,0,0,NULL),(9,'hy','arm',0,0,0,NULL),(10,'as','asm',0,0,0,NULL),(11,'av','ava',0,0,0,NULL),(12,'ae','ave',0,0,0,NULL),(13,'ay','aym',0,0,0,NULL),(14,'az','aze',0,0,0,NULL),(15,'ba','bak',0,0,0,NULL),(16,'bm','bam',0,0,0,NULL),(17,'eu','baq',0,0,0,NULL),(18,'be','bel',0,0,0,NULL),(19,'bn','ben',0,0,0,NULL),(20,'bh','bih',0,0,0,NULL),(21,'bi','bis',0,0,0,NULL),(22,'bs','bos',0,0,0,NULL),(23,'br','bre',0,0,0,NULL),(24,'gb','gbr',0,0,0,'XC\\GbTranslation'),(25,'bg','bul',0,0,0,NULL),(26,'my','bur',0,0,0,NULL),(27,'ca','cat',0,0,0,NULL),(28,'ch','cha',0,0,0,NULL),(29,'ce','che',0,0,0,NULL),(30,'zh','chi',0,0,0,NULL),(31,'cu','chu',0,0,0,NULL),(32,'cv','chv',0,0,0,NULL),(33,'kw','cor',0,0,0,NULL),(34,'co','cos',0,0,0,NULL),(35,'cr','cre',0,0,0,NULL),(36,'cs','cze',0,0,0,NULL),(37,'da','dan',0,0,0,NULL),(38,'dv','div',0,0,0,NULL),(39,'nl','dut',0,0,0,NULL),(40,'dz','dzo',0,0,0,NULL),(41,'en','eng',0,1,1,NULL),(42,'eo','epo',0,0,0,NULL),(43,'et','est',0,0,0,NULL),(44,'ee','ewe',0,0,0,NULL),(45,'fo','fao',0,0,0,NULL),(46,'fj','fij',0,0,0,NULL),(47,'fi','fin',0,0,0,NULL),(48,'fr','fre',0,0,0,'CDev\\FrTranslation'),(49,'fy','fry',0,0,0,NULL),(50,'ff','ful',0,0,0,NULL),(51,'ka','geo',0,0,0,NULL),(52,'de','ger',0,0,0,'CDev\\DeTranslation'),(53,'gd','gla',0,0,0,NULL),(54,'ga','gle',0,0,0,NULL),(55,'gl','glg',0,0,0,NULL),(56,'gv','glv',0,0,0,NULL),(57,'el','gre',0,0,0,NULL),(58,'gn','grn',0,0,0,NULL),(59,'gu','guj',0,0,0,NULL),(60,'ht','hat',0,0,0,NULL),(61,'ha','hau',0,0,0,NULL),(62,'he','heb',0,0,0,NULL),(63,'hz','her',0,0,0,NULL),(64,'hi','hin',0,0,0,NULL),(65,'ho','hmo',0,0,0,NULL),(66,'hr','hrv',0,0,0,NULL),(67,'hu','hun',0,0,0,NULL),(68,'ig','ibo',0,0,0,NULL),(69,'is','ice',0,0,0,NULL),(70,'io','ido',0,0,0,NULL),(71,'ii','iii',0,0,0,NULL),(72,'iu','iku',0,0,0,NULL),(73,'ie','ile',0,0,0,NULL),(74,'ia','ina',0,0,0,NULL),(75,'id','ind',0,0,0,NULL),(76,'ik','ipk',0,0,0,NULL),(77,'it','ita',0,0,0,NULL),(78,'jv','jav',0,0,0,NULL),(79,'ja','jpn',0,0,0,NULL),(80,'kl','kal',0,0,0,NULL),(81,'kn','kan',0,0,0,NULL),(82,'ks','kas',0,0,0,NULL),(83,'kr','kau',0,0,0,NULL),(84,'kk','kaz',0,0,0,NULL),(85,'km','khm',0,0,0,NULL),(86,'ki','kik',0,0,0,NULL),(87,'rw','kin',0,0,0,NULL),(88,'ky','kir',0,0,0,NULL),(89,'kv','kom',0,0,0,NULL),(90,'kg','kon',0,0,0,NULL),(91,'ko','kor',0,0,0,NULL),(92,'kj','kua',0,0,0,NULL),(93,'ku','kur',0,0,0,NULL),(94,'lo','lao',0,0,0,NULL),(95,'la','lat',0,0,0,NULL),(96,'lv','lav',0,0,0,NULL),(97,'li','lim',0,0,0,NULL),(98,'ln','lin',0,0,0,NULL),(99,'lt','lit',0,0,0,NULL),(100,'lb','ltz',0,0,0,NULL),(101,'lu','lub',0,0,0,NULL),(102,'lg','lug',0,0,0,NULL),(103,'mk','mac',0,0,0,NULL),(104,'mh','mah',0,0,0,NULL),(105,'ml','mal',0,0,0,NULL),(106,'mi','mao',0,0,0,NULL),(107,'mr','mar',0,0,0,NULL),(108,'ms','may',0,0,0,NULL),(109,'mg','mlg',0,0,0,NULL),(110,'mt','mlt',0,0,0,NULL),(111,'mn','mon',0,0,0,NULL),(112,'na','nau',0,0,0,NULL),(113,'nv','nav',0,0,0,NULL),(114,'nr','nbl',0,0,0,NULL),(115,'nd','nde',0,0,0,NULL),(116,'ng','ndo',0,0,0,NULL),(117,'ne','nep',0,0,0,NULL),(118,'no','nor',0,0,0,NULL),(119,'ny','nya',0,0,0,NULL),(120,'oc','oci',0,0,0,NULL),(121,'oj','oji',0,0,0,NULL),(122,'or','ori',0,0,0,NULL),(123,'om','orm',0,0,0,NULL),(124,'os','oss',0,0,0,NULL),(125,'pa','pan',0,0,0,NULL),(126,'fa','per',0,0,0,NULL),(127,'pi','pli',0,0,0,NULL),(128,'pl','pol',0,0,0,NULL),(129,'pt','por',0,0,0,NULL),(130,'ps','pus',0,0,0,NULL),(131,'qu','que',0,0,0,NULL),(132,'rm','roh',0,0,0,NULL),(133,'ro','rum',0,0,0,NULL),(134,'rn','run',0,0,0,NULL),(135,'ru','rus',0,0,0,'CDev\\RuTranslation'),(136,'sg','sag',0,0,0,NULL),(137,'sa','san',0,0,0,NULL),(138,'si','sin',0,0,0,NULL),(139,'sk','slo',0,0,0,NULL),(140,'sl','slv',0,0,0,NULL),(141,'se','sme',0,0,0,NULL),(142,'sm','smo',0,0,0,NULL),(143,'sn','sna',0,0,0,NULL),(144,'sd','snd',0,0,0,NULL),(145,'so','som',0,0,0,NULL),(146,'st','sot',0,0,0,NULL),(147,'es','spa',0,0,0,NULL),(148,'sc','srd',0,0,0,NULL),(149,'sr','srp',0,0,0,NULL),(150,'ss','ssw',0,0,0,NULL),(151,'su','sun',0,0,0,NULL),(152,'sw','swa',0,0,0,NULL),(153,'sv','swe',0,0,0,NULL),(154,'ty','tah',0,0,0,NULL),(155,'ta','tam',0,0,0,NULL),(156,'tt','tat',0,0,0,NULL),(157,'te','tel',0,0,0,NULL),(158,'tg','tgk',0,0,0,NULL),(159,'tl','tgl',0,0,0,NULL),(160,'th','tha',0,0,0,NULL),(161,'bo','tib',0,0,0,NULL),(162,'ti','tir',0,0,0,NULL),(163,'to','ton',0,0,0,NULL),(164,'tn','tsn',0,0,0,NULL),(165,'ts','tso',0,0,0,NULL),(166,'tk','tuk',0,0,0,NULL),(167,'tr','tur',0,0,0,NULL),(168,'tw','twi',0,0,0,NULL),(169,'ug','uig',0,0,0,NULL),(170,'uk','ukr',0,0,0,NULL),(171,'ur','urd',0,0,0,NULL),(172,'uz','uzb',0,0,0,NULL),(173,'ve','ven',0,0,0,NULL),(174,'vi','vie',0,0,0,NULL),(175,'cy','wel',0,0,0,NULL),(176,'wa','wln',0,0,0,NULL),(177,'wo','wol',0,0,0,NULL),(178,'xh','xho',0,0,0,NULL),(179,'yi','yid',0,0,0,NULL),(180,'yo','yor',0,0,0,NULL),(181,'za','zha',0,0,0,NULL),(182,'zu','zul',0,0,0,NULL);
/*!40000 ALTER TABLE `xlite_languages` ENABLE KEYS */;
UNLOCK TABLES;

--
-- Table structure for table `xlite_logo_images`
--

DROP TABLE IF EXISTS `xlite_logo_images`;
/*!40101 SET @saved_cs_client     = @@character_set_client */;
/*!40101 SET character_set_client = utf8 */;
CREATE TABLE `xlite_logo_images` (
  `id` int(10) unsigned NOT NULL AUTO_INCREMENT,
  `width` int(11) NOT NULL,
  `height` int(11) NOT NULL,
  `hash` char(32) COLLATE utf8_unicode_ci DEFAULT NULL,
  `needProcess` tinyint(1) NOT NULL,
  `path` varchar(512) COLLATE utf8_unicode_ci NOT NULL,
  `fileName` varchar(255) COLLATE utf8_unicode_ci NOT NULL,
  `mime` varchar(128) COLLATE utf8_unicode_ci NOT NULL,
  `storageType` varchar(1) COLLATE utf8_unicode_ci NOT NULL,
  `size` int(10) unsigned NOT NULL,
  `date` int(10) unsigned NOT NULL,
  PRIMARY KEY (`id`)
) ENGINE=InnoDB DEFAULT CHARSET=utf8 COLLATE=utf8_unicode_ci;
/*!40101 SET character_set_client = @saved_cs_client */;

--
-- Dumping data for table `xlite_logo_images`
--

LOCK TABLES `xlite_logo_images` WRITE;
/*!40000 ALTER TABLE `xlite_logo_images` DISABLE KEYS */;
/*!40000 ALTER TABLE `xlite_logo_images` ENABLE KEYS */;
UNLOCK TABLES;

--
-- Table structure for table `xlite_mailchimp_list_group`
--

DROP TABLE IF EXISTS `xlite_mailchimp_list_group`;
/*!40101 SET @saved_cs_client     = @@character_set_client */;
/*!40101 SET character_set_client = utf8 */;
CREATE TABLE `xlite_mailchimp_list_group` (
  `id` varchar(32) COLLATE utf8_unicode_ci NOT NULL,
  `list_id` varchar(32) COLLATE utf8_unicode_ci DEFAULT NULL,
  `title` varchar(128) COLLATE utf8_unicode_ci NOT NULL,
  `type` varchar(128) COLLATE utf8_unicode_ci NOT NULL,
  `enabled` tinyint(1) NOT NULL,
  PRIMARY KEY (`id`),
  KEY `IDX_2F783133DAE168B` (`list_id`),
  CONSTRAINT `FK_2F783133DAE168B` FOREIGN KEY (`list_id`) REFERENCES `xlite_mailchimp_lists` (`id`)
) ENGINE=InnoDB DEFAULT CHARSET=utf8 COLLATE=utf8_unicode_ci;
/*!40101 SET character_set_client = @saved_cs_client */;

--
-- Dumping data for table `xlite_mailchimp_list_group`
--

LOCK TABLES `xlite_mailchimp_list_group` WRITE;
/*!40000 ALTER TABLE `xlite_mailchimp_list_group` DISABLE KEYS */;
/*!40000 ALTER TABLE `xlite_mailchimp_list_group` ENABLE KEYS */;
UNLOCK TABLES;

--
-- Table structure for table `xlite_mailchimp_list_group_name`
--

DROP TABLE IF EXISTS `xlite_mailchimp_list_group_name`;
/*!40101 SET @saved_cs_client     = @@character_set_client */;
/*!40101 SET character_set_client = utf8 */;
CREATE TABLE `xlite_mailchimp_list_group_name` (
  `id` varchar(32) COLLATE utf8_unicode_ci NOT NULL,
  `group_id` varchar(32) COLLATE utf8_unicode_ci DEFAULT NULL,
  `name` varchar(128) COLLATE utf8_unicode_ci NOT NULL,
  `subscriberCount` int(10) unsigned NOT NULL,
  `subscribeByDefault` tinyint(1) NOT NULL,
  `enabled` tinyint(1) NOT NULL,
  PRIMARY KEY (`id`),
  KEY `IDX_5917FD4DFE54D947` (`group_id`),
  CONSTRAINT `FK_5917FD4DFE54D947` FOREIGN KEY (`group_id`) REFERENCES `xlite_mailchimp_list_group` (`id`)
) ENGINE=InnoDB DEFAULT CHARSET=utf8 COLLATE=utf8_unicode_ci;
/*!40101 SET character_set_client = @saved_cs_client */;

--
-- Dumping data for table `xlite_mailchimp_list_group_name`
--

LOCK TABLES `xlite_mailchimp_list_group_name` WRITE;
/*!40000 ALTER TABLE `xlite_mailchimp_list_group_name` DISABLE KEYS */;
/*!40000 ALTER TABLE `xlite_mailchimp_list_group_name` ENABLE KEYS */;
UNLOCK TABLES;

--
-- Table structure for table `xlite_mailchimp_list_segments`
--

DROP TABLE IF EXISTS `xlite_mailchimp_list_segments`;
/*!40101 SET @saved_cs_client     = @@character_set_client */;
/*!40101 SET character_set_client = utf8 */;
CREATE TABLE `xlite_mailchimp_list_segments` (
  `id` varchar(32) COLLATE utf8_unicode_ci NOT NULL,
  `list_id` varchar(32) COLLATE utf8_unicode_ci DEFAULT NULL,
  `name` varchar(128) COLLATE utf8_unicode_ci NOT NULL,
  `created_date` varchar(128) COLLATE utf8_unicode_ci NOT NULL,
  `static` tinyint(1) NOT NULL,
  `useOrdersLastMonth` tinyint(1) NOT NULL,
  `ordersLastMonth` int(11) NOT NULL,
  `useOrderAmount` tinyint(1) NOT NULL,
  `orderAmount` decimal(14,4) NOT NULL,
  `useMemberships` tinyint(1) NOT NULL,
  `useProducts` tinyint(1) NOT NULL,
  `enabled` tinyint(1) NOT NULL,
  PRIMARY KEY (`id`),
  KEY `IDX_93CC76423DAE168B` (`list_id`),
  CONSTRAINT `FK_93CC76423DAE168B` FOREIGN KEY (`list_id`) REFERENCES `xlite_mailchimp_lists` (`id`)
) ENGINE=InnoDB DEFAULT CHARSET=utf8 COLLATE=utf8_unicode_ci;
/*!40101 SET character_set_client = @saved_cs_client */;

--
-- Dumping data for table `xlite_mailchimp_list_segments`
--

LOCK TABLES `xlite_mailchimp_list_segments` WRITE;
/*!40000 ALTER TABLE `xlite_mailchimp_list_segments` DISABLE KEYS */;
/*!40000 ALTER TABLE `xlite_mailchimp_list_segments` ENABLE KEYS */;
UNLOCK TABLES;

--
-- Table structure for table `xlite_mailchimp_lists`
--

DROP TABLE IF EXISTS `xlite_mailchimp_lists`;
/*!40101 SET @saved_cs_client     = @@character_set_client */;
/*!40101 SET character_set_client = utf8 */;
CREATE TABLE `xlite_mailchimp_lists` (
  `id` varchar(32) COLLATE utf8_unicode_ci NOT NULL,
  `name` varchar(128) COLLATE utf8_unicode_ci NOT NULL,
  `date_created` varchar(128) COLLATE utf8_unicode_ci NOT NULL,
  `date_updated` int(11) NOT NULL,
  `list_rating` decimal(3,2) NOT NULL,
  `subscribe_url_short` varchar(128) COLLATE utf8_unicode_ci NOT NULL,
  `subscribe_url_long` varchar(128) COLLATE utf8_unicode_ci NOT NULL,
  `member_count` int(11) NOT NULL,
  `open_rate` decimal(5,2) NOT NULL,
  `click_rate` decimal(5,2) NOT NULL,
  `enabled` tinyint(1) NOT NULL,
  `subscribeByDefault` tinyint(1) NOT NULL,
  `isRemoved` tinyint(1) NOT NULL,
  PRIMARY KEY (`id`)
) ENGINE=InnoDB DEFAULT CHARSET=utf8 COLLATE=utf8_unicode_ci;
/*!40101 SET character_set_client = @saved_cs_client */;

--
-- Dumping data for table `xlite_mailchimp_lists`
--

LOCK TABLES `xlite_mailchimp_lists` WRITE;
/*!40000 ALTER TABLE `xlite_mailchimp_lists` DISABLE KEYS */;
/*!40000 ALTER TABLE `xlite_mailchimp_lists` ENABLE KEYS */;
UNLOCK TABLES;

--
-- Table structure for table `xlite_mailchimp_profile_interests`
--

DROP TABLE IF EXISTS `xlite_mailchimp_profile_interests`;
/*!40101 SET @saved_cs_client     = @@character_set_client */;
/*!40101 SET character_set_client = utf8 */;
CREATE TABLE `xlite_mailchimp_profile_interests` (
  `group_name_id` varchar(32) COLLATE utf8_unicode_ci NOT NULL,
  `profile_id` int(11) NOT NULL,
  PRIMARY KEY (`group_name_id`,`profile_id`),
  KEY `IDX_BA74923AF717C8DA` (`group_name_id`),
  KEY `IDX_BA74923ACCFA12B8` (`profile_id`),
  CONSTRAINT `FK_BA74923ACCFA12B8` FOREIGN KEY (`profile_id`) REFERENCES `xlite_profiles` (`profile_id`) ON DELETE CASCADE,
  CONSTRAINT `FK_BA74923AF717C8DA` FOREIGN KEY (`group_name_id`) REFERENCES `xlite_mailchimp_list_group_name` (`id`) ON DELETE CASCADE
) ENGINE=InnoDB DEFAULT CHARSET=utf8 COLLATE=utf8_unicode_ci;
/*!40101 SET character_set_client = @saved_cs_client */;

--
-- Dumping data for table `xlite_mailchimp_profile_interests`
--

LOCK TABLES `xlite_mailchimp_profile_interests` WRITE;
/*!40000 ALTER TABLE `xlite_mailchimp_profile_interests` DISABLE KEYS */;
/*!40000 ALTER TABLE `xlite_mailchimp_profile_interests` ENABLE KEYS */;
UNLOCK TABLES;

--
-- Table structure for table `xlite_mailchimp_segment_subscriptions`
--

DROP TABLE IF EXISTS `xlite_mailchimp_segment_subscriptions`;
/*!40101 SET @saved_cs_client     = @@character_set_client */;
/*!40101 SET character_set_client = utf8 */;
CREATE TABLE `xlite_mailchimp_segment_subscriptions` (
  `segment_id` varchar(32) COLLATE utf8_unicode_ci NOT NULL,
  `profile_id` int(11) NOT NULL,
  PRIMARY KEY (`segment_id`,`profile_id`),
  KEY `IDX_CE45B298DB296AAD` (`segment_id`),
  KEY `IDX_CE45B298CCFA12B8` (`profile_id`),
  CONSTRAINT `FK_CE45B298CCFA12B8` FOREIGN KEY (`profile_id`) REFERENCES `xlite_profiles` (`profile_id`) ON DELETE CASCADE,
  CONSTRAINT `FK_CE45B298DB296AAD` FOREIGN KEY (`segment_id`) REFERENCES `xlite_mailchimp_list_segments` (`id`) ON DELETE CASCADE
) ENGINE=InnoDB DEFAULT CHARSET=utf8 COLLATE=utf8_unicode_ci;
/*!40101 SET character_set_client = @saved_cs_client */;

--
-- Dumping data for table `xlite_mailchimp_segment_subscriptions`
--

LOCK TABLES `xlite_mailchimp_segment_subscriptions` WRITE;
/*!40000 ALTER TABLE `xlite_mailchimp_segment_subscriptions` DISABLE KEYS */;
/*!40000 ALTER TABLE `xlite_mailchimp_segment_subscriptions` ENABLE KEYS */;
UNLOCK TABLES;

--
-- Table structure for table `xlite_mailchimp_store`
--

DROP TABLE IF EXISTS `xlite_mailchimp_store`;
/*!40101 SET @saved_cs_client     = @@character_set_client */;
/*!40101 SET character_set_client = utf8 */;
CREATE TABLE `xlite_mailchimp_store` (
  `id` varchar(32) COLLATE utf8_unicode_ci NOT NULL,
  `list_id` varchar(32) COLLATE utf8_unicode_ci DEFAULT NULL,
  `name` varchar(128) COLLATE utf8_unicode_ci NOT NULL,
  `main` tinyint(1) NOT NULL,
  PRIMARY KEY (`id`),
  UNIQUE KEY `UNIQ_95CF70793DAE168B` (`list_id`),
  CONSTRAINT `FK_95CF70793DAE168B` FOREIGN KEY (`list_id`) REFERENCES `xlite_mailchimp_lists` (`id`) ON DELETE CASCADE
) ENGINE=InnoDB DEFAULT CHARSET=utf8 COLLATE=utf8_unicode_ci;
/*!40101 SET character_set_client = @saved_cs_client */;

--
-- Dumping data for table `xlite_mailchimp_store`
--

LOCK TABLES `xlite_mailchimp_store` WRITE;
/*!40000 ALTER TABLE `xlite_mailchimp_store` DISABLE KEYS */;
/*!40000 ALTER TABLE `xlite_mailchimp_store` ENABLE KEYS */;
UNLOCK TABLES;

--
-- Table structure for table `xlite_mailchimp_subscriptions`
--

DROP TABLE IF EXISTS `xlite_mailchimp_subscriptions`;
/*!40101 SET @saved_cs_client     = @@character_set_client */;
/*!40101 SET character_set_client = utf8 */;
CREATE TABLE `xlite_mailchimp_subscriptions` (
  `list_id` varchar(32) COLLATE utf8_unicode_ci NOT NULL,
  `profile_id` int(11) NOT NULL,
  PRIMARY KEY (`list_id`,`profile_id`),
  KEY `IDX_CF18140A3DAE168B` (`list_id`),
  KEY `IDX_CF18140ACCFA12B8` (`profile_id`),
  CONSTRAINT `FK_CF18140A3DAE168B` FOREIGN KEY (`list_id`) REFERENCES `xlite_mailchimp_lists` (`id`) ON DELETE CASCADE,
  CONSTRAINT `FK_CF18140ACCFA12B8` FOREIGN KEY (`profile_id`) REFERENCES `xlite_profiles` (`profile_id`) ON DELETE CASCADE
) ENGINE=InnoDB DEFAULT CHARSET=utf8 COLLATE=utf8_unicode_ci;
/*!40101 SET character_set_client = @saved_cs_client */;

--
-- Dumping data for table `xlite_mailchimp_subscriptions`
--

LOCK TABLES `xlite_mailchimp_subscriptions` WRITE;
/*!40000 ALTER TABLE `xlite_mailchimp_subscriptions` DISABLE KEYS */;
/*!40000 ALTER TABLE `xlite_mailchimp_subscriptions` ENABLE KEYS */;
UNLOCK TABLES;

--
-- Table structure for table `xlite_measure_dumps`
--

DROP TABLE IF EXISTS `xlite_measure_dumps`;
/*!40101 SET @saved_cs_client     = @@character_set_client */;
/*!40101 SET character_set_client = utf8 */;
CREATE TABLE `xlite_measure_dumps` (
  `id` int(10) unsigned NOT NULL AUTO_INCREMENT,
  `data` varchar(255) COLLATE utf8_unicode_ci NOT NULL,
  `text` longtext COLLATE utf8_unicode_ci NOT NULL,
  PRIMARY KEY (`id`)
) ENGINE=InnoDB DEFAULT CHARSET=utf8 COLLATE=utf8_unicode_ci;
/*!40101 SET character_set_client = @saved_cs_client */;

--
-- Dumping data for table `xlite_measure_dumps`
--

LOCK TABLES `xlite_measure_dumps` WRITE;
/*!40000 ALTER TABLE `xlite_measure_dumps` DISABLE KEYS */;
/*!40000 ALTER TABLE `xlite_measure_dumps` ENABLE KEYS */;
UNLOCK TABLES;

--
-- Table structure for table `xlite_measures`
--

DROP TABLE IF EXISTS `xlite_measures`;
/*!40101 SET @saved_cs_client     = @@character_set_client */;
/*!40101 SET character_set_client = utf8 */;
CREATE TABLE `xlite_measures` (
  `id` int(10) unsigned NOT NULL AUTO_INCREMENT,
  `date` int(10) unsigned NOT NULL,
  `fsTime` int(10) unsigned NOT NULL,
  `dbTime` int(10) unsigned NOT NULL,
  `cpuTime` int(10) unsigned NOT NULL,
  PRIMARY KEY (`id`)
) ENGINE=InnoDB DEFAULT CHARSET=utf8 COLLATE=utf8_unicode_ci;
/*!40101 SET character_set_client = @saved_cs_client */;

--
-- Dumping data for table `xlite_measures`
--

LOCK TABLES `xlite_measures` WRITE;
/*!40000 ALTER TABLE `xlite_measures` DISABLE KEYS */;
/*!40000 ALTER TABLE `xlite_measures` ENABLE KEYS */;
UNLOCK TABLES;

--
-- Table structure for table `xlite_membership_coupons`
--

DROP TABLE IF EXISTS `xlite_membership_coupons`;
/*!40101 SET @saved_cs_client     = @@character_set_client */;
/*!40101 SET character_set_client = utf8 */;
CREATE TABLE `xlite_membership_coupons` (
  `coupon_id` int(10) unsigned NOT NULL,
  `membership_id` int(10) unsigned NOT NULL,
  PRIMARY KEY (`coupon_id`,`membership_id`),
  KEY `IDX_560DE2166C5951B` (`coupon_id`),
  KEY `IDX_560DE211FB354CD` (`membership_id`),
  CONSTRAINT `FK_560DE211FB354CD` FOREIGN KEY (`membership_id`) REFERENCES `xlite_memberships` (`membership_id`) ON DELETE CASCADE,
  CONSTRAINT `FK_560DE2166C5951B` FOREIGN KEY (`coupon_id`) REFERENCES `xlite_coupons` (`id`) ON DELETE CASCADE
) ENGINE=InnoDB DEFAULT CHARSET=utf8 COLLATE=utf8_unicode_ci;
/*!40101 SET character_set_client = @saved_cs_client */;

--
-- Dumping data for table `xlite_membership_coupons`
--

LOCK TABLES `xlite_membership_coupons` WRITE;
/*!40000 ALTER TABLE `xlite_membership_coupons` DISABLE KEYS */;
/*!40000 ALTER TABLE `xlite_membership_coupons` ENABLE KEYS */;
UNLOCK TABLES;

--
-- Table structure for table `xlite_membership_translations`
--

DROP TABLE IF EXISTS `xlite_membership_translations`;
/*!40101 SET @saved_cs_client     = @@character_set_client */;
/*!40101 SET character_set_client = utf8 */;
CREATE TABLE `xlite_membership_translations` (
  `label_id` int(11) NOT NULL AUTO_INCREMENT,
  `id` int(10) unsigned DEFAULT NULL,
  `name` varchar(128) COLLATE utf8_unicode_ci NOT NULL,
  `code` char(2) COLLATE utf8_unicode_ci NOT NULL,
  PRIMARY KEY (`label_id`),
  KEY `ci` (`code`,`id`),
  KEY `id` (`id`),
  CONSTRAINT `FK_571DB741BF396750` FOREIGN KEY (`id`) REFERENCES `xlite_memberships` (`membership_id`) ON DELETE CASCADE
) ENGINE=InnoDB AUTO_INCREMENT=3 DEFAULT CHARSET=utf8 COLLATE=utf8_unicode_ci;
/*!40101 SET character_set_client = @saved_cs_client */;

--
-- Dumping data for table `xlite_membership_translations`
--

LOCK TABLES `xlite_membership_translations` WRITE;
/*!40000 ALTER TABLE `xlite_membership_translations` DISABLE KEYS */;
INSERT INTO `xlite_membership_translations` VALUES (1,1,'Wholesaler','en'),(2,1,'Оптовый покупатель','ru');
/*!40000 ALTER TABLE `xlite_membership_translations` ENABLE KEYS */;
UNLOCK TABLES;

--
-- Table structure for table `xlite_memberships`
--

DROP TABLE IF EXISTS `xlite_memberships`;
/*!40101 SET @saved_cs_client     = @@character_set_client */;
/*!40101 SET character_set_client = utf8 */;
CREATE TABLE `xlite_memberships` (
  `membership_id` int(10) unsigned NOT NULL AUTO_INCREMENT,
  `position` int(11) NOT NULL,
  `enabled` tinyint(1) NOT NULL,
  PRIMARY KEY (`membership_id`)
) ENGINE=InnoDB AUTO_INCREMENT=2 DEFAULT CHARSET=utf8 COLLATE=utf8_unicode_ci;
/*!40101 SET character_set_client = @saved_cs_client */;

--
-- Dumping data for table `xlite_memberships`
--

LOCK TABLES `xlite_memberships` WRITE;
/*!40000 ALTER TABLE `xlite_memberships` DISABLE KEYS */;
INSERT INTO `xlite_memberships` VALUES (1,10,1);
/*!40000 ALTER TABLE `xlite_memberships` ENABLE KEYS */;
UNLOCK TABLES;

--
-- Table structure for table `xlite_menu_quick_flags`
--

DROP TABLE IF EXISTS `xlite_menu_quick_flags`;
/*!40101 SET @saved_cs_client     = @@character_set_client */;
/*!40101 SET character_set_client = utf8 */;
CREATE TABLE `xlite_menu_quick_flags` (
  `id` int(11) NOT NULL AUTO_INCREMENT,
  `menu_id` int(10) unsigned DEFAULT NULL,
  `submenus_count_all` int(11) NOT NULL,
  `submenus_count_enabled` int(11) NOT NULL,
  PRIMARY KEY (`id`),
  UNIQUE KEY `UNIQ_B0327DB0CCD7E912` (`menu_id`),
  CONSTRAINT `FK_B0327DB0CCD7E912` FOREIGN KEY (`menu_id`) REFERENCES `xlite_menus` (`id`)
) ENGINE=InnoDB AUTO_INCREMENT=31 DEFAULT CHARSET=utf8 COLLATE=utf8_unicode_ci;
/*!40101 SET character_set_client = @saved_cs_client */;

--
-- Dumping data for table `xlite_menu_quick_flags`
--

LOCK TABLES `xlite_menu_quick_flags` WRITE;
/*!40000 ALTER TABLE `xlite_menu_quick_flags` DISABLE KEYS */;
INSERT INTO `xlite_menu_quick_flags` VALUES (1,3,2,2),(3,1,0,0),(4,2,11,11),(5,4,0,0),(6,5,0,0),(8,6,0,0),(9,7,0,0),(10,8,0,0),(11,9,3,2),(12,10,0,0),(13,11,0,0),(14,12,0,0),(15,14,3,3),(16,13,0,0),(17,15,0,0),(18,16,0,0),(19,17,0,0),(20,18,3,3),(21,19,0,0),(22,20,0,0),(23,21,0,0),(24,22,2,2),(25,23,0,0),(26,24,0,0),(27,25,3,3),(28,26,0,0),(29,27,0,0),(30,28,0,0);
/*!40000 ALTER TABLE `xlite_menu_quick_flags` ENABLE KEYS */;
UNLOCK TABLES;

--
-- Table structure for table `xlite_menu_translations`
--

DROP TABLE IF EXISTS `xlite_menu_translations`;
/*!40101 SET @saved_cs_client     = @@character_set_client */;
/*!40101 SET character_set_client = utf8 */;
CREATE TABLE `xlite_menu_translations` (
  `label_id` int(11) NOT NULL AUTO_INCREMENT,
  `id` int(10) unsigned DEFAULT NULL,
  `name` varchar(255) COLLATE utf8_unicode_ci NOT NULL,
  `code` char(2) COLLATE utf8_unicode_ci NOT NULL,
  PRIMARY KEY (`label_id`),
  KEY `ci` (`code`,`id`),
  KEY `id` (`id`),
  CONSTRAINT `FK_CC54E72BBF396750` FOREIGN KEY (`id`) REFERENCES `xlite_menus` (`id`) ON DELETE CASCADE
) ENGINE=InnoDB AUTO_INCREMENT=59 DEFAULT CHARSET=utf8 COLLATE=utf8_unicode_ci;
/*!40101 SET character_set_client = @saved_cs_client */;

--
-- Dumping data for table `xlite_menu_translations`
--

LOCK TABLES `xlite_menu_translations` WRITE;
/*!40000 ALTER TABLE `xlite_menu_translations` DISABLE KEYS */;
INSERT INTO `xlite_menu_translations` VALUES (1,1,'Home','en'),(2,1,'Главная','ru'),(3,1,'主页','zh'),(4,3,'My Account','en'),(5,3,'Мой профиль','ru'),(6,3,'我的账户','zh'),(7,4,'My orders','en'),(8,4,'Мои заказы','ru'),(9,4,'订单（复数）','zh'),(10,5,'My address book','en'),(11,5,'Мои адреса','ru'),(12,5,'地址簿','zh'),(13,6,'Shipping','en'),(14,6,'Доставка','ru'),(15,7,'New!','en'),(16,7,'Новинки','ru'),(17,8,'Coming soon','en'),(18,8,'Скоро в продаже','ru'),(19,9,'Hot deals','en'),(20,9,'Акции','ru'),(21,10,'Sale','en'),(22,10,'Распродажа','ru'),(23,11,'Bestsellers','en'),(24,11,'Бестселлеры','ru'),(25,12,'Special offers','en'),(26,12,'Специальные предложения','ru'),(27,13,'Contact us','en'),(28,13,'Напишите нам','ru'),(29,14,'Offers','en'),(30,14,'Акции','ru'),(31,15,'Sale','en'),(32,15,'Распродажа','ru'),(33,16,'Coming soon','en'),(34,16,'Скоро в продаже','ru'),(35,17,'New!','en'),(36,17,'Новинки','ru'),(37,18,'Info links','en'),(38,18,'Информация','ru'),(39,19,'Shipping','en'),(40,19,'Правила доставки','ru'),(41,20,'Sitemap','en'),(42,20,'Карта сайта','ru'),(43,21,'Terms & Conditions','en'),(44,21,'Условия использования','ru'),(45,22,'Services','en'),(46,22,'Сервисы','ru'),(47,23,'Shipping info','en'),(48,23,'Доставка','ru'),(49,24,'Contact us','en'),(50,24,'Напишите нам','ru'),(51,25,'My X-Cart','en'),(52,25,'Мой X-Cart','ru'),(53,26,'Address book','en'),(54,26,'Мои адреса','ru'),(55,27,'Order list','en'),(56,27,'Мои заказы','ru'),(57,28,'Account details','en'),(58,28,'Личный кабинет','ru');
/*!40000 ALTER TABLE `xlite_menu_translations` ENABLE KEYS */;
UNLOCK TABLES;

--
-- Table structure for table `xlite_menus`
--

DROP TABLE IF EXISTS `xlite_menus`;
/*!40101 SET @saved_cs_client     = @@character_set_client */;
/*!40101 SET character_set_client = utf8 */;
CREATE TABLE `xlite_menus` (
  `id` int(10) unsigned NOT NULL AUTO_INCREMENT,
  `parent_id` int(10) unsigned DEFAULT NULL,
  `link` varchar(255) COLLATE utf8_unicode_ci DEFAULT NULL,
  `lpos` int(11) NOT NULL,
  `rpos` int(11) NOT NULL,
  `depth` int(11) NOT NULL,
  `type` varchar(1) COLLATE utf8_unicode_ci NOT NULL,
  `position` int(11) NOT NULL,
  `enabled` tinyint(1) NOT NULL,
  `visibleFor` varchar(2) COLLATE utf8_unicode_ci NOT NULL,
  PRIMARY KEY (`id`),
  KEY `IDX_AC666883727ACA70` (`parent_id`),
  KEY `enabled` (`enabled`,`type`),
  KEY `position` (`position`),
  CONSTRAINT `FK_AC666883727ACA70` FOREIGN KEY (`parent_id`) REFERENCES `xlite_menus` (`id`) ON DELETE SET NULL
) ENGINE=InnoDB AUTO_INCREMENT=29 DEFAULT CHARSET=utf8 COLLATE=utf8_unicode_ci;
/*!40101 SET character_set_client = @saved_cs_client */;

--
-- Dumping data for table `xlite_menus`
--

LOCK TABLES `xlite_menus` WRITE;
/*!40000 ALTER TABLE `xlite_menus` DISABLE KEYS */;
INSERT INTO `xlite_menus` VALUES (1,2,'{home}',2,3,0,'P',100,1,'AL'),(2,NULL,'link',1,56,-1,'P',0,1,'AL'),(3,2,'{my account}',4,9,0,'P',600,1,'L'),(4,3,'?target=order_list',5,6,1,'P',100,1,'L'),(5,3,'?target=address_book',7,8,1,'P',200,1,'L'),(6,2,'shipping.html',10,11,0,'P',200,1,'AL'),(7,2,'{new arrivals}',12,13,0,'P',400,1,'AL'),(8,2,'{coming soon}',14,15,0,'P',500,1,'AL'),(9,2,NULL,16,23,0,'P',150,1,'AL'),(10,9,'{sale}',17,18,1,'P',100,1,'AL'),(11,9,'{bestsellers}',19,20,1,'P',200,1,'AL'),(12,9,'?target=special_offers',21,22,1,'P',300,0,'AL'),(13,2,'{contact us}',24,25,0,'P',700,1,'AL'),(14,2,NULL,26,33,0,'F',200,1,'AL'),(15,14,'{sale}',27,28,1,'F',100,1,'AL'),(16,14,'{coming soon}',29,30,1,'F',200,1,'AL'),(17,14,'{new arrivals}',31,32,1,'F',300,1,'AL'),(18,2,NULL,34,41,0,'F',300,1,'AL'),(19,18,'shipping.html',35,36,1,'F',100,1,'AL'),(20,18,'?target=map',37,38,1,'F',200,1,'AL'),(21,18,'terms-and-conditions.html',39,40,1,'F',300,1,'AL'),(22,2,NULL,42,47,0,'F',400,1,'AL'),(23,22,'shipping.html',43,44,1,'F',100,1,'AL'),(24,22,'{contact us}',45,46,1,'F',200,1,'AL'),(25,2,NULL,48,55,0,'F',500,1,'L'),(26,25,'?target=address_book',49,50,1,'F',100,1,'L'),(27,25,'?target=order_list',51,52,1,'F',200,1,'L'),(28,25,'?target=profile',53,54,1,'F',300,1,'L');
/*!40000 ALTER TABLE `xlite_menus` ENABLE KEYS */;
UNLOCK TABLES;

--
-- Table structure for table `xlite_money_modificators`
--

DROP TABLE IF EXISTS `xlite_money_modificators`;
/*!40101 SET @saved_cs_client     = @@character_set_client */;
/*!40101 SET character_set_client = utf8 */;
CREATE TABLE `xlite_money_modificators` (
  `id` int(10) unsigned NOT NULL AUTO_INCREMENT,
  `class` varchar(255) COLLATE utf8_unicode_ci NOT NULL,
  `modificator` varchar(64) COLLATE utf8_unicode_ci NOT NULL,
  `validator` varchar(64) COLLATE utf8_unicode_ci NOT NULL,
  `position` int(11) NOT NULL,
  `behavior` varchar(64) COLLATE utf8_unicode_ci NOT NULL,
  `purpose` varchar(64) COLLATE utf8_unicode_ci NOT NULL,
  PRIMARY KEY (`id`)
) ENGINE=InnoDB AUTO_INCREMENT=4 DEFAULT CHARSET=utf8 COLLATE=utf8_unicode_ci;
/*!40101 SET character_set_client = @saved_cs_client */;

--
-- Dumping data for table `xlite_money_modificators`
--

LOCK TABLES `xlite_money_modificators` WRITE;
/*!40000 ALTER TABLE `xlite_money_modificators` DISABLE KEYS */;
INSERT INTO `xlite_money_modificators` VALUES (1,'XLite\\Logic\\AttributeSurcharge','modifyMoney','isApply',10,'','net'),(2,'XLite\\Module\\CDev\\Sale\\Logic\\SalePrice','modifyMoney','isApply',5,'','net'),(3,'XLite\\Module\\CDev\\Sale\\Logic\\PercentOff','modifyMoney','isApply',500,'','net');
/*!40000 ALTER TABLE `xlite_money_modificators` ENABLE KEYS */;
UNLOCK TABLES;

--
-- Table structure for table `xlite_news`
--

DROP TABLE IF EXISTS `xlite_news`;
/*!40101 SET @saved_cs_client     = @@character_set_client */;
/*!40101 SET character_set_client = utf8 */;
CREATE TABLE `xlite_news` (
  `id` int(10) unsigned NOT NULL AUTO_INCREMENT,
  `enabled` tinyint(1) NOT NULL,
  `date` int(11) NOT NULL,
  `metaDescType` varchar(1) COLLATE utf8_unicode_ci NOT NULL,
  PRIMARY KEY (`id`),
  KEY `enabled` (`enabled`)
) ENGINE=InnoDB DEFAULT CHARSET=utf8 COLLATE=utf8_unicode_ci;
/*!40101 SET character_set_client = @saved_cs_client */;

--
-- Dumping data for table `xlite_news`
--

LOCK TABLES `xlite_news` WRITE;
/*!40000 ALTER TABLE `xlite_news` DISABLE KEYS */;
/*!40000 ALTER TABLE `xlite_news` ENABLE KEYS */;
UNLOCK TABLES;

--
-- Table structure for table `xlite_news_message_translations`
--

DROP TABLE IF EXISTS `xlite_news_message_translations`;
/*!40101 SET @saved_cs_client     = @@character_set_client */;
/*!40101 SET character_set_client = utf8 */;
CREATE TABLE `xlite_news_message_translations` (
  `label_id` int(11) NOT NULL AUTO_INCREMENT,
  `id` int(10) unsigned DEFAULT NULL,
  `name` varchar(255) COLLATE utf8_unicode_ci NOT NULL,
  `body` longtext COLLATE utf8_unicode_ci NOT NULL,
  `brief_description` longtext COLLATE utf8_unicode_ci NOT NULL,
  `metaTags` varchar(255) COLLATE utf8_unicode_ci NOT NULL,
  `metaDesc` longtext COLLATE utf8_unicode_ci NOT NULL,
  `metaTitle` varchar(255) COLLATE utf8_unicode_ci NOT NULL,
  `code` char(2) COLLATE utf8_unicode_ci NOT NULL,
  PRIMARY KEY (`label_id`),
  KEY `ci` (`code`,`id`),
  KEY `id` (`id`),
  CONSTRAINT `FK_31246BD0BF396750` FOREIGN KEY (`id`) REFERENCES `xlite_news` (`id`) ON DELETE CASCADE
) ENGINE=InnoDB DEFAULT CHARSET=utf8 COLLATE=utf8_unicode_ci;
/*!40101 SET character_set_client = @saved_cs_client */;

--
-- Dumping data for table `xlite_news_message_translations`
--

LOCK TABLES `xlite_news_message_translations` WRITE;
/*!40000 ALTER TABLE `xlite_news_message_translations` DISABLE KEYS */;
/*!40000 ALTER TABLE `xlite_news_message_translations` ENABLE KEYS */;
UNLOCK TABLES;

--
-- Table structure for table `xlite_newsletter_subscriptions_subscribers`
--

DROP TABLE IF EXISTS `xlite_newsletter_subscriptions_subscribers`;
/*!40101 SET @saved_cs_client     = @@character_set_client */;
/*!40101 SET character_set_client = utf8 */;
CREATE TABLE `xlite_newsletter_subscriptions_subscribers` (
  `id` int(10) unsigned NOT NULL AUTO_INCREMENT,
  `profile_id` int(11) DEFAULT NULL,
  `email` varchar(255) COLLATE utf8_unicode_ci NOT NULL,
  PRIMARY KEY (`id`),
  UNIQUE KEY `email` (`email`),
  KEY `IDX_D0911E5FCCFA12B8` (`profile_id`),
  CONSTRAINT `FK_D0911E5FCCFA12B8` FOREIGN KEY (`profile_id`) REFERENCES `xlite_profiles` (`profile_id`) ON DELETE SET NULL
) ENGINE=InnoDB DEFAULT CHARSET=utf8 COLLATE=utf8_unicode_ci;
/*!40101 SET character_set_client = @saved_cs_client */;

--
-- Dumping data for table `xlite_newsletter_subscriptions_subscribers`
--

LOCK TABLES `xlite_newsletter_subscriptions_subscribers` WRITE;
/*!40000 ALTER TABLE `xlite_newsletter_subscriptions_subscribers` DISABLE KEYS */;
/*!40000 ALTER TABLE `xlite_newsletter_subscriptions_subscribers` ENABLE KEYS */;
UNLOCK TABLES;

--
-- Table structure for table `xlite_notification_translations`
--

DROP TABLE IF EXISTS `xlite_notification_translations`;
/*!40101 SET @saved_cs_client     = @@character_set_client */;
/*!40101 SET character_set_client = utf8 */;
CREATE TABLE `xlite_notification_translations` (
  `label_id` int(11) NOT NULL AUTO_INCREMENT,
  `id` varchar(255) COLLATE utf8_unicode_ci DEFAULT NULL,
  `name` varchar(128) COLLATE utf8_unicode_ci NOT NULL,
  `description` longtext COLLATE utf8_unicode_ci NOT NULL,
  `customerSubject` varchar(255) COLLATE utf8_unicode_ci NOT NULL,
  `customerText` longtext COLLATE utf8_unicode_ci NOT NULL,
  `adminSubject` varchar(255) COLLATE utf8_unicode_ci NOT NULL,
  `adminText` longtext COLLATE utf8_unicode_ci NOT NULL,
  `code` char(2) COLLATE utf8_unicode_ci NOT NULL,
  PRIMARY KEY (`label_id`),
  KEY `ci` (`code`,`id`),
  KEY `id` (`id`),
  CONSTRAINT `FK_3F6179FEBF396750` FOREIGN KEY (`id`) REFERENCES `xlite_notifications` (`templatesDirectory`) ON DELETE CASCADE
) ENGINE=InnoDB AUTO_INCREMENT=34 DEFAULT CHARSET=utf8 COLLATE=utf8_unicode_ci;
/*!40101 SET character_set_client = @saved_cs_client */;

--
-- Dumping data for table `xlite_notification_translations`
--

LOCK TABLES `xlite_notification_translations` WRITE;
/*!40000 ALTER TABLE `xlite_notification_translations` DISABLE KEYS */;
INSERT INTO `xlite_notification_translations` VALUES (1,'failed_admin_login','Failed admin login','The notification is sent to the email address of the admin user for whose account failed login attempts have been detected several times in a row. A copy of the message is also sent to the store’s super admin user.','','','Knock-knock. Forgot your password?','<h3 dir=\"ltr\">Hey there,</h3><p dir=\"ltr\">Someone is trying to break into your admin account.&nbsp;</p><p dir=\"ltr\">Is that you? Ok, then. You can reset the forgotten password <a href=\"%reset_link%\">here</a>.</p><p dir=\"ltr\">If you didn&rsquo;t mean to reset your password, then you can safely ignore this message. Your password will not change. Just make sure it&rsquo;s secure enough. &nbsp;</p>','en'),(2,'failed_transaction','Payment declined','This notification is sent to the administrator if payment transaction was failed','','','Payment was declined','<p dir=\"ltr\">One of your customers was about to make a purchase, but your payment processor failed to charge his card for some reason.&nbsp;</p><p dir=\"ltr\">%dynamic_message%</p><p dir=\"ltr\">Wonder why it may have happened? It&rsquo;s likely that your customer entered a wrong card number, password or CVC, had no money on his card, closed his browser by mistake or just fleeted away.</p><p dir=\"ltr\">It may be a good idea to contact him and offer your help.</p>','en'),(3,'low_limit_warning','Low limit warning','This message is used to notify the administrator when the stock level of a product reaches the low stock limit as specified in the product details.','','','You are running out of %product_name%','<h3 dir=\"ltr\">Heads-up boss, </h3><p dir=\"ltr\">I see that some of your products are about to run out of stock.&nbsp;</p><p dir=\"ltr\">%dynamic_message%</p><p dir=\"ltr\">According to our stats you&rsquo;ll sell the last item by %latest_sale_date%. So it&rsquo;s high time to replenish them. You are not going to sell fresh air, are you?</p>','en'),(4,'order_changed','Order changed','This notification is sent when the status of an order is updated - in the event that no other type of notification is sent.','Order #%order_number% is changed','<p dir=\"ltr\">As previously agreed, we&rsquo;ve changed your order. Here is a new invoice for you, fresh and updated. Check it out to make sure that nothing is missing.</p>','Order #%order_number% is changed','<p dir=\"ltr\">I&rsquo;ve saved all your order changes just in case you might need them in future. Please, take a look and make sure that everything is ok.</p>','en'),(5,'order_canceled','Order canceled','This notification is sent when an order gets the status Canceled.','Order #%order_number% is canceled','<h3 dir=\"ltr\">Hi %recipient_name%,</h3><p dir=\"ltr\">We had to cancel your order. If that was you who initiated the cancellation, please tell us where we failed and let us at least try to make up for our faults. For any questions and feedback, just hit &#39;Reply&#39;.</p>','Order #%order_number% is canceled','<p dir=\"ltr\">I&rsquo;m sorry to see that you had to cancel the order. Hope your customer will change his mind and end up buying from you soon. I&rsquo;ll keep my fingers crossed.</p>','en'),(6,'order_created','Order created','This notification is sent when a new order is created.','Order #%order_number% is received','<p dir=\"ltr\">Thank you for shopping with us!&nbsp;</p><p dir=\"ltr\">This is just a quick note to let you know that we&rsquo;ve received your order and we will process it as soon as we can. We will keep you updated on the status of your order.&nbsp;</p>','You’ve got a new order #%order_number% for %order_total%','<p dir=\"ltr\">Your wallet is going to get heavier very soon. Go ahead, show your customer you care and process the order ASAP.</p>','en'),(7,'order_failed','Order declined','This notification is sent when an order gets the status Declined.','Order #%order_number% is declined','<h3 dir=\"ltr\">Hi %recipient_name%,</h3><p dir=\"ltr\">Something went wrong and %payment_method_name% failed to charge your credit card.&nbsp;</p><p dir=\"ltr\">If everything seems alright on your side and you are eager to proceed with the purchase, please reply back. We&rsquo;ll try to find out what&rsquo;s up.</p>','Order #%order_number% is declined','<p dir=\"ltr\">I see that your order was declined by %payment_method_name%. It may be a good idea to contact your customer and offer your help.</p>','en'),(8,'order_processed','Order processed','This notification is sent when an order gets the status Paid.','Order #%order_number% is paid (yay!)','<h2 dir=\"ltr\">Your order was paid successfully, %recipient_name%!</h2><h3 dir=\"ltr\">And we are just as excited as you are</h3><p dir=\"ltr\"><br>Take a look below for all the confirmation details you&rsquo;ll need. We will be back in a moment to let you know that your item is on its way, unless you decide to pick it up yourself.&nbsp;</p>','Order #%order_number% is paid','<p dir=\"ltr\">Your wallet has got a little heavier. Way to go!</p>','en'),(9,'order_shipped','Order shipped','This notification is sent to the customer when an order gets the status Shipped.','Order #%order_number% is shipped','<h2 dir=\"ltr\">Bingo %recipient_name%!</h2><h3 dir=\"ltr\">Your item is on its way to your doorstep</h3><p dir=\"ltr\"><br>We&rsquo;ve packed your order and sent it off on a journey to your place. The delivery shouldn&rsquo;t take much time as we turbo-charged our van, so it gets to you extra fast.</p><p dir=\"ltr\">%dynamic_message%</p><p dir=\"ltr\">If you have any questions feel free to get in touch. We are always here and super happy to help you.</p>','','','en'),(10,'order_tracking_information','Order tracking information','This notification is sent to the customer when an administrator clicks the \"Send tracking information to customer\" button.','Order #%order_number% tracking information','<p dir=\"ltr\">We&rsquo;ve sent your parcel off on a journey to your porch via %shipping_method_name%.&nbsp;</p><p dir=\"ltr\">Below you&rsquo;ll find shipping details and a handy tracking link you can use to follow your order&rsquo;s trip to your door.</p><p dir=\"ltr\">%dynamic_message%</p><p dir=\"ltr\">Don&#39;t worry if the order tracking doesn&#39;t work right away. It may take some time to have this information available.</p>','','','en'),(11,'order_waiting_for_approve','Order awaiting for approval','This notification is sent to the customer when an order gets the status Waiting for approve.','Order #%order_number% is waiting for approval','<h3 dir=\"ltr\">Hi %recipient_name%,</h3><p dir=\"ltr\">Thank you for shopping on %company_name%!&nbsp;</p><p dir=\"ltr\">Our financial team needs some time to manually review your order.</p><p dir=\"ltr\">Please wait for a couple of hours and take another look at your inbox. There should be one more email ready and waiting.</p>','','','en'),(12,'profile_created','User profile created','This notification is sent when a new customer profile is created.','Welcome to %company_name%!','<h3 dir=\"ltr\">Welcome to %company_name%!</h3><p dir=\"ltr\">The world of online shopping is now at your fingertips</p><p dir=\"ltr\">We&rsquo;ve created an account for you. There you will find:</p><ul><li dir=\"ltr\">all your previous (yes, we&rsquo;ve saved them all!) and future orders;</li><li dir=\"ltr\">addresses in case you need to get things delivered to different places;</li><li dir=\"ltr\">profile details, where you can edit your login and password.</li><li dir=\"ltr\">messages you&rsquo;ve ever sent or received from us;</li></ul><p>Sign in to <a href=\"%sign_in_url%\">your account</a> to start using all these features. And if you have any questions, just reply back.&nbsp;</p>','Great! You\'ve got a new customer','<p>One more customer has just signed up: %customer_email%. Looks like your business is growing :)</p>','en'),(13,'profile_deleted','User profile deleted','This notification is sent to the administrator when a customer profile is deleted.','','','Oops.. one customer less','<p dir=\"ltr\">One of your customers has just silently deleted his profile: %deleted_profile%</p><p dir=\"ltr\">Make sure you no longer keep his personal data anywhere in your database</p>','en'),(14,'recover_password_request','Password reset request','This notification is sent to the user when a password reset is requested for their account.','Password reset request','<p dir=\"ltr\">We&rsquo;ve received a request to reset your forgotten password.</p><p dir=\"ltr\">If you didn&rsquo;t ask for it, good, there&rsquo;s nothing else you need to do. Just safely ignore this message.&nbsp;</p><p>Otherwise, please <a href=\"%recover_url%\">click here to change your password</a> right away.</p>','Password reset request','<p dir=\"ltr\">I&rsquo;ve received a request to reset your forgotten password.</p><p dir=\"ltr\">If you didn&rsquo;t make this request, good, there&rsquo;s nothing else you need to do. Just safely ignore this message.&nbsp;</p><p>Otherwise, please <a href=\"%recover_url%\">click here to change your password</a> right away.</p>','en'),(15,'register_anonymous','User account created for guest buyer based on order info','This notification is sent to the customer when a customer profile is created for them by the store administrator based on a previously created order.','Welcome to %company_name%!','<h2 dir=\"ltr\">Thank you for shopping with us, %recipient_name%!&nbsp;</h2><p dir=\"ltr\"><br>We noticed that you&rsquo;ve made a purchase using our guest checkout. It looks like you are too pressed for time to create an account in our store. No problem. We did it for you:</p><p dir=\"ltr\">Email: <strong>%customer_email%</strong><br>Password: <strong>%customer_password%</strong></p><p dir=\"ltr\">There you will find all your previous (yes, we&rsquo;ve saved them all!) and future orders, addresses, messages, and profile details, where you can change your password at any time.</p><p dir=\"ltr\">If you need any help, just reply back.&nbsp;</p>','','','en'),(16,'access_link','Access link re-sent','This notification is sent to the guest buyer when they request a new link for access to information about their order after an access link issued to them previously has expired.','New access link','','','','en'),(17,'modules/CDev/ContactUs/message','Contact us form submitted (Contact us module)','This notification is sent to the administrator when someone submits a request via the \"Contact us\" form.','','','New message: %message_subject%','<h3 dir=\"ltr\">Hey boss, </h3><p dir=\"ltr\">%message_author% has sent you a message through the &ldquo;Contact us&rdquo; form and is waiting for your answer. Come on, reply to this email and drop him a line or two.</p><blockquote><p dir=\"ltr\">%message%</p></blockquote>','en'),(18,'modules/CDev/ContactUs/message','Заполнена форма для связи с администрацией магазина (модуль Contact us)','Данное сообщение используется для оповещения администратора в случае поступления в адрес магазина обращения через форму для связи с администрацией.','','','Поступило обращение через форму для связи с администрацией магазина','','ru'),(19,'modules/CDev/Egoods/egoods_links','E-goods download links (E-goods module)','This notification is sent to the customer when their order containing egoods gets the status Paid.','Download your e-goods','<h2 dir=\"ltr\">Your order is ready, %recipient_name%!</h2><h3 dir=\"ltr\">And we are just as excited as you are<br><br></h3><p dir=\"ltr\">Take a look below for the files you&rsquo;ve just purchased:</p><p dir=\"ltr\">%dynamic_message%</p><p dir=\"ltr\">And if something is not working, feel free to contact us.</p>','','','en'),(20,'modules/CDev/Egoods/egoods_links','Ссылки для скачивания файлов (модуль E-goods)','Данное сообщение отправляется покупателю, когда размещенный им заказ, содержащий электронные товары, получает статус \"Оплачен\".','Ваши ссылки для скачивания файлов','Благодарим Вас за своевременную оплату заказа. Файлы приобретенных Вами товаров могут быть загружены по следующим ссылкам:','','','ru'),(21,'modules/CDev/PINCodes/acquire_pin_codes_failed','Backordered item in the order (PIN codes module)','This notification is sent to the administrator in the event of an error in the process of generating PIN codes for one or more items - as a result of which the PIN codes have not been generated.','','','A new backorder %backordered_item_names%','<p dir=\"ltr\">One of your customers has just bought products that are out-of-stock at the moment. It&rsquo;s time to replenish your supplies right now.&nbsp;</p><p dir=\"ltr\"><a href=\"%order_link%\">Check the order #%order_number%</a></p>','en'),(22,'modules/XC/CanadaPost/return_approved','Return request approved (Canada Post module)','This notification is sent to the customer if their request to return a product via Canada Post is approved by the administrator.','Order #%order_number%: Return request approved','<p dir=\"ltr\">It&rsquo;s a pity to know that our products didn&rsquo;t sit well with you for some reason.&nbsp;</p><p dir=\"ltr\">%dynamic_message%</p><p dir=\"ltr\">Anyway, we are ready to take the items back for a full refund. Please, <a href=\"https://www.canadapost.ca/web/en/kb/details.page?article=how_do_i_return_a_re&cattype=kb&cat=atthepostoffice&subcat=services\">ship the package back to our office</a> using the parcel service that best meets your needs.&nbsp;</p><p dir=\"ltr\">Feel free to contact us if you have any questions.</p>','','','en'),(23,'modules/XC/CanadaPost/return_approved','Запрос на возврат товара одобрен (модуль Canada Post)','Данное сообщение отправляется покупателю в случае, если его запрос на возврат товара с пересылкой службой Canada Post получает одобрение администратора.','Ваш запрос на возврат товара одобрен','Ваш запрос на возврат товара одобрен','','','ru'),(24,'modules/XC/CanadaPost/return_rejected','Return request rejected (Canada Post module)','This notification is sent to the customer if their request to return a product via Canada Post is rejected by the administrator.','Order #%order_number%: Return request rejected','<h3 dir=\"ltr\">Hello %recipient_name%,</h3><p dir=\"ltr\">We are awfully sorry, but we cannot take your products back and make a refund according to our money back policy.</p><p dir=\"ltr\">%dynamic_message%</p><p dir=\"ltr\">Please contact us if you have any questions.</p>','','','en'),(25,'modules/XC/CanadaPost/return_rejected','Запрос на возврат товара отклонен (модуль Canada Post)','Данное сообщение отправляется покупателю в случае, если его запрос на возврат товара с пересылкой службой Canada Post отклоняется администратором.','Ваш запрос на возврат товара отклонен','Ваш запрос на возврат товара отклонен','','','ru'),(26,'modules/XC/Reviews/new_review','New product review submitted - (Product Reviews module)','This message is used to notify the administrator when a customer submits a new product review.','','','New review for ‘%product_name%’','<p dir=\"ltr\">%author_name% has just rated your &quot;%product_name%&quot; and left a review for you.</p><p dir=\"ltr\">%dynamic_message%</p><blockquote><p dir=\"ltr\">%review%</p></blockquote><p dir=\"ltr\">Follow <a href=\"%product_link%\">this link</a> to approve or remove this review. And don&rsquo;t forget to reply to your customer &mdash; we all love to be heard ;)</p>','en'),(27,'modules/XC/Reviews/new_review','Получен новый отзыв о товаре - (модуль Product Reviews)','Данное сообщение используется для уведомления администратора о том, что клиент оставил отзыв о каком-либо товаре.','','','Получен новый отзыв о товаре','','ru'),(28,'modules/XC/Reviews/review_key','Request to review purchased products - (Product Reviews module)','This message is used to invite customers to leave feedback on the products they have purchased.','Order #%order_number%: Please, review','<p>Thank you for purchasing our products!</p><p>%dynamic_message%</p><p>We hope you love them. And if you really do, please take a minute to review your order to let others know that we care about delivering the best quality.</p>','','','en'),(29,'modules/XC/Reviews/review_key','Приглашение оставить отзыв на купленные товары - (модуль Product Reviews)','Данное сообщение используется для отправки покупателю приглашения оставить отзыв о купленных им товарах.','Пожалуйста, оставьте отзыв о купленных товарах','','','','ru'),(30,'modules/XC/VendorMessages/notification','Order message (Order messages module)','This message will be sent to user who involved to the conversation when a new message appears in the communication thread regarding an order','Order #%order_number%: new message','<p dir=\"ltr\">I see there&rsquo;s a new message in your account. It&rsquo;s about the order <a href=\"%order_link%\">#%order_number%</a>, and it is waiting for your reply.&nbsp;</p><blockquote><p dir=\"ltr\">%message%</p></blockquote>','','','en'),(31,'modules/XC/VendorMessages/notification','Новое сообщение по заказу (модуль Order messages)','Это уведомление будет отправлено покупателю, когда в контексте сделанного им заказа появится новое сообщение','Новое сообщение по заказу №%order_number%','%company_link%\n<p>\nВы получили новое сообщение по заказу %order_messages_link%:\n</p>\n<p>\n%message%\n</p>\n','','','ru'),(32,'modules/XC/VendorMessages/new_message_notification','New message (Order messages module)','This message will be sent to customer when a new message appears in the conversation','New message in conversation','<p>You&#39;ve got a new message in %conversation_link%</p><blockquote><p>%message%</p></blockquote>','','','en'),(33,'modules/XC/VendorMessages/new_message_notification','Новое сообщение (модуль Order messages)','Это уведомление будет отправлено покупателю, когда в разговоре появится новое сообщение','Новое сообщение в разговоре','%company_link%\n<p>\nВы получили новое сообщение в %conversation_link%\n</p>\n<p>\n%message%\n</p>\n','','','ru');
/*!40000 ALTER TABLE `xlite_notification_translations` ENABLE KEYS */;
UNLOCK TABLES;

--
-- Table structure for table `xlite_notifications`
--

DROP TABLE IF EXISTS `xlite_notifications`;
/*!40101 SET @saved_cs_client     = @@character_set_client */;
/*!40101 SET character_set_client = utf8 */;
CREATE TABLE `xlite_notifications` (
  `templatesDirectory` varchar(255) COLLATE utf8_unicode_ci NOT NULL,
  `availableForAdmin` tinyint(1) NOT NULL,
  `availableForCustomer` tinyint(1) NOT NULL,
  `enabledForAdmin` tinyint(1) NOT NULL,
  `enabledForCustomer` tinyint(1) NOT NULL,
  `adminHeaderEnabled` tinyint(1) NOT NULL,
  `adminGreetingEnabled` tinyint(1) NOT NULL,
  `adminSignatureEnabled` tinyint(1) NOT NULL,
  `customerHeaderEnabled` tinyint(1) NOT NULL,
  `customerGreetingEnabled` tinyint(1) NOT NULL,
  `customerSignatureEnabled` tinyint(1) NOT NULL,
  `position` int(11) NOT NULL DEFAULT '0',
  `editable` tinyint(1) NOT NULL,
  PRIMARY KEY (`templatesDirectory`)
) ENGINE=InnoDB DEFAULT CHARSET=utf8 COLLATE=utf8_unicode_ci;
/*!40101 SET character_set_client = @saved_cs_client */;

--
-- Dumping data for table `xlite_notifications`
--

LOCK TABLES `xlite_notifications` WRITE;
/*!40000 ALTER TABLE `xlite_notifications` DISABLE KEYS */;
INSERT INTO `xlite_notifications` VALUES ('access_link',0,0,0,1,0,0,1,1,0,1,2700,1),('failed_admin_login',1,0,1,0,1,0,1,1,1,1,100,1),('failed_transaction',1,0,1,0,1,1,1,1,1,1,200,1),('low_limit_warning',1,0,1,0,1,0,1,1,1,1,300,1),('modules/CDev/ContactUs/message',0,0,1,0,1,0,1,1,1,1,500,1),('modules/CDev/Egoods/egoods_links',0,1,0,1,1,0,1,1,0,1,600,1),('modules/CDev/PINCodes/acquire_pin_codes_failed',1,0,1,0,1,1,1,1,1,1,700,1),('modules/XC/CanadaPost/return_approved',0,1,0,1,1,0,1,1,1,1,800,1),('modules/XC/CanadaPost/return_rejected',0,1,0,1,1,0,1,1,0,1,900,1),('modules/XC/Reviews/new_review',1,0,1,0,1,1,1,0,0,0,1000,1),('modules/XC/Reviews/review_key',0,1,0,0,0,0,0,1,1,1,0,1),('modules/XC/VendorMessages/new_message_notification',0,1,0,1,1,0,1,1,1,1,1200,1),('modules/XC/VendorMessages/notification',0,1,0,1,1,0,1,1,1,1,1100,1),('order_canceled',1,1,1,1,0,1,1,0,0,1,1500,1),('order_changed',1,1,1,1,1,1,1,0,1,1,1400,1),('order_created',1,1,1,1,0,1,1,0,1,1,1600,1),('order_failed',1,1,1,1,1,1,1,1,0,1,1700,1),('order_processed',1,1,1,1,0,1,1,0,0,1,1800,1),('order_shipped',0,1,0,1,0,0,1,0,0,1,1900,1),('order_tracking_information',0,0,0,1,0,0,1,1,1,1,2000,1),('order_waiting_for_approve',0,1,0,1,0,0,1,1,0,1,2100,1),('profile_created',1,1,0,1,1,1,1,1,0,1,2200,1),('profile_deleted',1,0,0,0,1,1,1,1,1,1,2300,1),('recover_password_request',0,0,1,1,1,1,1,1,1,1,2500,1),('register_anonymous',0,1,0,1,1,0,1,1,0,1,2600,1);
/*!40000 ALTER TABLE `xlite_notifications` ENABLE KEYS */;
UNLOCK TABLES;

--
-- Table structure for table `xlite_order_backorder_competitors`
--

DROP TABLE IF EXISTS `xlite_order_backorder_competitors`;
/*!40101 SET @saved_cs_client     = @@character_set_client */;
/*!40101 SET character_set_client = utf8 */;
CREATE TABLE `xlite_order_backorder_competitors` (
  `id` int(11) NOT NULL,
  `competitor_id` int(11) NOT NULL,
  PRIMARY KEY (`id`,`competitor_id`),
  KEY `IDX_C73B739BBF396750` (`id`),
  KEY `IDX_C73B739B78A5D405` (`competitor_id`),
  CONSTRAINT `FK_C73B739B78A5D405` FOREIGN KEY (`competitor_id`) REFERENCES `xlite_orders` (`order_id`) ON DELETE CASCADE,
  CONSTRAINT `FK_C73B739BBF396750` FOREIGN KEY (`id`) REFERENCES `xlite_orders` (`order_id`) ON DELETE CASCADE
) ENGINE=InnoDB DEFAULT CHARSET=utf8 COLLATE=utf8_unicode_ci;
/*!40101 SET character_set_client = @saved_cs_client */;

--
-- Dumping data for table `xlite_order_backorder_competitors`
--

LOCK TABLES `xlite_order_backorder_competitors` WRITE;
/*!40000 ALTER TABLE `xlite_order_backorder_competitors` DISABLE KEYS */;
/*!40000 ALTER TABLE `xlite_order_backorder_competitors` ENABLE KEYS */;
UNLOCK TABLES;

--
-- Table structure for table `xlite_order_capost_office`
--

DROP TABLE IF EXISTS `xlite_order_capost_office`;
/*!40101 SET @saved_cs_client     = @@character_set_client */;
/*!40101 SET character_set_client = utf8 */;
CREATE TABLE `xlite_order_capost_office` (
  `id` int(10) unsigned NOT NULL AUTO_INCREMENT,
  `officeId` char(10) COLLATE utf8_unicode_ci NOT NULL,
  `name` varchar(40) COLLATE utf8_unicode_ci NOT NULL,
  `location` varchar(40) COLLATE utf8_unicode_ci NOT NULL,
  `distance` decimal(12,2) NOT NULL,
  `bilingualDesignation` tinyint(1) NOT NULL,
  `city` varchar(40) COLLATE utf8_unicode_ci NOT NULL,
  `latitude` decimal(15,5) NOT NULL,
  `longitude` decimal(15,5) NOT NULL,
  `postalCode` varchar(20) COLLATE utf8_unicode_ci NOT NULL,
  `province` varchar(64) COLLATE utf8_unicode_ci NOT NULL,
  `officeAddress` varchar(64) COLLATE utf8_unicode_ci NOT NULL,
  `workingHours` longtext COLLATE utf8_unicode_ci NOT NULL COMMENT '(DC2Type:array)',
  `orderId` int(11) DEFAULT NULL,
  PRIMARY KEY (`id`),
  UNIQUE KEY `UNIQ_CE3DE61FFA237437` (`orderId`),
  CONSTRAINT `FK_CE3DE61FFA237437` FOREIGN KEY (`orderId`) REFERENCES `xlite_orders` (`order_id`) ON DELETE CASCADE
) ENGINE=InnoDB DEFAULT CHARSET=utf8 COLLATE=utf8_unicode_ci;
/*!40101 SET character_set_client = @saved_cs_client */;

--
-- Dumping data for table `xlite_order_capost_office`
--

LOCK TABLES `xlite_order_capost_office` WRITE;
/*!40000 ALTER TABLE `xlite_order_capost_office` DISABLE KEYS */;
/*!40000 ALTER TABLE `xlite_order_capost_office` ENABLE KEYS */;
UNLOCK TABLES;

--
-- Table structure for table `xlite_order_capost_parcel_items`
--

DROP TABLE IF EXISTS `xlite_order_capost_parcel_items`;
/*!40101 SET @saved_cs_client     = @@character_set_client */;
/*!40101 SET character_set_client = utf8 */;
CREATE TABLE `xlite_order_capost_parcel_items` (
  `id` int(11) NOT NULL AUTO_INCREMENT,
  `amount` int(11) NOT NULL,
  `parcelId` int(11) DEFAULT NULL,
  `orderItemId` int(11) DEFAULT NULL,
  PRIMARY KEY (`id`),
  KEY `IDX_18699C805A9ACC87` (`parcelId`),
  KEY `IDX_18699C80BBF22A26` (`orderItemId`),
  CONSTRAINT `FK_18699C805A9ACC87` FOREIGN KEY (`parcelId`) REFERENCES `xlite_order_capost_parcels` (`id`) ON DELETE CASCADE,
  CONSTRAINT `FK_18699C80BBF22A26` FOREIGN KEY (`orderItemId`) REFERENCES `xlite_order_items` (`item_id`) ON DELETE CASCADE
) ENGINE=InnoDB DEFAULT CHARSET=utf8 COLLATE=utf8_unicode_ci;
/*!40101 SET character_set_client = @saved_cs_client */;

--
-- Dumping data for table `xlite_order_capost_parcel_items`
--

LOCK TABLES `xlite_order_capost_parcel_items` WRITE;
/*!40000 ALTER TABLE `xlite_order_capost_parcel_items` DISABLE KEYS */;
/*!40000 ALTER TABLE `xlite_order_capost_parcel_items` ENABLE KEYS */;
UNLOCK TABLES;

--
-- Table structure for table `xlite_order_capost_parcel_manifest_link_storage`
--

DROP TABLE IF EXISTS `xlite_order_capost_parcel_manifest_link_storage`;
/*!40101 SET @saved_cs_client     = @@character_set_client */;
/*!40101 SET character_set_client = utf8 */;
CREATE TABLE `xlite_order_capost_parcel_manifest_link_storage` (
  `id` int(10) unsigned NOT NULL AUTO_INCREMENT,
  `path` varchar(512) COLLATE utf8_unicode_ci NOT NULL,
  `fileName` varchar(255) COLLATE utf8_unicode_ci NOT NULL,
  `mime` varchar(128) COLLATE utf8_unicode_ci NOT NULL,
  `storageType` varchar(1) COLLATE utf8_unicode_ci NOT NULL,
  `size` int(10) unsigned NOT NULL,
  `date` int(10) unsigned NOT NULL,
  `linkId` int(11) DEFAULT NULL,
  PRIMARY KEY (`id`),
  UNIQUE KEY `UNIQ_73059AC5AEC98E42` (`linkId`),
  CONSTRAINT `FK_73059AC5AEC98E42` FOREIGN KEY (`linkId`) REFERENCES `xlite_order_capost_parcel_manifest_links` (`id`) ON DELETE CASCADE
) ENGINE=InnoDB DEFAULT CHARSET=utf8 COLLATE=utf8_unicode_ci;
/*!40101 SET character_set_client = @saved_cs_client */;

--
-- Dumping data for table `xlite_order_capost_parcel_manifest_link_storage`
--

LOCK TABLES `xlite_order_capost_parcel_manifest_link_storage` WRITE;
/*!40000 ALTER TABLE `xlite_order_capost_parcel_manifest_link_storage` DISABLE KEYS */;
/*!40000 ALTER TABLE `xlite_order_capost_parcel_manifest_link_storage` ENABLE KEYS */;
UNLOCK TABLES;

--
-- Table structure for table `xlite_order_capost_parcel_manifest_links`
--

DROP TABLE IF EXISTS `xlite_order_capost_parcel_manifest_links`;
/*!40101 SET @saved_cs_client     = @@character_set_client */;
/*!40101 SET character_set_client = utf8 */;
CREATE TABLE `xlite_order_capost_parcel_manifest_links` (
  `id` int(11) NOT NULL AUTO_INCREMENT,
  `rel` varchar(255) COLLATE utf8_unicode_ci NOT NULL,
  `href` varchar(255) COLLATE utf8_unicode_ci NOT NULL,
  `idx` int(11) DEFAULT NULL,
  `mediaType` varchar(255) COLLATE utf8_unicode_ci NOT NULL,
  `manifestId` int(11) DEFAULT NULL,
  PRIMARY KEY (`id`),
  KEY `IDX_7FE471EA99AD4367` (`manifestId`),
  CONSTRAINT `FK_7FE471EA99AD4367` FOREIGN KEY (`manifestId`) REFERENCES `xlite_order_capost_parcel_manifests` (`id`) ON DELETE CASCADE
) ENGINE=InnoDB DEFAULT CHARSET=utf8 COLLATE=utf8_unicode_ci;
/*!40101 SET character_set_client = @saved_cs_client */;

--
-- Dumping data for table `xlite_order_capost_parcel_manifest_links`
--

LOCK TABLES `xlite_order_capost_parcel_manifest_links` WRITE;
/*!40000 ALTER TABLE `xlite_order_capost_parcel_manifest_links` DISABLE KEYS */;
/*!40000 ALTER TABLE `xlite_order_capost_parcel_manifest_links` ENABLE KEYS */;
UNLOCK TABLES;

--
-- Table structure for table `xlite_order_capost_parcel_manifests`
--

DROP TABLE IF EXISTS `xlite_order_capost_parcel_manifests`;
/*!40101 SET @saved_cs_client     = @@character_set_client */;
/*!40101 SET character_set_client = utf8 */;
CREATE TABLE `xlite_order_capost_parcel_manifests` (
  `id` int(11) NOT NULL AUTO_INCREMENT,
  `poNumber` varchar(255) COLLATE utf8_unicode_ci DEFAULT NULL,
  `rel` varchar(255) COLLATE utf8_unicode_ci NOT NULL,
  `href` varchar(255) COLLATE utf8_unicode_ci NOT NULL,
  `idx` int(11) DEFAULT NULL,
  `mediaType` varchar(255) COLLATE utf8_unicode_ci NOT NULL,
  PRIMARY KEY (`id`)
) ENGINE=InnoDB DEFAULT CHARSET=utf8 COLLATE=utf8_unicode_ci;
/*!40101 SET character_set_client = @saved_cs_client */;

--
-- Dumping data for table `xlite_order_capost_parcel_manifests`
--

LOCK TABLES `xlite_order_capost_parcel_manifests` WRITE;
/*!40000 ALTER TABLE `xlite_order_capost_parcel_manifests` DISABLE KEYS */;
/*!40000 ALTER TABLE `xlite_order_capost_parcel_manifests` ENABLE KEYS */;
UNLOCK TABLES;

--
-- Table structure for table `xlite_order_capost_parcel_shipment`
--

DROP TABLE IF EXISTS `xlite_order_capost_parcel_shipment`;
/*!40101 SET @saved_cs_client     = @@character_set_client */;
/*!40101 SET character_set_client = utf8 */;
CREATE TABLE `xlite_order_capost_parcel_shipment` (
  `id` int(11) NOT NULL AUTO_INCREMENT,
  `shipmentId` varchar(32) COLLATE utf8_unicode_ci NOT NULL,
  `shipmentStatus` varchar(14) COLLATE utf8_unicode_ci DEFAULT NULL,
  `trackingPin` varchar(16) COLLATE utf8_unicode_ci DEFAULT NULL,
  `returnTrackingPin` varchar(16) COLLATE utf8_unicode_ci DEFAULT NULL,
  `poNumber` varchar(32) COLLATE utf8_unicode_ci DEFAULT NULL,
  `parcelId` int(11) DEFAULT NULL,
  PRIMARY KEY (`id`),
  UNIQUE KEY `UNIQ_7954C1A5A9ACC87` (`parcelId`),
  CONSTRAINT `FK_7954C1A5A9ACC87` FOREIGN KEY (`parcelId`) REFERENCES `xlite_order_capost_parcels` (`id`) ON DELETE CASCADE
) ENGINE=InnoDB DEFAULT CHARSET=utf8 COLLATE=utf8_unicode_ci;
/*!40101 SET character_set_client = @saved_cs_client */;

--
-- Dumping data for table `xlite_order_capost_parcel_shipment`
--

LOCK TABLES `xlite_order_capost_parcel_shipment` WRITE;
/*!40000 ALTER TABLE `xlite_order_capost_parcel_shipment` DISABLE KEYS */;
/*!40000 ALTER TABLE `xlite_order_capost_parcel_shipment` ENABLE KEYS */;
UNLOCK TABLES;

--
-- Table structure for table `xlite_order_capost_parcel_shipment_link_storage`
--

DROP TABLE IF EXISTS `xlite_order_capost_parcel_shipment_link_storage`;
/*!40101 SET @saved_cs_client     = @@character_set_client */;
/*!40101 SET character_set_client = utf8 */;
CREATE TABLE `xlite_order_capost_parcel_shipment_link_storage` (
  `id` int(10) unsigned NOT NULL AUTO_INCREMENT,
  `path` varchar(512) COLLATE utf8_unicode_ci NOT NULL,
  `fileName` varchar(255) COLLATE utf8_unicode_ci NOT NULL,
  `mime` varchar(128) COLLATE utf8_unicode_ci NOT NULL,
  `storageType` varchar(1) COLLATE utf8_unicode_ci NOT NULL,
  `size` int(10) unsigned NOT NULL,
  `date` int(10) unsigned NOT NULL,
  `linkId` int(11) DEFAULT NULL,
  PRIMARY KEY (`id`),
  UNIQUE KEY `UNIQ_82EA5F8AAEC98E42` (`linkId`),
  CONSTRAINT `FK_82EA5F8AAEC98E42` FOREIGN KEY (`linkId`) REFERENCES `xlite_order_capost_parcel_shipment_links` (`id`) ON DELETE CASCADE
) ENGINE=InnoDB DEFAULT CHARSET=utf8 COLLATE=utf8_unicode_ci;
/*!40101 SET character_set_client = @saved_cs_client */;

--
-- Dumping data for table `xlite_order_capost_parcel_shipment_link_storage`
--

LOCK TABLES `xlite_order_capost_parcel_shipment_link_storage` WRITE;
/*!40000 ALTER TABLE `xlite_order_capost_parcel_shipment_link_storage` DISABLE KEYS */;
/*!40000 ALTER TABLE `xlite_order_capost_parcel_shipment_link_storage` ENABLE KEYS */;
UNLOCK TABLES;

--
-- Table structure for table `xlite_order_capost_parcel_shipment_links`
--

DROP TABLE IF EXISTS `xlite_order_capost_parcel_shipment_links`;
/*!40101 SET @saved_cs_client     = @@character_set_client */;
/*!40101 SET character_set_client = utf8 */;
CREATE TABLE `xlite_order_capost_parcel_shipment_links` (
  `id` int(11) NOT NULL AUTO_INCREMENT,
  `rel` varchar(255) COLLATE utf8_unicode_ci NOT NULL,
  `href` varchar(255) COLLATE utf8_unicode_ci NOT NULL,
  `idx` int(11) DEFAULT NULL,
  `mediaType` varchar(255) COLLATE utf8_unicode_ci NOT NULL,
  `shipmentId` int(11) DEFAULT NULL,
  PRIMARY KEY (`id`),
  KEY `IDX_EB25DE223C5EEBE2` (`shipmentId`),
  CONSTRAINT `FK_EB25DE223C5EEBE2` FOREIGN KEY (`shipmentId`) REFERENCES `xlite_order_capost_parcel_shipment` (`id`) ON DELETE CASCADE
) ENGINE=InnoDB DEFAULT CHARSET=utf8 COLLATE=utf8_unicode_ci;
/*!40101 SET character_set_client = @saved_cs_client */;

--
-- Dumping data for table `xlite_order_capost_parcel_shipment_links`
--

LOCK TABLES `xlite_order_capost_parcel_shipment_links` WRITE;
/*!40000 ALTER TABLE `xlite_order_capost_parcel_shipment_links` DISABLE KEYS */;
/*!40000 ALTER TABLE `xlite_order_capost_parcel_shipment_links` ENABLE KEYS */;
UNLOCK TABLES;

--
-- Table structure for table `xlite_order_capost_parcel_shipment_tracking`
--

DROP TABLE IF EXISTS `xlite_order_capost_parcel_shipment_tracking`;
/*!40101 SET @saved_cs_client     = @@character_set_client */;
/*!40101 SET character_set_client = utf8 */;
CREATE TABLE `xlite_order_capost_parcel_shipment_tracking` (
  `id` int(11) NOT NULL AUTO_INCREMENT,
  `expiry` int(10) unsigned NOT NULL,
  `pin` varchar(255) COLLATE utf8_unicode_ci DEFAULT NULL,
  `activeExists` tinyint(1) NOT NULL,
  `archiveExists` tinyint(1) NOT NULL,
  `destinationPostalId` varchar(255) COLLATE utf8_unicode_ci DEFAULT NULL,
  `expectedDeliveryDate` int(10) unsigned DEFAULT NULL,
  `changedExpectedDate` int(10) unsigned DEFAULT NULL,
  `changedExpectedDeliveryReason` varchar(255) COLLATE utf8_unicode_ci DEFAULT NULL,
  `mailedByCustomerNumber` varchar(255) COLLATE utf8_unicode_ci DEFAULT NULL,
  `mailedOnBehalfOfCustomerNumber` varchar(255) COLLATE utf8_unicode_ci DEFAULT NULL,
  `originalPin` varchar(255) COLLATE utf8_unicode_ci DEFAULT NULL,
  `serviceName` varchar(255) COLLATE utf8_unicode_ci DEFAULT NULL,
  `serviceName_2` varchar(255) COLLATE utf8_unicode_ci DEFAULT NULL,
  `customerRef_1` varchar(255) COLLATE utf8_unicode_ci DEFAULT NULL,
  `customerRef_2` varchar(255) COLLATE utf8_unicode_ci DEFAULT NULL,
  `returnPin` varchar(255) COLLATE utf8_unicode_ci DEFAULT NULL,
  `signatureImageExists` tinyint(1) NOT NULL,
  `suppressSignature` tinyint(1) NOT NULL,
  `shipmentId` int(11) DEFAULT NULL,
  PRIMARY KEY (`id`),
  UNIQUE KEY `UNIQ_619551123C5EEBE2` (`shipmentId`),
  CONSTRAINT `FK_619551123C5EEBE2` FOREIGN KEY (`shipmentId`) REFERENCES `xlite_order_capost_parcel_shipment` (`id`) ON DELETE CASCADE
) ENGINE=InnoDB DEFAULT CHARSET=utf8 COLLATE=utf8_unicode_ci;
/*!40101 SET character_set_client = @saved_cs_client */;

--
-- Dumping data for table `xlite_order_capost_parcel_shipment_tracking`
--

LOCK TABLES `xlite_order_capost_parcel_shipment_tracking` WRITE;
/*!40000 ALTER TABLE `xlite_order_capost_parcel_shipment_tracking` DISABLE KEYS */;
/*!40000 ALTER TABLE `xlite_order_capost_parcel_shipment_tracking` ENABLE KEYS */;
UNLOCK TABLES;

--
-- Table structure for table `xlite_order_capost_parcel_shipment_tracking_events`
--

DROP TABLE IF EXISTS `xlite_order_capost_parcel_shipment_tracking_events`;
/*!40101 SET @saved_cs_client     = @@character_set_client */;
/*!40101 SET character_set_client = utf8 */;
CREATE TABLE `xlite_order_capost_parcel_shipment_tracking_events` (
  `id` int(11) NOT NULL AUTO_INCREMENT,
  `identifier` varchar(255) COLLATE utf8_unicode_ci NOT NULL,
  `date` char(10) COLLATE utf8_unicode_ci NOT NULL,
  `time` char(8) COLLATE utf8_unicode_ci NOT NULL,
  `timeZone` varchar(255) COLLATE utf8_unicode_ci NOT NULL,
  `description` varchar(255) COLLATE utf8_unicode_ci NOT NULL,
  `signatoryName` varchar(255) COLLATE utf8_unicode_ci NOT NULL,
  `site` varchar(255) COLLATE utf8_unicode_ci NOT NULL,
  `province` varchar(255) COLLATE utf8_unicode_ci NOT NULL,
  `retailLocationId` varchar(255) COLLATE utf8_unicode_ci NOT NULL,
  `retailName` varchar(255) COLLATE utf8_unicode_ci NOT NULL,
  `trackingId` int(11) DEFAULT NULL,
  PRIMARY KEY (`id`),
  KEY `IDX_75BDE7A6F76B6A7` (`trackingId`),
  CONSTRAINT `FK_75BDE7A6F76B6A7` FOREIGN KEY (`trackingId`) REFERENCES `xlite_order_capost_parcel_shipment_tracking` (`id`) ON DELETE CASCADE
) ENGINE=InnoDB DEFAULT CHARSET=utf8 COLLATE=utf8_unicode_ci;
/*!40101 SET character_set_client = @saved_cs_client */;

--
-- Dumping data for table `xlite_order_capost_parcel_shipment_tracking_events`
--

LOCK TABLES `xlite_order_capost_parcel_shipment_tracking_events` WRITE;
/*!40000 ALTER TABLE `xlite_order_capost_parcel_shipment_tracking_events` DISABLE KEYS */;
/*!40000 ALTER TABLE `xlite_order_capost_parcel_shipment_tracking_events` ENABLE KEYS */;
UNLOCK TABLES;

--
-- Table structure for table `xlite_order_capost_parcel_shipment_tracking_files`
--

DROP TABLE IF EXISTS `xlite_order_capost_parcel_shipment_tracking_files`;
/*!40101 SET @saved_cs_client     = @@character_set_client */;
/*!40101 SET character_set_client = utf8 */;
CREATE TABLE `xlite_order_capost_parcel_shipment_tracking_files` (
  `id` int(10) unsigned NOT NULL AUTO_INCREMENT,
  `docType` char(1) COLLATE utf8_unicode_ci NOT NULL,
  `path` varchar(512) COLLATE utf8_unicode_ci NOT NULL,
  `fileName` varchar(255) COLLATE utf8_unicode_ci NOT NULL,
  `mime` varchar(128) COLLATE utf8_unicode_ci NOT NULL,
  `storageType` varchar(1) COLLATE utf8_unicode_ci NOT NULL,
  `size` int(10) unsigned NOT NULL,
  `date` int(10) unsigned NOT NULL,
  `trackingId` int(11) DEFAULT NULL,
  PRIMARY KEY (`id`),
  KEY `IDX_4EB59AF6F76B6A7` (`trackingId`),
  CONSTRAINT `FK_4EB59AF6F76B6A7` FOREIGN KEY (`trackingId`) REFERENCES `xlite_order_capost_parcel_shipment_tracking` (`id`) ON DELETE CASCADE
) ENGINE=InnoDB DEFAULT CHARSET=utf8 COLLATE=utf8_unicode_ci;
/*!40101 SET character_set_client = @saved_cs_client */;

--
-- Dumping data for table `xlite_order_capost_parcel_shipment_tracking_files`
--

LOCK TABLES `xlite_order_capost_parcel_shipment_tracking_files` WRITE;
/*!40000 ALTER TABLE `xlite_order_capost_parcel_shipment_tracking_files` DISABLE KEYS */;
/*!40000 ALTER TABLE `xlite_order_capost_parcel_shipment_tracking_files` ENABLE KEYS */;
UNLOCK TABLES;

--
-- Table structure for table `xlite_order_capost_parcel_shipment_tracking_options`
--

DROP TABLE IF EXISTS `xlite_order_capost_parcel_shipment_tracking_options`;
/*!40101 SET @saved_cs_client     = @@character_set_client */;
/*!40101 SET character_set_client = utf8 */;
CREATE TABLE `xlite_order_capost_parcel_shipment_tracking_options` (
  `id` int(11) NOT NULL AUTO_INCREMENT,
  `name` varchar(255) COLLATE utf8_unicode_ci NOT NULL,
  `description` varchar(255) COLLATE utf8_unicode_ci NOT NULL,
  `trackingId` int(11) DEFAULT NULL,
  PRIMARY KEY (`id`),
  KEY `IDX_F6B816A26F76B6A7` (`trackingId`),
  CONSTRAINT `FK_F6B816A26F76B6A7` FOREIGN KEY (`trackingId`) REFERENCES `xlite_order_capost_parcel_shipment_tracking` (`id`) ON DELETE CASCADE
) ENGINE=InnoDB DEFAULT CHARSET=utf8 COLLATE=utf8_unicode_ci;
/*!40101 SET character_set_client = @saved_cs_client */;

--
-- Dumping data for table `xlite_order_capost_parcel_shipment_tracking_options`
--

LOCK TABLES `xlite_order_capost_parcel_shipment_tracking_options` WRITE;
/*!40000 ALTER TABLE `xlite_order_capost_parcel_shipment_tracking_options` DISABLE KEYS */;
/*!40000 ALTER TABLE `xlite_order_capost_parcel_shipment_tracking_options` ENABLE KEYS */;
UNLOCK TABLES;

--
-- Table structure for table `xlite_order_capost_parcel_shipments_manifests`
--

DROP TABLE IF EXISTS `xlite_order_capost_parcel_shipments_manifests`;
/*!40101 SET @saved_cs_client     = @@character_set_client */;
/*!40101 SET character_set_client = utf8 */;
CREATE TABLE `xlite_order_capost_parcel_shipments_manifests` (
  `manifest_id` int(11) NOT NULL,
  `shipment_id` int(11) NOT NULL,
  PRIMARY KEY (`manifest_id`,`shipment_id`),
  KEY `IDX_8D3D4D8FE697B2FB` (`manifest_id`),
  KEY `IDX_8D3D4D8F7BE036FC` (`shipment_id`),
  CONSTRAINT `FK_8D3D4D8F7BE036FC` FOREIGN KEY (`shipment_id`) REFERENCES `xlite_order_capost_parcel_shipment` (`id`) ON DELETE CASCADE,
  CONSTRAINT `FK_8D3D4D8FE697B2FB` FOREIGN KEY (`manifest_id`) REFERENCES `xlite_order_capost_parcel_manifests` (`id`) ON DELETE CASCADE
) ENGINE=InnoDB DEFAULT CHARSET=utf8 COLLATE=utf8_unicode_ci;
/*!40101 SET character_set_client = @saved_cs_client */;

--
-- Dumping data for table `xlite_order_capost_parcel_shipments_manifests`
--

LOCK TABLES `xlite_order_capost_parcel_shipments_manifests` WRITE;
/*!40000 ALTER TABLE `xlite_order_capost_parcel_shipments_manifests` DISABLE KEYS */;
/*!40000 ALTER TABLE `xlite_order_capost_parcel_shipments_manifests` ENABLE KEYS */;
UNLOCK TABLES;

--
-- Table structure for table `xlite_order_capost_parcels`
--

DROP TABLE IF EXISTS `xlite_order_capost_parcels`;
/*!40101 SET @saved_cs_client     = @@character_set_client */;
/*!40101 SET character_set_client = utf8 */;
CREATE TABLE `xlite_order_capost_parcels` (
  `id` int(11) NOT NULL AUTO_INCREMENT,
  `order_id` int(11) DEFAULT NULL,
  `number` int(11) NOT NULL,
  `status` char(2) COLLATE utf8_unicode_ci NOT NULL,
  `quoteType` char(2) COLLATE utf8_unicode_ci NOT NULL,
  `boxWeight` decimal(14,4) NOT NULL,
  `boxWidth` decimal(14,4) NOT NULL,
  `boxLength` decimal(14,4) NOT NULL,
  `boxHeight` decimal(14,4) NOT NULL,
  `isDocument` tinyint(1) NOT NULL,
  `isUnpackaged` tinyint(1) NOT NULL,
  `isMailingTube` tinyint(1) NOT NULL,
  `isOversized` tinyint(1) NOT NULL,
  `notifyOnShipment` tinyint(1) NOT NULL,
  `notifyOnException` tinyint(1) NOT NULL,
  `notifyOnDelivery` tinyint(1) NOT NULL,
  `optSignature` tinyint(1) NOT NULL,
  `optCoverage` decimal(14,4) NOT NULL,
  `optAgeProof` varchar(4) COLLATE utf8_unicode_ci NOT NULL,
  `optWayToDeliver` varchar(3) COLLATE utf8_unicode_ci NOT NULL,
  `optNonDelivery` varchar(4) COLLATE utf8_unicode_ci NOT NULL,
  PRIMARY KEY (`id`),
  KEY `IDX_35C9355A8D9F6D38` (`order_id`),
  KEY `status` (`status`),
  KEY `number` (`number`),
  CONSTRAINT `FK_35C9355A8D9F6D38` FOREIGN KEY (`order_id`) REFERENCES `xlite_orders` (`order_id`) ON DELETE CASCADE
) ENGINE=InnoDB DEFAULT CHARSET=utf8 COLLATE=utf8_unicode_ci;
/*!40101 SET character_set_client = @saved_cs_client */;

--
-- Dumping data for table `xlite_order_capost_parcels`
--

LOCK TABLES `xlite_order_capost_parcels` WRITE;
/*!40000 ALTER TABLE `xlite_order_capost_parcels` DISABLE KEYS */;
/*!40000 ALTER TABLE `xlite_order_capost_parcels` ENABLE KEYS */;
UNLOCK TABLES;

--
-- Table structure for table `xlite_order_coupons`
--

DROP TABLE IF EXISTS `xlite_order_coupons`;
/*!40101 SET @saved_cs_client     = @@character_set_client */;
/*!40101 SET character_set_client = utf8 */;
CREATE TABLE `xlite_order_coupons` (
  `id` int(10) unsigned NOT NULL AUTO_INCREMENT,
  `order_id` int(11) DEFAULT NULL,
  `coupon_id` int(10) unsigned DEFAULT NULL,
  `code` char(16) COLLATE utf8_unicode_ci NOT NULL,
  `value` decimal(14,4) NOT NULL,
  `type` char(1) COLLATE utf8_unicode_ci DEFAULT NULL,
  PRIMARY KEY (`id`),
  KEY `IDX_451D92198D9F6D38` (`order_id`),
  KEY `IDX_451D921966C5951B` (`coupon_id`),
  CONSTRAINT `FK_451D921966C5951B` FOREIGN KEY (`coupon_id`) REFERENCES `xlite_coupons` (`id`) ON DELETE SET NULL,
  CONSTRAINT `FK_451D92198D9F6D38` FOREIGN KEY (`order_id`) REFERENCES `xlite_orders` (`order_id`) ON DELETE CASCADE
) ENGINE=InnoDB DEFAULT CHARSET=utf8 COLLATE=utf8_unicode_ci;
/*!40101 SET character_set_client = @saved_cs_client */;

--
-- Dumping data for table `xlite_order_coupons`
--

LOCK TABLES `xlite_order_coupons` WRITE;
/*!40000 ALTER TABLE `xlite_order_coupons` DISABLE KEYS */;
/*!40000 ALTER TABLE `xlite_order_coupons` ENABLE KEYS */;
UNLOCK TABLES;

--
-- Table structure for table `xlite_order_details`
--

DROP TABLE IF EXISTS `xlite_order_details`;
/*!40101 SET @saved_cs_client     = @@character_set_client */;
/*!40101 SET character_set_client = utf8 */;
CREATE TABLE `xlite_order_details` (
  `detail_id` int(11) NOT NULL AUTO_INCREMENT,
  `order_id` int(11) DEFAULT NULL,
  `name` varchar(255) COLLATE utf8_unicode_ci NOT NULL,
  `label` varchar(255) COLLATE utf8_unicode_ci DEFAULT NULL,
  `value` longtext COLLATE utf8_unicode_ci NOT NULL,
  PRIMARY KEY (`detail_id`),
  KEY `IDX_C25F888B8D9F6D38` (`order_id`),
  KEY `oname` (`order_id`,`name`),
  CONSTRAINT `FK_C25F888B8D9F6D38` FOREIGN KEY (`order_id`) REFERENCES `xlite_orders` (`order_id`) ON DELETE CASCADE
) ENGINE=InnoDB DEFAULT CHARSET=utf8 COLLATE=utf8_unicode_ci;
/*!40101 SET character_set_client = @saved_cs_client */;

--
-- Dumping data for table `xlite_order_details`
--

LOCK TABLES `xlite_order_details` WRITE;
/*!40000 ALTER TABLE `xlite_order_details` DISABLE KEYS */;
/*!40000 ALTER TABLE `xlite_order_details` ENABLE KEYS */;
UNLOCK TABLES;

--
-- Table structure for table `xlite_order_history_event_data`
--

DROP TABLE IF EXISTS `xlite_order_history_event_data`;
/*!40101 SET @saved_cs_client     = @@character_set_client */;
/*!40101 SET character_set_client = utf8 */;
CREATE TABLE `xlite_order_history_event_data` (
  `id` int(11) NOT NULL AUTO_INCREMENT,
  `event_id` int(11) DEFAULT NULL,
  `name` varchar(128) COLLATE utf8_unicode_ci NOT NULL,
  `value` longtext COLLATE utf8_unicode_ci NOT NULL,
  PRIMARY KEY (`id`),
  KEY `IDX_BAE0BB2471F7E88B` (`event_id`),
  KEY `en` (`event_id`,`name`),
  CONSTRAINT `FK_BAE0BB2471F7E88B` FOREIGN KEY (`event_id`) REFERENCES `xlite_order_history_events` (`event_id`) ON DELETE CASCADE
) ENGINE=InnoDB DEFAULT CHARSET=utf8 COLLATE=utf8_unicode_ci;
/*!40101 SET character_set_client = @saved_cs_client */;

--
-- Dumping data for table `xlite_order_history_event_data`
--

LOCK TABLES `xlite_order_history_event_data` WRITE;
/*!40000 ALTER TABLE `xlite_order_history_event_data` DISABLE KEYS */;
/*!40000 ALTER TABLE `xlite_order_history_event_data` ENABLE KEYS */;
UNLOCK TABLES;

--
-- Table structure for table `xlite_order_history_events`
--

DROP TABLE IF EXISTS `xlite_order_history_events`;
/*!40101 SET @saved_cs_client     = @@character_set_client */;
/*!40101 SET character_set_client = utf8 */;
CREATE TABLE `xlite_order_history_events` (
  `event_id` int(11) NOT NULL AUTO_INCREMENT,
  `order_id` int(11) DEFAULT NULL,
  `author_id` int(11) DEFAULT NULL,
  `date` int(11) NOT NULL,
  `code` varchar(255) COLLATE utf8_unicode_ci NOT NULL,
  `description` varchar(1024) COLLATE utf8_unicode_ci DEFAULT NULL,
  `data` longtext COLLATE utf8_unicode_ci NOT NULL COMMENT '(DC2Type:array)',
  `comment` longtext COLLATE utf8_unicode_ci NOT NULL,
  `authorName` varchar(255) COLLATE utf8_unicode_ci DEFAULT NULL,
  `authorIp` varchar(255) COLLATE utf8_unicode_ci DEFAULT NULL,
  PRIMARY KEY (`event_id`),
  KEY `IDX_57EBBA5F8D9F6D38` (`order_id`),
  KEY `IDX_57EBBA5FF675F31B` (`author_id`),
  CONSTRAINT `FK_57EBBA5F8D9F6D38` FOREIGN KEY (`order_id`) REFERENCES `xlite_orders` (`order_id`) ON DELETE CASCADE,
  CONSTRAINT `FK_57EBBA5FF675F31B` FOREIGN KEY (`author_id`) REFERENCES `xlite_profiles` (`profile_id`) ON DELETE SET NULL
) ENGINE=InnoDB AUTO_INCREMENT=21 DEFAULT CHARSET=utf8 COLLATE=utf8_unicode_ci;
/*!40101 SET character_set_client = @saved_cs_client */;

--
-- Dumping data for table `xlite_order_history_events`
--

LOCK TABLES `xlite_order_history_events` WRITE;
/*!40000 ALTER TABLE `xlite_order_history_events` DISABLE KEYS */;
INSERT INTO `xlite_order_history_events` VALUES (1,1,1,1394005540,'PLACE ORDER','Order placed','N;','',NULL,''),(2,1,1,1394005540,'TRANSACTION','Payment transaction [method: Phone Ordering, type: sale, amount: 18.49, status: Pending]','N;','',NULL,''),(3,1,1,1394005540,'EMAIL ADMIN SENT','Email sent to the admin','a:1:{s:7:\"orderId\";i:1;}','Order is initially created',NULL,''),(4,2,1,1396005895,'PLACE ORDER','Order placed','N;','',NULL,''),(5,2,1,1396005895,'TRANSACTION','Payment transaction [method: Phone Ordering, type: sale, amount: 88.67, status: Pending]','N;','',NULL,''),(6,2,1,1396005895,'EMAIL ADMIN SENT','Email sent to the admin','a:1:{s:7:\"orderId\";i:2;}','Order is initially created',NULL,''),(7,3,1,1407005895,'PLACE ORDER','Order placed','N;','',NULL,''),(8,3,1,1407005895,'TRANSACTION','Payment transaction [method: Phone Ordering, type: sale, amount: 158.94, status: Pending]','N;','',NULL,''),(9,3,1,1407005895,'EMAIL ADMIN SENT','Email sent to the admin','a:1:{s:7:\"orderId\";i:3;}','Order is initially created',NULL,''),(10,4,1,1452604435,'PLACE ORDER','Order placed','a:1:{s:7:\"orderId\";i:4;}','',NULL,''),(11,4,1,1452604436,'TRANSACTION','Back end payment transaction [method: Simplify Commerce Hosted Payments, type: sale, amount: 38.01, status: Failed] [initial request]','N;','',NULL,''),(12,4,1,1452604436,'TRANSACTION','Payment transaction [method: Simplify Commerce Hosted Payments, type: sale, amount: 38.01, status: Failed]','N;','',NULL,''),(13,4,1,1452604437,'CHANGE PAYMENT STATUS ORDER','Order payment status changed from {{oldStatus}} to {{newStatus}}','a:3:{s:7:\"orderId\";i:4;s:9:\"newStatus\";s:8:\"Declined\";s:9:\"oldStatus\";s:16:\"Awaiting payment\";}','',NULL,''),(14,4,1,1452604501,'CHANGE PAYMENT STATUS ORDER','Order payment status changed from {{oldStatus}} to {{newStatus}}','a:3:{s:7:\"orderId\";i:4;s:9:\"newStatus\";s:16:\"Awaiting payment\";s:9:\"oldStatus\";s:8:\"Declined\";}','',NULL,''),(15,4,1,1452604502,'TRANSACTION','Back end payment transaction [method: Simplify Commerce Hosted Payments, type: sale, amount: 38.01, status: Failed] [initial request]','N;','',NULL,''),(16,4,1,1452604502,'TRANSACTION','Payment transaction [method: Simplify Commerce Hosted Payments, type: sale, amount: 38.01, status: Failed]','N;','',NULL,''),(17,4,1,1452604502,'CHANGE PAYMENT STATUS ORDER','Order payment status changed from {{oldStatus}} to {{newStatus}}','a:3:{s:7:\"orderId\";i:4;s:9:\"newStatus\";s:8:\"Declined\";s:9:\"oldStatus\";s:16:\"Awaiting payment\";}','',NULL,''),(18,5,1,1452604702,'PLACE ORDER','Order placed','N;','',NULL,''),(19,5,1,1452604702,'TRANSACTION','Payment transaction [method: Money Ordering, type: sale, amount: 352.81, status: Pending]','N;','',NULL,''),(20,5,1,1452604702,'EMAIL ADMIN SENT','Email sent to the admin','a:1:{s:7:\"orderId\";i:5;}','Order is initially created',NULL,'');
/*!40000 ALTER TABLE `xlite_order_history_events` ENABLE KEYS */;
UNLOCK TABLES;

--
-- Table structure for table `xlite_order_item_attribute_values`
--

DROP TABLE IF EXISTS `xlite_order_item_attribute_values`;
/*!40101 SET @saved_cs_client     = @@character_set_client */;
/*!40101 SET character_set_client = utf8 */;
CREATE TABLE `xlite_order_item_attribute_values` (
  `id` int(10) unsigned NOT NULL AUTO_INCREMENT,
  `item_id` int(11) DEFAULT NULL,
  `attribute_value_checkbox_id` int(10) unsigned DEFAULT NULL,
  `attribute_value_select_id` int(10) unsigned DEFAULT NULL,
  `attribute_value_text_id` int(10) unsigned DEFAULT NULL,
  `name` varchar(255) COLLATE utf8_unicode_ci NOT NULL,
  `value` varchar(255) COLLATE utf8_unicode_ci NOT NULL,
  `attributeId` int(10) unsigned NOT NULL,
  PRIMARY KEY (`id`),
  KEY `IDX_46E30CEA126F525E` (`item_id`),
  KEY `IDX_46E30CEA571B5A02` (`attribute_value_checkbox_id`),
  KEY `IDX_46E30CEAA16D6CC9` (`attribute_value_select_id`),
  KEY `IDX_46E30CEA27A31B4D` (`attribute_value_text_id`),
  CONSTRAINT `FK_46E30CEA126F525E` FOREIGN KEY (`item_id`) REFERENCES `xlite_order_items` (`item_id`) ON DELETE CASCADE,
  CONSTRAINT `FK_46E30CEA27A31B4D` FOREIGN KEY (`attribute_value_text_id`) REFERENCES `xlite_attribute_values_text` (`id`) ON DELETE SET NULL,
  CONSTRAINT `FK_46E30CEA571B5A02` FOREIGN KEY (`attribute_value_checkbox_id`) REFERENCES `xlite_attribute_values_checkbox` (`id`) ON DELETE SET NULL,
  CONSTRAINT `FK_46E30CEAA16D6CC9` FOREIGN KEY (`attribute_value_select_id`) REFERENCES `xlite_attribute_values_select` (`id`) ON DELETE SET NULL
) ENGINE=InnoDB DEFAULT CHARSET=utf8 COLLATE=utf8_unicode_ci;
/*!40101 SET character_set_client = @saved_cs_client */;

--
-- Dumping data for table `xlite_order_item_attribute_values`
--

LOCK TABLES `xlite_order_item_attribute_values` WRITE;
/*!40000 ALTER TABLE `xlite_order_item_attribute_values` DISABLE KEYS */;
/*!40000 ALTER TABLE `xlite_order_item_attribute_values` ENABLE KEYS */;
UNLOCK TABLES;

--
-- Table structure for table `xlite_order_item_private_attachments`
--

DROP TABLE IF EXISTS `xlite_order_item_private_attachments`;
/*!40101 SET @saved_cs_client     = @@character_set_client */;
/*!40101 SET character_set_client = utf8 */;
CREATE TABLE `xlite_order_item_private_attachments` (
  `id` int(10) unsigned NOT NULL AUTO_INCREMENT,
  `item_id` int(11) DEFAULT NULL,
  `attachment_id` int(10) unsigned DEFAULT NULL,
  `title` varchar(255) COLLATE utf8_unicode_ci NOT NULL,
  `downloadKey` char(128) COLLATE utf8_unicode_ci NOT NULL,
  `expire` int(10) unsigned NOT NULL,
  `attempt` int(10) unsigned NOT NULL,
  `attemptLimit` int(10) unsigned NOT NULL,
  `blocked` tinyint(1) NOT NULL,
  PRIMARY KEY (`id`),
  KEY `IDX_BC5B98F1126F525E` (`item_id`),
  KEY `IDX_BC5B98F1464E68B` (`attachment_id`),
  CONSTRAINT `FK_BC5B98F1126F525E` FOREIGN KEY (`item_id`) REFERENCES `xlite_order_items` (`item_id`) ON DELETE CASCADE,
  CONSTRAINT `FK_BC5B98F1464E68B` FOREIGN KEY (`attachment_id`) REFERENCES `xlite_product_attachments` (`id`) ON DELETE SET NULL
) ENGINE=InnoDB DEFAULT CHARSET=utf8 COLLATE=utf8_unicode_ci;
/*!40101 SET character_set_client = @saved_cs_client */;

--
-- Dumping data for table `xlite_order_item_private_attachments`
--

LOCK TABLES `xlite_order_item_private_attachments` WRITE;
/*!40000 ALTER TABLE `xlite_order_item_private_attachments` DISABLE KEYS */;
/*!40000 ALTER TABLE `xlite_order_item_private_attachments` ENABLE KEYS */;
UNLOCK TABLES;

--
-- Table structure for table `xlite_order_item_surcharges`
--

DROP TABLE IF EXISTS `xlite_order_item_surcharges`;
/*!40101 SET @saved_cs_client     = @@character_set_client */;
/*!40101 SET character_set_client = utf8 */;
CREATE TABLE `xlite_order_item_surcharges` (
  `id` int(10) unsigned NOT NULL AUTO_INCREMENT,
  `item_id` int(11) DEFAULT NULL,
  `type` char(8) COLLATE utf8_unicode_ci NOT NULL,
  `code` varchar(128) COLLATE utf8_unicode_ci NOT NULL,
  `class` varchar(255) COLLATE utf8_unicode_ci NOT NULL,
  `include` tinyint(1) NOT NULL,
  `available` tinyint(1) NOT NULL,
  `value` decimal(14,4) NOT NULL,
  `name` varchar(255) COLLATE utf8_unicode_ci NOT NULL,
  `weight` int(11) NOT NULL,
  PRIMARY KEY (`id`),
  KEY `IDX_F9394518126F525E` (`item_id`),
  CONSTRAINT `FK_F9394518126F525E` FOREIGN KEY (`item_id`) REFERENCES `xlite_order_items` (`item_id`) ON DELETE CASCADE
) ENGINE=InnoDB DEFAULT CHARSET=utf8 COLLATE=utf8_unicode_ci;
/*!40101 SET character_set_client = @saved_cs_client */;

--
-- Dumping data for table `xlite_order_item_surcharges`
--

LOCK TABLES `xlite_order_item_surcharges` WRITE;
/*!40000 ALTER TABLE `xlite_order_item_surcharges` DISABLE KEYS */;
/*!40000 ALTER TABLE `xlite_order_item_surcharges` ENABLE KEYS */;
UNLOCK TABLES;

--
-- Table structure for table `xlite_order_items`
--

DROP TABLE IF EXISTS `xlite_order_items`;
/*!40101 SET @saved_cs_client     = @@character_set_client */;
/*!40101 SET character_set_client = utf8 */;
CREATE TABLE `xlite_order_items` (
  `item_id` int(11) NOT NULL AUTO_INCREMENT,
  `object_id` int(10) unsigned DEFAULT NULL,
  `order_id` int(11) DEFAULT NULL,
  `categoryAdded` varchar(255) COLLATE utf8_unicode_ci DEFAULT NULL,
  `xpcFakeItem` tinyint(1) NOT NULL,
  `name` varchar(255) COLLATE utf8_unicode_ci NOT NULL,
  `sku` varchar(32) COLLATE utf8_unicode_ci NOT NULL,
  `price` decimal(14,4) NOT NULL COMMENT '(DC2Type:money)',
  `itemNetPrice` decimal(14,4) NOT NULL,
  `discountedSubtotal` decimal(14,4) NOT NULL,
  `amount` int(11) NOT NULL,
  `backorderedAmount` int(11) NOT NULL,
  `total` decimal(14,4) NOT NULL,
  `subtotal` decimal(14,4) NOT NULL,
  `object_type` varchar(16) COLLATE utf8_unicode_ci NOT NULL,
  PRIMARY KEY (`item_id`),
  KEY `IDX_4693C0A18D9F6D38` (`order_id`),
  KEY `ooo` (`order_id`,`object_type`,`object_id`),
  KEY `object_id` (`object_id`),
  KEY `price` (`price`),
  KEY `amount` (`amount`),
  CONSTRAINT `FK_4693C0A1232D562B` FOREIGN KEY (`object_id`) REFERENCES `xlite_products` (`product_id`) ON DELETE SET NULL,
  CONSTRAINT `FK_4693C0A18D9F6D38` FOREIGN KEY (`order_id`) REFERENCES `xlite_orders` (`order_id`) ON DELETE CASCADE
) ENGINE=InnoDB AUTO_INCREMENT=9 DEFAULT CHARSET=utf8 COLLATE=utf8_unicode_ci;
/*!40101 SET character_set_client = @saved_cs_client */;

--
-- Dumping data for table `xlite_order_items`
--

LOCK TABLES `xlite_order_items` WRITE;
/*!40000 ALTER TABLE `xlite_order_items` DISABLE KEYS */;
INSERT INTO `xlite_order_items` VALUES (1,42,1,'',0,'Perfect Snacks','10000000118',19.9900,19.9900,16.9900,1,0,19.9900,19.9900,'product'),(2,3,2,'',0,'Beige Sneakers','10000000069',19.9900,19.9900,39.9800,2,0,39.9800,39.9800,'product'),(3,8,2,'',0,'Pink Sneakers with White Soles','10000000081',19.9900,14.9900,44.9700,3,0,44.9700,44.9700,'product'),(4,12,3,'',0,'Waist Tie Dress in Blue and White Stripe','10000000085',9.9900,9.9900,59.9400,6,0,59.9400,59.9400,'product'),(5,16,3,'',0,'Sleeved Mini Dress in Color Block','10000000089',99.0000,99.0000,99.9900,1,0,99.0000,99.0000,'product'),(6,10,4,'',0,'Caged Cutout Sandals in Gold','10000000083',34.9900,34.9900,34.9900,1,0,34.9900,34.9900,'product'),(7,14,5,'',0,'Multicolored Dress with Balloon Sleeves [Options & Attributes]','10000000087',29.9900,25.4900,305.8800,12,0,305.8800,305.8800,'product'),(8,26,5,'',0,'Festival Braslet Pack in Gold Tone','10000000101',12.9900,6.4900,45.4300,7,0,45.4300,45.4300,'product');
/*!40000 ALTER TABLE `xlite_order_items` ENABLE KEYS */;
UNLOCK TABLES;

--
-- Table structure for table `xlite_order_modifiers`
--

DROP TABLE IF EXISTS `xlite_order_modifiers`;
/*!40101 SET @saved_cs_client     = @@character_set_client */;
/*!40101 SET character_set_client = utf8 */;
CREATE TABLE `xlite_order_modifiers` (
  `id` int(10) unsigned NOT NULL AUTO_INCREMENT,
  `class` varchar(255) COLLATE utf8_unicode_ci NOT NULL,
  `weight` int(11) NOT NULL,
  PRIMARY KEY (`id`)
) ENGINE=InnoDB AUTO_INCREMENT=5 DEFAULT CHARSET=utf8 COLLATE=utf8_unicode_ci;
/*!40101 SET character_set_client = @saved_cs_client */;

--
-- Dumping data for table `xlite_order_modifiers`
--

LOCK TABLES `xlite_order_modifiers` WRITE;
/*!40000 ALTER TABLE `xlite_order_modifiers` DISABLE KEYS */;
INSERT INTO `xlite_order_modifiers` VALUES (1,'XLite\\Logic\\Order\\Modifier\\Shipping',100),(2,'XLite\\Module\\CDev\\Coupons\\Logic\\Order\\Modifier\\Discount',50),(3,'XLite\\Module\\CDev\\SalesTax\\Logic\\Order\\Modifier\\Tax',1100),(4,'XLite\\Module\\CDev\\VolumeDiscounts\\Logic\\Order\\Modifier\\Discount',50);
/*!40000 ALTER TABLE `xlite_order_modifiers` ENABLE KEYS */;
UNLOCK TABLES;

--
-- Table structure for table `xlite_order_payment_status_translations`
--

DROP TABLE IF EXISTS `xlite_order_payment_status_translations`;
/*!40101 SET @saved_cs_client     = @@character_set_client */;
/*!40101 SET character_set_client = utf8 */;
CREATE TABLE `xlite_order_payment_status_translations` (
  `label_id` int(11) NOT NULL AUTO_INCREMENT,
  `id` int(10) unsigned DEFAULT NULL,
  `name` varchar(255) COLLATE utf8_unicode_ci NOT NULL,
  `customerName` varchar(255) COLLATE utf8_unicode_ci DEFAULT NULL,
  `code` char(2) COLLATE utf8_unicode_ci NOT NULL,
  PRIMARY KEY (`label_id`),
  KEY `ci` (`code`,`id`),
  KEY `id` (`id`),
  CONSTRAINT `FK_702453C2BF396750` FOREIGN KEY (`id`) REFERENCES `xlite_order_payment_statuses` (`id`) ON DELETE CASCADE
) ENGINE=InnoDB AUTO_INCREMENT=8 DEFAULT CHARSET=utf8 COLLATE=utf8_unicode_ci;
/*!40101 SET character_set_client = @saved_cs_client */;

--
-- Dumping data for table `xlite_order_payment_status_translations`
--

LOCK TABLES `xlite_order_payment_status_translations` WRITE;
/*!40000 ALTER TABLE `xlite_order_payment_status_translations` DISABLE KEYS */;
INSERT INTO `xlite_order_payment_status_translations` VALUES (1,1,'Awaiting payment','Awaiting payment','en'),(2,2,'Authorized','Authorization hold','en'),(3,3,'Partially Paid','Partially Paid','en'),(4,4,'Paid','Paid','en'),(5,5,'Declined','Declined','en'),(6,6,'Cancelled','Cancelled','en'),(7,7,'Refunded','Refunded','en');
/*!40000 ALTER TABLE `xlite_order_payment_status_translations` ENABLE KEYS */;
UNLOCK TABLES;

--
-- Table structure for table `xlite_order_payment_statuses`
--

DROP TABLE IF EXISTS `xlite_order_payment_statuses`;
/*!40101 SET @saved_cs_client     = @@character_set_client */;
/*!40101 SET character_set_client = utf8 */;
CREATE TABLE `xlite_order_payment_statuses` (
  `id` int(10) unsigned NOT NULL AUTO_INCREMENT,
  `code` char(4) COLLATE utf8_unicode_ci DEFAULT NULL,
  `position` int(11) NOT NULL,
  PRIMARY KEY (`id`),
  UNIQUE KEY `UNIQ_A2C34C8E77153098` (`code`),
  KEY `code` (`code`)
) ENGINE=InnoDB AUTO_INCREMENT=8 DEFAULT CHARSET=utf8 COLLATE=utf8_unicode_ci;
/*!40101 SET character_set_client = @saved_cs_client */;

--
-- Dumping data for table `xlite_order_payment_statuses`
--

LOCK TABLES `xlite_order_payment_statuses` WRITE;
/*!40000 ALTER TABLE `xlite_order_payment_statuses` DISABLE KEYS */;
INSERT INTO `xlite_order_payment_statuses` VALUES (1,'Q',10),(2,'A',20),(3,'PP',30),(4,'P',40),(5,'D',50),(6,'C',60),(7,'R',70);
/*!40000 ALTER TABLE `xlite_order_payment_statuses` ENABLE KEYS */;
UNLOCK TABLES;

--
-- Table structure for table `xlite_order_review_keys`
--

DROP TABLE IF EXISTS `xlite_order_review_keys`;
/*!40101 SET @saved_cs_client     = @@character_set_client */;
/*!40101 SET character_set_client = utf8 */;
CREATE TABLE `xlite_order_review_keys` (
  `id` int(10) unsigned NOT NULL AUTO_INCREMENT,
  `order_id` int(11) DEFAULT NULL,
  `keyValue` char(32) COLLATE utf8_unicode_ci NOT NULL,
  `addedDate` int(11) NOT NULL,
  `sentDate` int(11) NOT NULL,
  `firstClickDate` int(11) NOT NULL,
  PRIMARY KEY (`id`),
  UNIQUE KEY `UNIQ_3869BA7B8D9F6D38` (`order_id`),
  KEY `keyValue` (`keyValue`),
  KEY `addedDate` (`addedDate`),
  KEY `sentDate` (`sentDate`),
  CONSTRAINT `FK_3869BA7B8D9F6D38` FOREIGN KEY (`order_id`) REFERENCES `xlite_orders` (`order_id`) ON DELETE CASCADE
) ENGINE=InnoDB DEFAULT CHARSET=utf8 COLLATE=utf8_unicode_ci;
/*!40101 SET character_set_client = @saved_cs_client */;

--
-- Dumping data for table `xlite_order_review_keys`
--

LOCK TABLES `xlite_order_review_keys` WRITE;
/*!40000 ALTER TABLE `xlite_order_review_keys` DISABLE KEYS */;
/*!40000 ALTER TABLE `xlite_order_review_keys` ENABLE KEYS */;
UNLOCK TABLES;

--
-- Table structure for table `xlite_order_shipping_status_translations`
--

DROP TABLE IF EXISTS `xlite_order_shipping_status_translations`;
/*!40101 SET @saved_cs_client     = @@character_set_client */;
/*!40101 SET character_set_client = utf8 */;
CREATE TABLE `xlite_order_shipping_status_translations` (
  `label_id` int(11) NOT NULL AUTO_INCREMENT,
  `id` int(10) unsigned DEFAULT NULL,
  `name` varchar(255) COLLATE utf8_unicode_ci NOT NULL,
  `customerName` varchar(255) COLLATE utf8_unicode_ci DEFAULT NULL,
  `code` char(2) COLLATE utf8_unicode_ci NOT NULL,
  PRIMARY KEY (`label_id`),
  KEY `ci` (`code`,`id`),
  KEY `id` (`id`),
  CONSTRAINT `FK_53DEE45BBF396750` FOREIGN KEY (`id`) REFERENCES `xlite_order_shipping_statuses` (`id`) ON DELETE CASCADE
) ENGINE=InnoDB AUTO_INCREMENT=11 DEFAULT CHARSET=utf8 COLLATE=utf8_unicode_ci;
/*!40101 SET character_set_client = @saved_cs_client */;

--
-- Dumping data for table `xlite_order_shipping_status_translations`
--

LOCK TABLES `xlite_order_shipping_status_translations` WRITE;
/*!40000 ALTER TABLE `xlite_order_shipping_status_translations` DISABLE KEYS */;
INSERT INTO `xlite_order_shipping_status_translations` VALUES (1,1,'New','New','en'),(2,2,'Processing','Processing','en'),(3,3,'Shipped','Shipped','en'),(4,4,'Delivered','Delivered','en'),(5,5,'Will Not Deliver','Will Not Deliver','en'),(6,6,'Returned','Returned','en'),(7,7,'Waiting for approve','Waiting for approve','en'),(8,8,'New/Backorder','New','en'),(9,9,'Not Finished','Not finished','en'),(10,9,'Не завершен','Не завершен','ru');
/*!40000 ALTER TABLE `xlite_order_shipping_status_translations` ENABLE KEYS */;
UNLOCK TABLES;

--
-- Table structure for table `xlite_order_shipping_statuses`
--

DROP TABLE IF EXISTS `xlite_order_shipping_statuses`;
/*!40101 SET @saved_cs_client     = @@character_set_client */;
/*!40101 SET character_set_client = utf8 */;
CREATE TABLE `xlite_order_shipping_statuses` (
  `id` int(10) unsigned NOT NULL AUTO_INCREMENT,
  `code` char(4) COLLATE utf8_unicode_ci DEFAULT NULL,
  `position` int(11) NOT NULL,
  PRIMARY KEY (`id`),
  UNIQUE KEY `UNIQ_F46FC21177153098` (`code`),
  KEY `code` (`code`)
) ENGINE=InnoDB AUTO_INCREMENT=10 DEFAULT CHARSET=utf8 COLLATE=utf8_unicode_ci;
/*!40101 SET character_set_client = @saved_cs_client */;

--
-- Dumping data for table `xlite_order_shipping_statuses`
--

LOCK TABLES `xlite_order_shipping_statuses` WRITE;
/*!40000 ALTER TABLE `xlite_order_shipping_statuses` DISABLE KEYS */;
INSERT INTO `xlite_order_shipping_statuses` VALUES (1,'N',10),(2,'P',20),(3,'S',30),(4,'D',40),(5,'WND',50),(6,'R',60),(7,'WFA',70),(8,'NBA',80),(9,'NF',100);
/*!40000 ALTER TABLE `xlite_order_shipping_statuses` ENABLE KEYS */;
UNLOCK TABLES;

--
-- Table structure for table `xlite_order_status_properties`
--

DROP TABLE IF EXISTS `xlite_order_status_properties`;
/*!40101 SET @saved_cs_client     = @@character_set_client */;
/*!40101 SET character_set_client = utf8 */;
CREATE TABLE `xlite_order_status_properties` (
  `id` int(10) unsigned NOT NULL AUTO_INCREMENT,
  `payment_status_id` int(10) unsigned DEFAULT NULL,
  `shipping_status_id` int(10) unsigned DEFAULT NULL,
  `incStock` tinyint(1) DEFAULT NULL,
  PRIMARY KEY (`id`),
  KEY `payment_status` (`payment_status_id`),
  KEY `shipping_status` (`shipping_status_id`),
  CONSTRAINT `FK_A5E047EE28DE2F95` FOREIGN KEY (`payment_status_id`) REFERENCES `xlite_order_payment_statuses` (`id`) ON DELETE CASCADE,
  CONSTRAINT `FK_A5E047EE2D02518A` FOREIGN KEY (`shipping_status_id`) REFERENCES `xlite_order_shipping_statuses` (`id`) ON DELETE CASCADE
) ENGINE=InnoDB AUTO_INCREMENT=64 DEFAULT CHARSET=utf8 COLLATE=utf8_unicode_ci;
/*!40101 SET character_set_client = @saved_cs_client */;

--
-- Dumping data for table `xlite_order_status_properties`
--

LOCK TABLES `xlite_order_status_properties` WRITE;
/*!40000 ALTER TABLE `xlite_order_status_properties` DISABLE KEYS */;
INSERT INTO `xlite_order_status_properties` VALUES (1,2,1,0),(2,2,2,0),(3,2,3,0),(4,2,4,0),(5,2,5,0),(6,2,6,0),(7,2,7,0),(8,2,8,0),(9,3,1,0),(10,3,2,0),(11,3,3,0),(12,3,4,0),(13,3,5,0),(14,3,6,0),(15,3,7,0),(16,3,8,0),(17,4,1,0),(18,4,2,0),(19,4,3,0),(20,4,4,0),(21,4,5,0),(22,4,6,0),(23,4,7,0),(24,4,8,0),(25,5,1,1),(26,5,2,1),(27,5,3,1),(28,5,4,1),(29,5,5,1),(30,5,6,1),(31,5,7,1),(32,5,8,1),(33,6,1,1),(34,6,2,1),(35,6,3,1),(36,6,4,1),(37,6,5,1),(38,6,6,1),(39,6,7,1),(40,6,8,1),(41,1,1,0),(42,1,2,0),(43,1,3,0),(44,1,4,0),(45,1,5,0),(46,1,6,0),(47,1,7,0),(48,1,8,0),(49,7,1,1),(50,7,2,1),(51,7,3,0),(52,7,4,0),(53,7,5,1),(54,7,6,1),(55,7,7,1),(56,7,8,1),(57,2,9,1),(58,3,9,1),(59,4,9,1),(60,5,9,1),(61,6,9,1),(62,1,9,1),(63,7,9,1);
/*!40000 ALTER TABLE `xlite_order_status_properties` ENABLE KEYS */;
UNLOCK TABLES;

--
-- Table structure for table `xlite_order_surcharges`
--

DROP TABLE IF EXISTS `xlite_order_surcharges`;
/*!40101 SET @saved_cs_client     = @@character_set_client */;
/*!40101 SET character_set_client = utf8 */;
CREATE TABLE `xlite_order_surcharges` (
  `id` int(10) unsigned NOT NULL AUTO_INCREMENT,
  `order_id` int(11) DEFAULT NULL,
  `type` char(8) COLLATE utf8_unicode_ci NOT NULL,
  `code` varchar(128) COLLATE utf8_unicode_ci NOT NULL,
  `class` varchar(255) COLLATE utf8_unicode_ci NOT NULL,
  `include` tinyint(1) NOT NULL,
  `available` tinyint(1) NOT NULL,
  `value` decimal(14,4) NOT NULL,
  `name` varchar(255) COLLATE utf8_unicode_ci NOT NULL,
  `weight` int(11) NOT NULL,
  PRIMARY KEY (`id`),
  KEY `IDX_3583A1698D9F6D38` (`order_id`),
  CONSTRAINT `FK_3583A1698D9F6D38` FOREIGN KEY (`order_id`) REFERENCES `xlite_orders` (`order_id`) ON DELETE CASCADE
) ENGINE=InnoDB AUTO_INCREMENT=7 DEFAULT CHARSET=utf8 COLLATE=utf8_unicode_ci;
/*!40101 SET character_set_client = @saved_cs_client */;

--
-- Dumping data for table `xlite_order_surcharges`
--

LOCK TABLES `xlite_order_surcharges` WRITE;
/*!40000 ALTER TABLE `xlite_order_surcharges` DISABLE KEYS */;
INSERT INTO `xlite_order_surcharges` VALUES (1,1,'shipping','SHIPPING','\\XLite\\Logic\\Order\\Modifier\\Shipping',0,1,1.5000,'Shipping cost',0),(2,1,'discount','DISCOUNT','\\XLite\\Module\\CDev\\VolumeDiscounts\\Logic\\Order\\Modifier\\Discount',0,1,-3.0000,'Discount',0),(3,2,'shipping','SHIPPING','\\XLite\\Logic\\Order\\Modifier\\Shipping',0,1,3.7200,'Shipping cost',0),(4,3,'shipping','SHIPPING','\\XLite\\Logic\\Order\\Modifier\\Shipping',0,1,0.0000,'Shipping cost',0),(5,4,'shipping','SHIPPING','\\XLite\\Logic\\Order\\Modifier\\Shipping',0,1,3.0200,'Shipping cost',0),(6,5,'shipping','SHIPPING','\\XLite\\Logic\\Order\\Modifier\\Shipping',0,1,1.5000,'Shipping cost',0);
/*!40000 ALTER TABLE `xlite_order_surcharges` ENABLE KEYS */;
UNLOCK TABLES;

--
-- Table structure for table `xlite_order_tracking_number`
--

DROP TABLE IF EXISTS `xlite_order_tracking_number`;
/*!40101 SET @saved_cs_client     = @@character_set_client */;
/*!40101 SET character_set_client = utf8 */;
CREATE TABLE `xlite_order_tracking_number` (
  `tracking_id` int(11) NOT NULL AUTO_INCREMENT,
  `order_id` int(11) DEFAULT NULL,
  `value` longtext COLLATE utf8_unicode_ci NOT NULL,
  `creationDate` int(11) NOT NULL,
  PRIMARY KEY (`tracking_id`),
  KEY `IDX_77A238F48D9F6D38` (`order_id`),
  CONSTRAINT `FK_77A238F48D9F6D38` FOREIGN KEY (`order_id`) REFERENCES `xlite_orders` (`order_id`) ON DELETE CASCADE
) ENGINE=InnoDB DEFAULT CHARSET=utf8 COLLATE=utf8_unicode_ci;
/*!40101 SET character_set_client = @saved_cs_client */;

--
-- Dumping data for table `xlite_order_tracking_number`
--

LOCK TABLES `xlite_order_tracking_number` WRITE;
/*!40000 ALTER TABLE `xlite_order_tracking_number` DISABLE KEYS */;
/*!40000 ALTER TABLE `xlite_order_tracking_number` ENABLE KEYS */;
UNLOCK TABLES;

--
-- Table structure for table `xlite_orders`
--

DROP TABLE IF EXISTS `xlite_orders`;
/*!40101 SET @saved_cs_client     = @@character_set_client */;
/*!40101 SET character_set_client = utf8 */;
CREATE TABLE `xlite_orders` (
  `order_id` int(11) NOT NULL AUTO_INCREMENT,
  `not_finished_order_id` int(11) DEFAULT NULL,
  `profile_id` int(11) DEFAULT NULL,
  `orig_profile_id` int(11) DEFAULT NULL,
  `payment_status_id` int(10) unsigned DEFAULT NULL,
  `shipping_status_id` int(10) unsigned DEFAULT NULL,
  `currency_id` int(10) unsigned DEFAULT NULL,
  `fraud_status_xpc` varchar(255) COLLATE utf8_unicode_ci NOT NULL,
  `fraud_type_xpc` varchar(255) COLLATE utf8_unicode_ci NOT NULL,
  `fraud_check_transaction_id` int(11) NOT NULL,
  `is_zero_auth` tinyint(1) NOT NULL,
  `mailchimpStoreId` varchar(255) COLLATE utf8_unicode_ci NOT NULL,
  `demo` tinyint(1) NOT NULL,
  `shipping_id` int(11) NOT NULL,
  `shipping_method_name` varchar(255) COLLATE utf8_unicode_ci DEFAULT NULL,
  `payment_method_name` varchar(255) COLLATE utf8_unicode_ci DEFAULT NULL,
  `tracking` varchar(32) COLLATE utf8_unicode_ci NOT NULL,
  `date` int(11) NOT NULL,
  `lastRenewDate` int(11) NOT NULL,
  `notes` longtext COLLATE utf8_unicode_ci NOT NULL,
  `adminNotes` longtext COLLATE utf8_unicode_ci NOT NULL,
  `orderNumber` varchar(255) COLLATE utf8_unicode_ci DEFAULT NULL,
  `recent` tinyint(1) NOT NULL,
  `xcPendingExport` tinyint(1) NOT NULL,
  `total` decimal(14,4) NOT NULL,
  `subtotal` decimal(14,4) NOT NULL,
  `is_order` int(11) NOT NULL,
  PRIMARY KEY (`order_id`),
  KEY `IDX_9A9BE335791AE370` (`not_finished_order_id`),
  KEY `IDX_9A9BE335CCFA12B8` (`profile_id`),
  KEY `IDX_9A9BE335DBFEF46C` (`orig_profile_id`),
  KEY `IDX_9A9BE33538248176` (`currency_id`),
  KEY `date` (`date`),
  KEY `total` (`total`),
  KEY `subtotal` (`subtotal`),
  KEY `tracking` (`tracking`),
  KEY `payment_status` (`payment_status_id`),
  KEY `shipping_status` (`shipping_status_id`),
  KEY `shipping_id` (`shipping_id`),
  KEY `lastRenewDate` (`lastRenewDate`),
  KEY `orderNumber` (`orderNumber`),
  KEY `is_order` (`is_order`),
  KEY `xcPendingExport` (`xcPendingExport`),
  CONSTRAINT `FK_9A9BE33528DE2F95` FOREIGN KEY (`payment_status_id`) REFERENCES `xlite_order_payment_statuses` (`id`) ON DELETE SET NULL,
  CONSTRAINT `FK_9A9BE3352D02518A` FOREIGN KEY (`shipping_status_id`) REFERENCES `xlite_order_shipping_statuses` (`id`) ON DELETE SET NULL,
  CONSTRAINT `FK_9A9BE33538248176` FOREIGN KEY (`currency_id`) REFERENCES `xlite_currencies` (`currency_id`) ON DELETE CASCADE,
  CONSTRAINT `FK_9A9BE335791AE370` FOREIGN KEY (`not_finished_order_id`) REFERENCES `xlite_orders` (`order_id`) ON DELETE SET NULL,
  CONSTRAINT `FK_9A9BE335CCFA12B8` FOREIGN KEY (`profile_id`) REFERENCES `xlite_profiles` (`profile_id`) ON DELETE CASCADE,
  CONSTRAINT `FK_9A9BE335DBFEF46C` FOREIGN KEY (`orig_profile_id`) REFERENCES `xlite_profiles` (`profile_id`) ON DELETE SET NULL
) ENGINE=InnoDB AUTO_INCREMENT=6 DEFAULT CHARSET=utf8 COLLATE=utf8_unicode_ci;
/*!40101 SET character_set_client = @saved_cs_client */;

--
-- Dumping data for table `xlite_orders`
--

LOCK TABLES `xlite_orders` WRITE;
/*!40000 ALTER TABLE `xlite_orders` DISABLE KEYS */;
INSERT INTO `xlite_orders` VALUES (1,NULL,2,1,4,4,840,'','',0,0,'',1,89,'Courier','','',1394005540,1562239061,'','','1',0,0,18.4900,19.9900,1),(2,NULL,3,1,4,4,840,'','',0,0,'',1,89,'Courier','','',1396005895,1562239061,'','','2',1,0,88.6700,84.9500,1),(3,NULL,4,1,4,4,840,'','',0,0,'',1,89,'Courier','','',1407005895,1562239061,'','','3',1,0,158.9400,158.9400,1),(4,NULL,5,1,5,5,840,'','',0,0,'',1,89,'Courier','Simplify Commerce Hosted Payments','',1452604403,1562239062,'','','4',1,0,38.0100,34.9900,1),(5,NULL,6,1,4,4,840,'','',0,0,'',1,89,'Courier','','',1452604702,1562239062,'','','5',0,0,352.8100,351.3100,1);
/*!40000 ALTER TABLE `xlite_orders` ENABLE KEYS */;
UNLOCK TABLES;

--
-- Table structure for table `xlite_overridden_view_lists`
--

DROP TABLE IF EXISTS `xlite_overridden_view_lists`;
/*!40101 SET @saved_cs_client     = @@character_set_client */;
/*!40101 SET character_set_client = utf8 */;
CREATE TABLE `xlite_overridden_view_lists` (
  `listHash` varchar(64) COLLATE utf8_unicode_ci NOT NULL,
  `listData` longtext COLLATE utf8_unicode_ci NOT NULL,
  PRIMARY KEY (`listHash`)
) ENGINE=InnoDB DEFAULT CHARSET=utf8 COLLATE=utf8_unicode_ci;
/*!40101 SET character_set_client = @saved_cs_client */;

--
-- Dumping data for table `xlite_overridden_view_lists`
--

LOCK TABLES `xlite_overridden_view_lists` WRITE;
/*!40000 ALTER TABLE `xlite_overridden_view_lists` DISABLE KEYS */;
/*!40000 ALTER TABLE `xlite_overridden_view_lists` ENABLE KEYS */;
UNLOCK TABLES;

--
-- Table structure for table `xlite_page_images`
--

DROP TABLE IF EXISTS `xlite_page_images`;
/*!40101 SET @saved_cs_client     = @@character_set_client */;
/*!40101 SET character_set_client = utf8 */;
CREATE TABLE `xlite_page_images` (
  `id` int(10) unsigned NOT NULL AUTO_INCREMENT,
  `page_id` int(10) unsigned DEFAULT NULL,
  `width` int(11) NOT NULL,
  `height` int(11) NOT NULL,
  `hash` char(32) COLLATE utf8_unicode_ci DEFAULT NULL,
  `needProcess` tinyint(1) NOT NULL,
  `path` varchar(512) COLLATE utf8_unicode_ci NOT NULL,
  `fileName` varchar(255) COLLATE utf8_unicode_ci NOT NULL,
  `mime` varchar(128) COLLATE utf8_unicode_ci NOT NULL,
  `storageType` varchar(1) COLLATE utf8_unicode_ci NOT NULL,
  `size` int(10) unsigned NOT NULL,
  `date` int(10) unsigned NOT NULL,
  PRIMARY KEY (`id`),
  UNIQUE KEY `UNIQ_ABDA1565C4663E4` (`page_id`),
  CONSTRAINT `FK_ABDA1565C4663E4` FOREIGN KEY (`page_id`) REFERENCES `xlite_pages` (`id`) ON DELETE CASCADE
) ENGINE=InnoDB DEFAULT CHARSET=utf8 COLLATE=utf8_unicode_ci;
/*!40101 SET character_set_client = @saved_cs_client */;

--
-- Dumping data for table `xlite_page_images`
--

LOCK TABLES `xlite_page_images` WRITE;
/*!40000 ALTER TABLE `xlite_page_images` DISABLE KEYS */;
/*!40000 ALTER TABLE `xlite_page_images` ENABLE KEYS */;
UNLOCK TABLES;

--
-- Table structure for table `xlite_page_translations`
--

DROP TABLE IF EXISTS `xlite_page_translations`;
/*!40101 SET @saved_cs_client     = @@character_set_client */;
/*!40101 SET character_set_client = utf8 */;
CREATE TABLE `xlite_page_translations` (
  `label_id` int(11) NOT NULL AUTO_INCREMENT,
  `id` int(10) unsigned DEFAULT NULL,
  `ogMeta` longtext COLLATE utf8_unicode_ci NOT NULL,
  `name` varchar(255) COLLATE utf8_unicode_ci NOT NULL,
  `teaser` longtext COLLATE utf8_unicode_ci NOT NULL,
  `body` longtext COLLATE utf8_unicode_ci NOT NULL,
  `metaKeywords` longtext COLLATE utf8_unicode_ci NOT NULL,
  `metaTitle` varchar(255) COLLATE utf8_unicode_ci NOT NULL,
  `code` char(2) COLLATE utf8_unicode_ci NOT NULL,
  PRIMARY KEY (`label_id`),
  KEY `ci` (`code`,`id`),
  KEY `id` (`id`),
  CONSTRAINT `FK_D4ABAC0BF396750` FOREIGN KEY (`id`) REFERENCES `xlite_pages` (`id`) ON DELETE CASCADE
) ENGINE=InnoDB AUTO_INCREMENT=7 DEFAULT CHARSET=utf8 COLLATE=utf8_unicode_ci;
/*!40101 SET character_set_client = @saved_cs_client */;

--
-- Dumping data for table `xlite_page_translations`
--

LOCK TABLES `xlite_page_translations` WRITE;
/*!40000 ALTER TABLE `xlite_page_translations` DISABLE KEYS */;
INSERT INTO `xlite_page_translations` VALUES (1,1,'','Terms and conditions','Terms and conditions','<p>Terms and conditions text</p><p>To replace this text with the actual Terms and conditions, go to the \"Content -> Pages\" section, open the \"Terms &amp; Conditions\" page and edit the \"Content\" field.</p>','','','en'),(2,1,'','Условия использования','Условия использования','<p>Чтобы разместить на этой странице Ваш собственный текст \"Условия использования\", перейдите в раздел \"Содержание -> Страницы\", откройте для редактирования страницу \"Условия использования\" и добавьте требуемый текст в поле \"Содержание\".</p>','','','ru'),(3,1,'','条款约定','条款约定','<p>内容描述</p><p>要替代该条款内的内容，请到&ldquo;内容-网页&ldquo;中进行设置，打开页面编辑并在这里编辑内容栏目。</p>','','','zh'),(4,2,'','Shipping','Shipping teaser','<p>This page is intended for your store\'s shipping policy.</p><p>Here you can provide general information about the available shipping options and rates, shipping turn-around times, size and weight limits for shipping, shipping restrictions, order tracking, and so on.</p><p></p><p>To replace this text with the actual delivery information, go to the \"Content -> Pages\" section, open the \"Shipping\" page and edit the \"Content\" field.</p>','','','en'),(5,2,'','Доставка','Доставка','<p>Чтобы разместить на этой странице Ваш собственный текст \"Доставка\", перейдите в раздел \"Содержание -> Страницы\", откройте для редактирования страницу \"Доставка\" и добавьте требуемый текст в поле \"Содержание\".</p>','','','ru'),(6,2,'','关于运输','关于运输','<p>关于运输的内容</p><p>要设置该页面的运输项目内容，请到&rdquo;内容-页面&rdquo;中打开关于运输页面进行修改。</p>','','','zh');
/*!40000 ALTER TABLE `xlite_page_translations` ENABLE KEYS */;
UNLOCK TABLES;

--
-- Table structure for table `xlite_pages`
--

DROP TABLE IF EXISTS `xlite_pages`;
/*!40101 SET @saved_cs_client     = @@character_set_client */;
/*!40101 SET character_set_client = utf8 */;
CREATE TABLE `xlite_pages` (
  `id` int(10) unsigned NOT NULL AUTO_INCREMENT,
  `useCustomOG` tinyint(1) NOT NULL,
  `ogMeta` longtext COLLATE utf8_unicode_ci,
  `showSocialButtons` tinyint(1) NOT NULL,
  `enabled` tinyint(1) NOT NULL,
  `metaDescType` varchar(1) COLLATE utf8_unicode_ci NOT NULL,
  `position` int(11) NOT NULL,
  PRIMARY KEY (`id`),
  KEY `enabled` (`enabled`)
) ENGINE=InnoDB AUTO_INCREMENT=3 DEFAULT CHARSET=utf8 COLLATE=utf8_unicode_ci;
/*!40101 SET character_set_client = @saved_cs_client */;

--
-- Dumping data for table `xlite_pages`
--

LOCK TABLES `xlite_pages` WRITE;
/*!40000 ALTER TABLE `xlite_pages` DISABLE KEYS */;
INSERT INTO `xlite_pages` VALUES (1,0,'',0,1,'A',0),(2,0,'',0,1,'A',0);
/*!40000 ALTER TABLE `xlite_pages` ENABLE KEYS */;
UNLOCK TABLES;

--
-- Table structure for table `xlite_payment_backend_transaction_data`
--

DROP TABLE IF EXISTS `xlite_payment_backend_transaction_data`;
/*!40101 SET @saved_cs_client     = @@character_set_client */;
/*!40101 SET character_set_client = utf8 */;
CREATE TABLE `xlite_payment_backend_transaction_data` (
  `data_id` int(11) NOT NULL AUTO_INCREMENT,
  `backend_transaction_id` int(11) DEFAULT NULL,
  `name` varchar(128) COLLATE utf8_unicode_ci NOT NULL,
  `label` varchar(255) COLLATE utf8_unicode_ci NOT NULL,
  `access_level` char(1) COLLATE utf8_unicode_ci NOT NULL,
  `value` longtext COLLATE utf8_unicode_ci NOT NULL,
  PRIMARY KEY (`data_id`),
  KEY `IDX_BE43AC028167CC5C` (`backend_transaction_id`),
  KEY `tn` (`backend_transaction_id`,`name`),
  CONSTRAINT `FK_BE43AC028167CC5C` FOREIGN KEY (`backend_transaction_id`) REFERENCES `xlite_payment_backend_transactions` (`id`) ON DELETE CASCADE
) ENGINE=InnoDB DEFAULT CHARSET=utf8 COLLATE=utf8_unicode_ci;
/*!40101 SET character_set_client = @saved_cs_client */;

--
-- Dumping data for table `xlite_payment_backend_transaction_data`
--

LOCK TABLES `xlite_payment_backend_transaction_data` WRITE;
/*!40000 ALTER TABLE `xlite_payment_backend_transaction_data` DISABLE KEYS */;
/*!40000 ALTER TABLE `xlite_payment_backend_transaction_data` ENABLE KEYS */;
UNLOCK TABLES;

--
-- Table structure for table `xlite_payment_backend_transactions`
--

DROP TABLE IF EXISTS `xlite_payment_backend_transactions`;
/*!40101 SET @saved_cs_client     = @@character_set_client */;
/*!40101 SET character_set_client = utf8 */;
CREATE TABLE `xlite_payment_backend_transactions` (
  `id` int(11) NOT NULL AUTO_INCREMENT,
  `transaction_id` int(11) DEFAULT NULL,
  `date` int(11) NOT NULL,
  `status` char(1) COLLATE utf8_unicode_ci NOT NULL,
  `value` decimal(14,4) NOT NULL,
  `type` varchar(20) COLLATE utf8_unicode_ci NOT NULL,
  PRIMARY KEY (`id`),
  KEY `IDX_808A7FC32FC0CB0F` (`transaction_id`),
  KEY `td` (`transaction_id`,`date`),
  CONSTRAINT `FK_808A7FC32FC0CB0F` FOREIGN KEY (`transaction_id`) REFERENCES `xlite_payment_transactions` (`transaction_id`) ON DELETE CASCADE
) ENGINE=InnoDB DEFAULT CHARSET=utf8 COLLATE=utf8_unicode_ci;
/*!40101 SET character_set_client = @saved_cs_client */;

--
-- Dumping data for table `xlite_payment_backend_transactions`
--

LOCK TABLES `xlite_payment_backend_transactions` WRITE;
/*!40000 ALTER TABLE `xlite_payment_backend_transactions` DISABLE KEYS */;
/*!40000 ALTER TABLE `xlite_payment_backend_transactions` ENABLE KEYS */;
UNLOCK TABLES;

--
-- Table structure for table `xlite_payment_method_country_position`
--

DROP TABLE IF EXISTS `xlite_payment_method_country_position`;
/*!40101 SET @saved_cs_client     = @@character_set_client */;
/*!40101 SET character_set_client = utf8 */;
CREATE TABLE `xlite_payment_method_country_position` (
  `id` int(11) NOT NULL AUTO_INCREMENT,
  `method_id` int(11) DEFAULT NULL,
  `countryCode` char(2) COLLATE utf8_unicode_ci NOT NULL,
  `adminPosition` int(11) NOT NULL,
  PRIMARY KEY (`id`),
  UNIQUE KEY `method_country` (`method_id`,`countryCode`),
  KEY `IDX_6B5D20E519883967` (`method_id`),
  KEY `adminPosition` (`adminPosition`),
  CONSTRAINT `FK_6B5D20E519883967` FOREIGN KEY (`method_id`) REFERENCES `xlite_payment_methods` (`method_id`) ON DELETE CASCADE
) ENGINE=InnoDB DEFAULT CHARSET=utf8 COLLATE=utf8_unicode_ci;
/*!40101 SET character_set_client = @saved_cs_client */;

--
-- Dumping data for table `xlite_payment_method_country_position`
--

LOCK TABLES `xlite_payment_method_country_position` WRITE;
/*!40000 ALTER TABLE `xlite_payment_method_country_position` DISABLE KEYS */;
/*!40000 ALTER TABLE `xlite_payment_method_country_position` ENABLE KEYS */;
UNLOCK TABLES;

--
-- Table structure for table `xlite_payment_method_settings`
--

DROP TABLE IF EXISTS `xlite_payment_method_settings`;
/*!40101 SET @saved_cs_client     = @@character_set_client */;
/*!40101 SET character_set_client = utf8 */;
CREATE TABLE `xlite_payment_method_settings` (
  `setting_id` int(11) NOT NULL AUTO_INCREMENT,
  `method_id` int(11) DEFAULT NULL,
  `name` varchar(128) COLLATE utf8_unicode_ci NOT NULL,
  `value` longtext COLLATE utf8_unicode_ci NOT NULL,
  PRIMARY KEY (`setting_id`),
  KEY `IDX_33B9DA0019883967` (`method_id`),
  KEY `mn` (`method_id`,`name`),
  CONSTRAINT `FK_33B9DA0019883967` FOREIGN KEY (`method_id`) REFERENCES `xlite_payment_methods` (`method_id`) ON DELETE CASCADE
) ENGINE=InnoDB AUTO_INCREMENT=160 DEFAULT CHARSET=utf8 COLLATE=utf8_unicode_ci;
/*!40101 SET character_set_client = @saved_cs_client */;

--
-- Dumping data for table `xlite_payment_method_settings`
--

LOCK TABLES `xlite_payment_method_settings` WRITE;
/*!40000 ALTER TABLE `xlite_payment_method_settings` DISABLE KEYS */;
INSERT INTO `xlite_payment_method_settings` VALUES (1,7,'merchant_id',''),(2,7,'mode',''),(3,7,'access_key',''),(4,7,'secret_key',''),(5,7,'client_id',''),(6,7,'region','USD'),(7,7,'capture_mode','C'),(8,7,'sync_mode','S'),(9,7,'order_id_prefix',''),(10,8,'login',''),(11,8,'key',''),(12,8,'signature',''),(13,8,'type','sale'),(14,8,'test','1'),(15,8,'prefix','xcart'),(16,10,'vendor',''),(17,10,'user',''),(18,10,'pwd',''),(19,10,'partner','PayPal'),(20,10,'prefix','mystore_'),(21,10,'transaction_type','S'),(22,10,'mode','test'),(23,10,'buyNowEnabled','1'),(24,11,'vendor',''),(25,11,'user',''),(26,11,'pwd',''),(27,11,'partner','PayPal'),(28,11,'prefix','mystore_'),(29,11,'transaction_type','S'),(30,11,'mode','test'),(31,12,'vendor',''),(32,12,'user',''),(33,12,'pwd',''),(34,12,'partner','PayPal'),(35,12,'prefix','mystore_'),(36,12,'transaction_type','S'),(37,12,'mode','test'),(38,12,'buyNowEnabled','1'),(39,13,'account',''),(40,13,'description',''),(41,13,'prefix','mystore_'),(42,13,'mode','test'),(43,14,'api_type','email'),(44,14,'email',''),(45,14,'api_solution','paypal'),(46,14,'vendor',''),(47,14,'user',''),(48,14,'pwd',''),(49,14,'partner','PayPal'),(50,14,'api_username',''),(51,14,'api_password',''),(52,14,'auth_method','signature'),(53,14,'signature',''),(54,14,'certificate',''),(55,14,'prefix','mystore_'),(56,14,'transaction_type','S'),(57,14,'mode','test'),(58,14,'merchantId',''),(59,14,'buyNowEnabled','1'),(60,15,'enabled','1'),(61,15,'agreement','N'),(62,15,'email',''),(63,15,'publisherId',''),(64,15,'bannerOnHomePage','D'),(65,15,'bannerOnCategoryPages','D'),(66,15,'bannerOnProductDetailsPages','A'),(67,15,'bannerOnCartPage','C'),(68,16,'app_id',''),(69,16,'api_username',''),(70,16,'api_password',''),(71,16,'signature',''),(72,16,'paypal_login',''),(73,16,'partner','PayPal'),(74,16,'feesPayer','PRIMARYRECEIVER'),(75,16,'matchCriteria','name'),(76,16,'prefix','mystore_'),(77,16,'transaction_type','S'),(78,16,'mode','test'),(79,16,'buyNowEnabled','1'),(80,17,'email',''),(81,17,'client_id',''),(82,17,'secret',''),(83,17,'partner_id',''),(84,17,'bn_code',''),(85,17,'additional_partner_referral_id',''),(86,17,'additional_merchant_id',''),(87,17,'payment_descriptor',''),(88,17,'prefix','mystore_'),(89,17,'transaction_type','S'),(90,17,'mode','test'),(91,17,'disburse_funds','INSTANT'),(92,18,'login',''),(93,18,'prefix','xcart'),(94,18,'hash',''),(95,18,'include_response','N'),(96,19,'account',''),(97,19,'secret',''),(98,19,'language','en'),(99,19,'mode','test'),(100,19,'prefix','xcart'),(101,19,'currency','USD'),(102,21,'api_login_id',''),(103,21,'transaction_key',''),(104,21,'public_key',''),(105,21,'type','sale'),(106,21,'mode','test'),(107,21,'prefix','xcart'),(108,22,'prefix',''),(109,22,'merchantId',''),(110,22,'accessToken',''),(111,22,'refreshToken',''),(112,22,'merchantAccountId',''),(113,22,'kountMerchantId',''),(114,22,'isAutoSettle',''),(115,22,'testMode','1'),(116,22,'isPayPal','0'),(117,22,'paypalButtonColor','gold'),(118,22,'paypalButtonShape','pill'),(119,22,'is3dSecure','0'),(120,22,'isAcceptNo3dSecure','0'),(121,22,'is3dSecureForVault','0'),(122,22,'isUseVault','1'),(123,22,'isShowSaveCardBox','1'),(124,23,'pspid',''),(125,23,'sha_in',''),(126,23,'sha_out',''),(127,23,'currency','GBP'),(128,23,'test','1'),(129,23,'prefix','xcart_'),(130,23,'debug_enabled','0'),(131,24,'store_id',''),(132,24,'hpp_key',''),(133,24,'mode','test'),(134,24,'prefix','xcart'),(135,24,'currency','USD'),(136,25,'merchant_id',''),(137,25,'subid','0'),(138,25,'pub_cert','rabobank.cer'),(139,25,'pub_key',''),(140,25,'private_key',''),(141,25,'private_key_pass',''),(142,25,'currency','EUR'),(143,25,'test','Y'),(144,25,'prefix','xcart_'),(145,25,'debug_enabled','0'),(146,26,'vendorName',''),(147,26,'password',''),(148,26,'type','sale'),(149,26,'test','1'),(150,26,'prefix','xcart'),(151,27,'publishKey',''),(152,27,'accessToken',''),(153,27,'publishKeyTest',''),(154,27,'accessTokenTest',''),(155,27,'mode','live'),(156,27,'type','sale'),(157,27,'prefix','xcart'),(158,27,'userId',''),(159,27,'refreshToken','');
/*!40000 ALTER TABLE `xlite_payment_method_settings` ENABLE KEYS */;
UNLOCK TABLES;

--
-- Table structure for table `xlite_payment_method_translations`
--

DROP TABLE IF EXISTS `xlite_payment_method_translations`;
/*!40101 SET @saved_cs_client     = @@character_set_client */;
/*!40101 SET character_set_client = utf8 */;
CREATE TABLE `xlite_payment_method_translations` (
  `label_id` int(11) NOT NULL AUTO_INCREMENT,
  `id` int(11) DEFAULT NULL,
  `name` varchar(255) COLLATE utf8_unicode_ci NOT NULL,
  `title` varchar(255) COLLATE utf8_unicode_ci NOT NULL,
  `description` longtext COLLATE utf8_unicode_ci NOT NULL,
  `adminDescription` longtext COLLATE utf8_unicode_ci NOT NULL,
  `altAdminDescription` longtext COLLATE utf8_unicode_ci NOT NULL,
  `instruction` longtext COLLATE utf8_unicode_ci NOT NULL,
  `code` char(2) COLLATE utf8_unicode_ci NOT NULL,
  PRIMARY KEY (`label_id`),
  KEY `ci` (`code`,`id`),
  KEY `id` (`id`),
  CONSTRAINT `FK_9FBF065BF396750` FOREIGN KEY (`id`) REFERENCES `xlite_payment_methods` (`method_id`) ON DELETE CASCADE
) ENGINE=InnoDB AUTO_INCREMENT=36 DEFAULT CHARSET=utf8 COLLATE=utf8_unicode_ci;
/*!40101 SET character_set_client = @saved_cs_client */;

--
-- Dumping data for table `xlite_payment_method_translations`
--

LOCK TABLES `xlite_payment_method_translations` WRITE;
/*!40000 ALTER TABLE `xlite_payment_method_translations` DISABLE KEYS */;
INSERT INTO `xlite_payment_method_translations` VALUES (1,1,'Purchase Order','','','','','','en'),(2,1,'Заказ-наряд','','Оформить заказ на поставку товара','','','','ru'),(3,2,'Phone Ordering','','Phone: (555) 555-5555','','','','en'),(4,2,'Заказ по телефону','','Тел. (555) 555-5555','','','','ru'),(5,3,'Fax Ordering','','Fax: (555) 555-5555','','','','en'),(6,3,'Заказ по факсу','','','','','','ru'),(7,4,'Money Order','','US Banks Only','','','','en'),(8,4,'Денежный перевод','','Оплата через отделение банка','','','','ru'),(9,5,'Check','','Check payment','','','','en'),(10,5,'Чек','','Оплата банковским чеком','','','','ru'),(11,6,'COD','','Cash On Delivery','','','','en'),(12,6,'Наложенный платеж','','Оплата товара при получении','','','','ru'),(13,7,'Amazon Pay','','','','','','en'),(14,8,'Authorize.Net SIM','','','','','','en'),(15,9,'Cash on Delivery (FedEx)','','','','','','en'),(16,10,'PayPal Payflow Link','Credit/Debit card or PayPal','','','Accept Visa, MasterCard®, American Express, Discover and PayPal payments on your site by connecting a PayPal-hosted checkout page with your own internet merchant account. Customize the page to look like the rest of your site and make sure customer transactions are secure.','','en'),(17,11,'PayPal Partner Hosted with PCI Compliance','Credit/Debit card','','','PCI compliant payments on your site with Visa, MasterCard, American Express and Discover - without PayPal-hosted pages. Maintain full control over your customers\' checkout experience by providing a credit card form that will post your customers\' payment details from your site\'s native checkout page directly to the Gateway server.','','en'),(18,12,'PayPal Payments Advanced','Credit/Debit card or PayPal','','','Accept Visa, MasterCard®, American Express, Discover and PayPal payments securely. With this all-in-one option, customers stay on your site for the entire checkout process. It simplifies PCI compliance and opens the door to more than 100 million active PayPal customers. Requires credit approval (2-3 business days).','','en'),(19,13,'PayPal Payments Standard','PayPal','','','Add a PayPal payment button to your site to accept Visa, MasterCard®, American Express, Discover and PayPal payments securely. When your customers check out, they are redirected to PayPal to pay, then return to your site after they are finished.','','en'),(20,14,'PayPal Express Checkout','PayPal','','','Create a seamless checkout experience and increase your conversion rate by opening the door to over 100 million active PayPal customers who look for and use this fast, easy, and secure way to pay.','','en'),(21,15,'PayPal Credit','PayPal Credit','','','','','en'),(22,16,'PayPal Adaptive payments (legacy)','PayPal','','','This method provides automatic transfer of payments to vendor users (the type of users enabled by the Multi-vendor module). The method may not be activated unless the module <a href=\'admin.php?target=addons_list_marketplace&moduleName=XC\\MultiVendor\' target=\'_blank\'>Multi-vendor</a> is installed and enabled. To use this method, store administrator is required to have an Application ID for PayPal Adaptive Payments API.','','en'),(23,17,'PayPal for Marketplaces (beta)','PayPal','','','PayPal for Marketplaces is a comprehensive payments solution for marketplaces, crowdfunding platforms, and other environments where people buy and sell goods and services or raise money. The solution is ideal if you run a multi-party commerce platform and want a flexible, end-to-end solution for processing payments.','','en'),(24,17,'PayPal for Marketplaces (beta)','PayPal','','','PayPal for Marketplaces - это комплексное решение по приёму платежей для торговых площадок, платформ для сбора средств под проект (\"краудфандинг\") и других сфер, где осуществляется продажа и покупка товаров и услуг, либо сбор средств. Данное решение идеально подойдет для платформ, осуществляющих коммерческую деятельность от лица нескольких участников, и представляет собой комплексное и гибкое решение для обработки платежей на всех этапах этой деятельности.','','ru'),(25,18,'QuantumGateway','','','','','','en'),(26,19,'2Checkout.com','','','','','','en'),(27,20,'Cash on Delivery (USPS)','','','','','','en'),(28,21,'Authorize.Net Accept.js','','','','','','en'),(29,22,'PayPal powered by Braintree','','','Supported countries: US, UK, France, Italy & Spain.','','','en'),(30,23,'Barclaycard ePDQ e-Commerce','','','','','','en'),(31,24,'Moneris (eSELECTplus- Hosted Pay Page)','','','','','','en'),(32,25,'iDEAL Professional (Rabobank)','','','','','','en'),(33,26,'Sage Pay form protocol','','','','','','en'),(34,27,'Stripe','','','','','','en'),(35,28,'Cash on Delivery (UPS)','','','','','','en');
/*!40000 ALTER TABLE `xlite_payment_method_translations` ENABLE KEYS */;
UNLOCK TABLES;

--
-- Table structure for table `xlite_payment_methods`
--

DROP TABLE IF EXISTS `xlite_payment_methods`;
/*!40101 SET @saved_cs_client     = @@character_set_client */;
/*!40101 SET character_set_client = utf8 */;
CREATE TABLE `xlite_payment_methods` (
  `method_id` int(11) NOT NULL AUTO_INCREMENT,
  `service_name` varchar(128) COLLATE utf8_unicode_ci NOT NULL,
  `class` varchar(255) COLLATE utf8_unicode_ci NOT NULL,
  `moduleName` varchar(255) COLLATE utf8_unicode_ci NOT NULL,
  `orderby` int(11) NOT NULL,
  `adminOrderby` int(11) NOT NULL,
  `enabled` tinyint(1) NOT NULL,
  `added` tinyint(1) NOT NULL,
  `type` char(1) COLLATE utf8_unicode_ci NOT NULL,
  `fromMarketplace` tinyint(1) NOT NULL,
  `iconURL` varchar(255) COLLATE utf8_unicode_ci DEFAULT NULL,
  `countries` longtext COLLATE utf8_unicode_ci COMMENT '(DC2Type:array)',
  `exCountries` longtext COLLATE utf8_unicode_ci COMMENT '(DC2Type:array)',
  PRIMARY KEY (`method_id`),
  KEY `orderby` (`orderby`),
  KEY `class` (`class`,`enabled`),
  KEY `enabled` (`enabled`),
  KEY `serviceName` (`service_name`)
) ENGINE=InnoDB AUTO_INCREMENT=29 DEFAULT CHARSET=utf8 COLLATE=utf8_unicode_ci;
/*!40101 SET character_set_client = @saved_cs_client */;

--
-- Dumping data for table `xlite_payment_methods`
--

LOCK TABLES `xlite_payment_methods` WRITE;
/*!40000 ALTER TABLE `xlite_payment_methods` DISABLE KEYS */;
INSERT INTO `xlite_payment_methods` VALUES (1,'PurchaseOrder','Model\\Payment\\Processor\\PurchaseOrder','',20,0,0,1,'O',0,NULL,'N;','N;'),(2,'PhoneOrdering','Model\\Payment\\Processor\\PhoneOrdering','',30,0,1,1,'O',0,NULL,'N;','N;'),(3,'FaxOrdering','Model\\Payment\\Processor\\Offline','',40,0,1,1,'O',0,NULL,'N;','N;'),(4,'MoneyOrdering','Model\\Payment\\Processor\\Offline','',50,0,1,1,'O',0,NULL,'N;','N;'),(5,'Echeck','Model\\Payment\\Processor\\Check','',60,0,0,1,'O',0,NULL,'N;','N;'),(6,'COD','Model\\Payment\\Processor\\Offline','',70,0,1,1,'O',0,NULL,'N;','N;'),(7,'PayWithAmazon','Module\\Amazon\\PayWithAmazon\\Model\\Payment\\Processor\\PayWithAmazon','Amazon_PayWithAmazon',-101600,-101600,0,0,'C',0,NULL,'a:4:{i:0;s:2:\"US\";i:1;s:2:\"GB\";i:2;s:2:\"DE\";i:3;s:2:\"JP\";}','N;'),(8,'AuthorizeNet SIM','Module\\CDev\\AuthorizeNet\\Model\\Payment\\Processor\\AuthorizeNetSIM','CDev_AuthorizeNet',-101000,0,0,0,'C',0,NULL,'a:36:{i:0;s:2:\"US\";i:1;s:2:\"CA\";i:2;s:2:\"AU\";i:3;s:2:\"GB\";i:4;s:2:\"AD\";i:5;s:2:\"AT\";i:6;s:2:\"BE\";i:7;s:2:\"BG\";i:8;s:2:\"CY\";i:9;s:2:\"CZ\";i:10;s:2:\"DK\";i:11;s:2:\"FI\";i:12;s:2:\"FR\";i:13;s:2:\"DE\";i:14;s:2:\"GI\";i:15;s:2:\"GR\";i:16;s:2:\"HU\";i:17;s:2:\"IE\";i:18;s:2:\"IT\";i:19;s:2:\"LI\";i:20;s:2:\"LU\";i:21;s:2:\"MT\";i:22;s:2:\"MC\";i:23;s:2:\"NL\";i:24;s:2:\"NO\";i:25;s:2:\"PL\";i:26;s:2:\"PT\";i:27;s:2:\"RO\";i:28;s:2:\"SE\";i:29;s:2:\"SI\";i:30;s:2:\"SK\";i:31;s:2:\"SM\";i:32;s:2:\"CH\";i:33;s:2:\"ES\";i:34;s:2:\"VA\";i:35;s:2:\"TR\";}','N;'),(9,'COD_FEDEX','Module\\CDev\\FedEx\\Model\\Payment\\Processor\\COD','CDev_FedEx',0,0,0,1,'O',0,NULL,'a:2:{i:0;s:2:\"CA\";i:1;s:2:\"US\";}','N;'),(10,'PayflowLink','Module\\CDev\\Paypal\\Model\\Payment\\Processor\\PayflowLink','CDev_Paypal',-10600,0,0,0,'C',0,NULL,'a:4:{i:0;s:2:\"US\";i:1;s:2:\"CA\";i:2;s:2:\"AU\";i:3;s:2:\"NZ\";}','N;'),(11,'PayflowTransparentRedirect','Module\\CDev\\Paypal\\Model\\Payment\\Processor\\PayflowTransparentRedirect','CDev_Paypal',-10650,0,0,0,'C',0,NULL,'a:4:{i:0;s:2:\"US\";i:1;s:2:\"CA\";i:2;s:2:\"AU\";i:3;s:2:\"NZ\";}','N;'),(12,'PaypalAdvanced','Module\\CDev\\Paypal\\Model\\Payment\\Processor\\PaypalAdvanced','CDev_Paypal',-10700,0,0,0,'C',0,NULL,'a:2:{i:0;s:2:\"US\";i:1;s:2:\"CA\";}','N;'),(13,'PaypalWPS','Module\\CDev\\Paypal\\Model\\Payment\\Processor\\PaypalWPS','CDev_Paypal',-10800,0,0,0,'A',0,NULL,'a:202:{i:0;s:2:\"DZ\";i:1;s:2:\"AO\";i:2;s:2:\"BJ\";i:3;s:2:\"BW\";i:4;s:2:\"BF\";i:5;s:2:\"BI\";i:6;s:2:\"CM\";i:7;s:2:\"CV\";i:8;s:2:\"TD\";i:9;s:2:\"KM\";i:10;s:2:\"CI\";i:11;s:2:\"CD\";i:12;s:2:\"DJ\";i:13;s:2:\"EG\";i:14;s:2:\"ER\";i:15;s:2:\"ET\";i:16;s:2:\"GA\";i:17;s:2:\"GM\";i:18;s:2:\"GN\";i:19;s:2:\"GW\";i:20;s:2:\"KE\";i:21;s:2:\"LS\";i:22;s:2:\"MG\";i:23;s:2:\"MW\";i:24;s:2:\"ML\";i:25;s:2:\"MR\";i:26;s:2:\"MU\";i:27;s:2:\"YT\";i:28;s:2:\"MA\";i:29;s:2:\"MZ\";i:30;s:2:\"NA\";i:31;s:2:\"NE\";i:32;s:2:\"NG\";i:33;s:2:\"CG\";i:34;s:2:\"RE\";i:35;s:2:\"RW\";i:36;s:2:\"SH\";i:37;s:2:\"ST\";i:38;s:2:\"SN\";i:39;s:2:\"SC\";i:40;s:2:\"SL\";i:41;s:2:\"SO\";i:42;s:2:\"ZA\";i:43;s:2:\"SZ\";i:44;s:2:\"TZ\";i:45;s:2:\"TG\";i:46;s:2:\"TN\";i:47;s:2:\"UG\";i:48;s:2:\"ZM\";i:49;s:2:\"ZW\";i:50;s:2:\"AI\";i:51;s:2:\"AG\";i:52;s:2:\"AR\";i:53;s:2:\"AW\";i:54;s:2:\"BS\";i:55;s:2:\"BB\";i:56;s:2:\"BZ\";i:57;s:2:\"BM\";i:58;s:2:\"BO\";i:59;s:2:\"BR\";i:60;s:2:\"VG\";i:61;s:2:\"CA\";i:62;s:2:\"KY\";i:63;s:2:\"CL\";i:64;s:2:\"CO\";i:65;s:2:\"CR\";i:66;s:2:\"DM\";i:67;s:2:\"DO\";i:68;s:2:\"EC\";i:69;s:2:\"SV\";i:70;s:2:\"FK\";i:71;s:2:\"GF\";i:72;s:2:\"GL\";i:73;s:2:\"GD\";i:74;s:2:\"GP\";i:75;s:2:\"GT\";i:76;s:2:\"GY\";i:77;s:2:\"HN\";i:78;s:2:\"JM\";i:79;s:2:\"MQ\";i:80;s:2:\"MX\";i:81;s:2:\"MS\";i:82;s:2:\"NA\";i:83;s:2:\"NI\";i:84;s:2:\"PA\";i:85;s:2:\"PY\";i:86;s:2:\"PE\";i:87;s:2:\"KN\";i:88;s:2:\"LC\";i:89;s:2:\"PM\";i:90;s:2:\"VC\";i:91;s:2:\"SR\";i:92;s:2:\"TT\";i:93;s:2:\"TC\";i:94;s:2:\"US\";i:95;s:2:\"UY\";i:96;s:2:\"VE\";i:97;s:2:\"AM\";i:98;s:2:\"AU\";i:99;s:2:\"BH\";i:100;s:2:\"BT\";i:101;s:2:\"BN\";i:102;s:2:\"KH\";i:103;s:2:\"CN\";i:104;s:2:\"CK\";i:105;s:2:\"FJ\";i:106;s:2:\"PF\";i:107;s:2:\"HK\";i:108;s:2:\"IN\";i:109;s:2:\"ID\";i:110;s:2:\"IL\";i:111;s:2:\"JP\";i:112;s:2:\"JO\";i:113;s:2:\"KZ\";i:114;s:2:\"KI\";i:115;s:2:\"KW\";i:116;s:2:\"KG\";i:117;s:2:\"LA\";i:118;s:2:\"MY\";i:119;s:2:\"MV\";i:120;s:2:\"MH\";i:121;s:2:\"FM\";i:122;s:2:\"MN\";i:123;s:2:\"NR\";i:124;s:2:\"NP\";i:125;s:2:\"NC\";i:126;s:2:\"NZ\";i:127;s:2:\"NU\";i:128;s:2:\"NF\";i:129;s:2:\"OM\";i:130;s:2:\"PW\";i:131;s:2:\"PG\";i:132;s:2:\"PH\";i:133;s:2:\"PN\";i:134;s:2:\"QA\";i:135;s:2:\"WS\";i:136;s:2:\"SA\";i:137;s:2:\"SG\";i:138;s:2:\"SB\";i:139;s:2:\"KR\";i:140;s:2:\"LK\";i:141;s:2:\"TW\";i:142;s:2:\"TJ\";i:143;s:2:\"TH\";i:144;s:2:\"TO\";i:145;s:2:\"TM\";i:146;s:2:\"TV\";i:147;s:2:\"AE\";i:148;s:2:\"VU\";i:149;s:2:\"VN\";i:150;s:2:\"WF\";i:151;s:2:\"YE\";i:152;s:2:\"AL\";i:153;s:2:\"AD\";i:154;s:2:\"AT\";i:155;s:2:\"AZ\";i:156;s:2:\"BY\";i:157;s:2:\"BE\";i:158;s:2:\"BA\";i:159;s:2:\"BG\";i:160;s:2:\"HR\";i:161;s:2:\"CY\";i:162;s:2:\"CZ\";i:163;s:2:\"DK\";i:164;s:2:\"EE\";i:165;s:2:\"FO\";i:166;s:2:\"FI\";i:167;s:2:\"FR\";i:168;s:2:\"GE\";i:169;s:2:\"DE\";i:170;s:2:\"GI\";i:171;s:2:\"GR\";i:172;s:2:\"HU\";i:173;s:2:\"IS\";i:174;s:2:\"IE\";i:175;s:2:\"IT\";i:176;s:2:\"LV\";i:177;s:2:\"LI\";i:178;s:2:\"LT\";i:179;s:2:\"LU\";i:180;s:2:\"MK\";i:181;s:2:\"MT\";i:182;s:2:\"MD\";i:183;s:2:\"MC\";i:184;s:2:\"ME\";i:185;s:2:\"NL\";i:186;s:2:\"NO\";i:187;s:2:\"PL\";i:188;s:2:\"PT\";i:189;s:2:\"RO\";i:190;s:2:\"RU\";i:191;s:2:\"SM\";i:192;s:2:\"RS\";i:193;s:2:\"SK\";i:194;s:2:\"SI\";i:195;s:2:\"ES\";i:196;s:2:\"SJ\";i:197;s:2:\"SE\";i:198;s:2:\"CH\";i:199;s:2:\"UA\";i:200;s:2:\"GB\";i:201;s:2:\"VA\";}','N;'),(14,'ExpressCheckout','Module\\CDev\\Paypal\\Model\\Payment\\Processor\\ExpressCheckout','CDev_Paypal',-102000,0,0,1,'C',0,NULL,'a:23:{i:0;s:2:\"US\";i:1;s:2:\"MX\";i:2;s:2:\"BE\";i:3;s:2:\"DK\";i:4;s:2:\"FR\";i:5;s:2:\"DE\";i:6;s:2:\"IE\";i:7;s:2:\"IT\";i:8;s:2:\"LU\";i:9;s:2:\"NL\";i:10;s:2:\"NO\";i:11;s:2:\"PL\";i:12;s:2:\"RU\";i:13;s:2:\"ES\";i:14;s:2:\"NZ\";i:15;s:2:\"SE\";i:16;s:2:\"GB\";i:17;s:2:\"AU\";i:18;s:2:\"CN\";i:19;s:2:\"IL\";i:20;s:2:\"SG\";i:21;s:2:\"BR\";i:22;s:2:\"JP\";}','N;'),(15,'PaypalCredit','Module\\CDev\\Paypal\\Model\\Payment\\Processor\\PaypalCredit','CDev_Paypal',-11000,0,0,1,'C',0,NULL,'a:2:{i:0;s:2:\"US\";i:1;s:2:\"CA\";}','N;'),(16,'PaypalAdaptive','Module\\CDev\\Paypal\\Model\\Payment\\Processor\\PaypalAdaptive','CDev_Paypal',-11100,0,0,0,'C',0,NULL,'N;','N;'),(17,'PaypalForMarketplaces','Module\\CDev\\Paypal\\Model\\Payment\\Processor\\PaypalForMarketplaces','CDev_Paypal',-11100,0,0,0,'C',0,NULL,'a:27:{i:0;s:2:\"AT\";i:1;s:2:\"AU\";i:2;s:2:\"BE\";i:3;s:2:\"CA\";i:4;s:2:\"CH\";i:5;s:2:\"CZ\";i:6;s:2:\"DE\";i:7;s:2:\"DK\";i:8;s:2:\"ES\";i:9;s:2:\"FI\";i:10;s:2:\"FR\";i:11;s:2:\"GB\";i:12;s:2:\"GB\";i:13;s:2:\"GR\";i:14;s:2:\"HU\";i:15;s:2:\"IE\";i:16;s:2:\"IL\";i:17;s:2:\"IN\";i:18;s:2:\"IT\";i:19;s:2:\"NL\";i:20;s:2:\"NO\";i:21;s:2:\"PL\";i:22;s:2:\"PT\";i:23;s:2:\"RU\";i:24;s:2:\"SE\";i:25;s:2:\"SK\";i:26;s:2:\"US\";}','N;'),(18,'QuantumGateway','Module\\CDev\\Quantum\\Model\\Payment\\Processor\\Quantum','CDev_Quantum',-10000,0,0,0,'C',0,NULL,'a:1:{i:0;s:2:\"US\";}','N;'),(19,'2Checkout.com','Module\\CDev\\TwoCheckout\\Model\\Payment\\Processor\\TwoCheckout','CDev_TwoCheckout',-10500,0,0,0,'C',0,NULL,'a:239:{i:0;s:2:\"AI\";i:1;s:2:\"AW\";i:2;s:2:\"BB\";i:3;s:2:\"BZ\";i:4;s:2:\"BM\";i:5;s:2:\"BQ\";i:6;s:2:\"CA\";i:7;s:2:\"KY\";i:8;s:2:\"CR\";i:9;s:2:\"CW\";i:10;s:2:\"DM\";i:11;s:2:\"DO\";i:12;s:2:\"SV\";i:13;s:2:\"GD\";i:14;s:2:\"GT\";i:15;s:2:\"HT\";i:16;s:2:\"HN\";i:17;s:2:\"MQ\";i:18;s:2:\"MX\";i:19;s:2:\"MS\";i:20;s:2:\"PA\";i:21;s:2:\"KN\";i:22;s:2:\"LC\";i:23;s:2:\"PM\";i:24;s:2:\"VC\";i:25;s:2:\"TC\";i:26;s:2:\"US\";i:27;s:2:\"VG\";i:28;s:2:\"VI\";i:29;s:2:\"AS\";i:30;s:2:\"AG\";i:31;s:2:\"BS\";i:32;s:2:\"GP\";i:33;s:2:\"JM\";i:34;s:2:\"NI\";i:35;s:2:\"PR\";i:36;s:2:\"TT\";i:37;s:2:\"UM\";i:38;s:2:\"AX\";i:39;s:2:\"AL\";i:40;s:2:\"AD\";i:41;s:2:\"AM\";i:42;s:2:\"AT\";i:43;s:2:\"AZ\";i:44;s:2:\"BY\";i:45;s:2:\"BE\";i:46;s:2:\"BA\";i:47;s:2:\"BV\";i:48;s:2:\"BG\";i:49;s:2:\"HR\";i:50;s:2:\"CZ\";i:51;s:2:\"DK\";i:52;s:2:\"EE\";i:53;s:2:\"FI\";i:54;s:2:\"FR\";i:55;s:2:\"TF\";i:56;s:2:\"DE\";i:57;s:2:\"GI\";i:58;s:2:\"GR\";i:59;s:2:\"GG\";i:60;s:2:\"HU\";i:61;s:2:\"IS\";i:62;s:2:\"IE\";i:63;s:2:\"IM\";i:64;s:2:\"IT\";i:65;s:2:\"JE\";i:66;s:2:\"LV\";i:67;s:2:\"LI\";i:68;s:2:\"LT\";i:69;s:2:\"LU\";i:70;s:2:\"MK\";i:71;s:2:\"MT\";i:72;s:2:\"MD\";i:73;s:2:\"MC\";i:74;s:2:\"ME\";i:75;s:2:\"NL\";i:76;s:2:\"NO\";i:77;s:2:\"PL\";i:78;s:2:\"PT\";i:79;s:2:\"RO\";i:80;s:2:\"RU\";i:81;s:2:\"SM\";i:82;s:2:\"RS\";i:83;s:2:\"SK\";i:84;s:2:\"SI\";i:85;s:2:\"ES\";i:86;s:2:\"SJ\";i:87;s:2:\"SE\";i:88;s:2:\"CH\";i:89;s:2:\"UA\";i:90;s:2:\"GB\";i:91;s:2:\"VA\";i:92;s:2:\"FO\";i:93;s:2:\"GF\";i:94;s:2:\"GE\";i:95;s:2:\"GL\";i:96;s:2:\"KZ\";i:97;s:2:\"MF\";i:98;s:2:\"TR\";i:99;s:2:\"AU\";i:100;s:2:\"BD\";i:101;s:2:\"BT\";i:102;s:2:\"IO\";i:103;s:2:\"CN\";i:104;s:2:\"CX\";i:105;s:2:\"CC\";i:106;s:2:\"CK\";i:107;s:2:\"PF\";i:108;s:2:\"GU\";i:109;s:2:\"HM\";i:110;s:2:\"HK\";i:111;s:2:\"IN\";i:112;s:2:\"ID\";i:113;s:2:\"JP\";i:114;s:2:\"KI\";i:115;s:2:\"KR\";i:116;s:2:\"LA\";i:117;s:2:\"MO\";i:118;s:2:\"MY\";i:119;s:2:\"MH\";i:120;s:2:\"FM\";i:121;s:2:\"MN\";i:122;s:2:\"NR\";i:123;s:2:\"NP\";i:124;s:2:\"NZ\";i:125;s:2:\"NU\";i:126;s:2:\"NF\";i:127;s:2:\"PK\";i:128;s:2:\"PW\";i:129;s:2:\"PG\";i:130;s:2:\"PH\";i:131;s:2:\"PN\";i:132;s:2:\"WS\";i:133;s:2:\"SG\";i:134;s:2:\"SB\";i:135;s:2:\"LK\";i:136;s:2:\"TW\";i:137;s:2:\"TH\";i:138;s:2:\"TK\";i:139;s:2:\"TO\";i:140;s:2:\"TV\";i:141;s:2:\"VN\";i:142;s:2:\"WF\";i:143;s:2:\"BN\";i:144;s:2:\"KH\";i:145;s:2:\"FJ\";i:146;s:2:\"MV\";i:147;s:2:\"NC\";i:148;s:2:\"MP\";i:149;s:2:\"TL\";i:150;s:2:\"VU\";i:151;s:2:\"AO\";i:152;s:2:\"BH\";i:153;s:2:\"BF\";i:154;s:2:\"BI\";i:155;s:2:\"CV\";i:156;s:2:\"CF\";i:157;s:2:\"TD\";i:158;s:2:\"KM\";i:159;s:2:\"CG\";i:160;s:2:\"CD\";i:161;s:2:\"CY\";i:162;s:2:\"DJ\";i:163;s:2:\"EG\";i:164;s:2:\"GQ\";i:165;s:2:\"ER\";i:166;s:2:\"ET\";i:167;s:2:\"GM\";i:168;s:2:\"IL\";i:169;s:2:\"JO\";i:170;s:2:\"KE\";i:171;s:2:\"XK\";i:172;s:2:\"KW\";i:173;s:2:\"KG\";i:174;s:2:\"LB\";i:175;s:2:\"LS\";i:176;s:2:\"LR\";i:177;s:2:\"MG\";i:178;s:2:\"MW\";i:179;s:2:\"MR\";i:180;s:2:\"MU\";i:181;s:2:\"YT\";i:182;s:2:\"MA\";i:183;s:2:\"NE\";i:184;s:2:\"NG\";i:185;s:2:\"OM\";i:186;s:2:\"PS\";i:187;s:2:\"ST\";i:188;s:2:\"SA\";i:189;s:2:\"SL\";i:190;s:2:\"SO\";i:191;s:2:\"GS\";i:192;s:2:\"ZA\";i:193;s:2:\"TG\";i:194;s:2:\"AE\";i:195;s:2:\"UZ\";i:196;s:2:\"EH\";i:197;s:2:\"ZM\";i:198;s:2:\"ZW\";i:199;s:2:\"AF\";i:200;s:2:\"DZ\";i:201;s:2:\"BJ\";i:202;s:2:\"BW\";i:203;s:2:\"CM\";i:204;s:2:\"GA\";i:205;s:2:\"GH\";i:206;s:2:\"GN\";i:207;s:2:\"GW\";i:208;s:2:\"ML\";i:209;s:2:\"MZ\";i:210;s:2:\"NA\";i:211;s:2:\"QA\";i:212;s:2:\"RE\";i:213;s:2:\"RW\";i:214;s:2:\"SN\";i:215;s:2:\"SC\";i:216;s:2:\"SZ\";i:217;s:2:\"TJ\";i:218;s:2:\"TZ\";i:219;s:2:\"TN\";i:220;s:2:\"TM\";i:221;s:2:\"UG\";i:222;s:2:\"YE\";i:223;s:2:\"XA\";i:224;s:2:\"AR\";i:225;s:2:\"BR\";i:226;s:2:\"CL\";i:227;s:2:\"CO\";i:228;s:2:\"EC\";i:229;s:2:\"FK\";i:230;s:2:\"GY\";i:231;s:2:\"PY\";i:232;s:2:\"PE\";i:233;s:2:\"SH\";i:234;s:2:\"SR\";i:235;s:2:\"UY\";i:236;s:2:\"BO\";i:237;s:2:\"VE\";i:238;s:2:\"SX\";}','N;'),(20,'COD_USPS','Module\\CDev\\USPS\\Model\\Payment\\Processor\\COD','CDev_USPS',0,0,0,1,'O',0,NULL,'a:1:{i:0;s:2:\"US\";}','N;'),(21,'AuthorizenetAcceptjs','Module\\QSL\\AuthorizenetAcceptjs\\Model\\Payment\\Processor\\AuthorizenetAcceptjs','QSL_AuthorizenetAcceptjs',-101800,-101800,0,1,'C',0,NULL,'a:1:{i:0;s:2:\"US\";}','N;'),(22,'PayPal powered by Braintree','Module\\QSL\\BraintreeVZ\\Model\\Payment\\Processor\\BraintreeVZ','QSL_BraintreeVZ',-101950,-101950,0,0,'A',0,NULL,'a:5:{i:0;s:2:\"US\";i:1;s:2:\"UK\";i:2;s:2:\"FR\";i:3;s:2:\"IT\";i:4;s:2:\"ES\";}','N;'),(23,'ePDQ e-Commerce','Module\\XC\\EPDQ\\Model\\Payment\\Processor\\EPDQ','XC_EPDQ',-10200,0,0,0,'C',0,NULL,'a:1:{i:0;s:2:\"GB\";}','N;'),(24,'Moneris (eSELECTplus- Hosted Pay Page)','Module\\XC\\ESelectHPP\\Model\\Payment\\Processor\\ESelectHPP','XC_ESelectHPP',0,0,0,0,'C',0,NULL,'a:1:{i:0;s:2:\"CA\";}','N;'),(25,'iDEAL Professional','Module\\XC\\IdealPayments\\Model\\Payment\\Processor\\IdealProfessional','XC_IdealPayments',-10100,0,0,0,'C',0,NULL,'a:9:{i:0;s:2:\"NL\";i:1;s:2:\"DE\";i:2;s:2:\"GB\";i:3;s:2:\"FR\";i:4;s:2:\"BE\";i:5;s:2:\"MT\";i:6;s:2:\"BG\";i:7;s:2:\"LU\";i:8;s:2:\"SE\";}','N;'),(26,'SagePay form protocol','Module\\XC\\SagePay\\Model\\Payment\\Processor\\SagePayForm','XC_SagePay',-101500,0,0,0,'C',0,NULL,'a:2:{i:0;s:2:\"GB\";i:1;s:2:\"IE\";}','N;'),(27,'Stripe','Module\\XC\\Stripe\\Model\\Payment\\Stripe','XC_Stripe',-10300,0,0,0,'C',0,NULL,'a:32:{i:0;s:2:\"AT\";i:1;s:2:\"AU\";i:2;s:2:\"BE\";i:3;s:2:\"BR\";i:4;s:2:\"CA\";i:5;s:2:\"CH\";i:6;s:2:\"DE\";i:7;s:2:\"DK\";i:8;s:2:\"EE\";i:9;s:2:\"ES\";i:10;s:2:\"FI\";i:11;s:2:\"FR\";i:12;s:2:\"GB\";i:13;s:2:\"GR\";i:14;s:2:\"HK\";i:15;s:2:\"IE\";i:16;s:2:\"IN\";i:17;s:2:\"IT\";i:18;s:2:\"JP\";i:19;s:2:\"LT\";i:20;s:2:\"LU\";i:21;s:2:\"LV\";i:22;s:2:\"MX\";i:23;s:2:\"MY\";i:24;s:2:\"NL\";i:25;s:2:\"NO\";i:26;s:2:\"NZ\";i:27;s:2:\"PL\";i:28;s:2:\"PT\";i:29;s:2:\"SE\";i:30;s:2:\"SG\";i:31;s:2:\"US\";}','N;'),(28,'COD_UPS','Module\\XC\\UPS\\Model\\Payment\\Processor\\COD','XC_UPS',0,0,0,1,'O',0,NULL,'a:2:{i:0;s:2:\"US\";i:1;s:2:\"PR\";}','N;');
/*!40000 ALTER TABLE `xlite_payment_methods` ENABLE KEYS */;
UNLOCK TABLES;

--
-- Table structure for table `xlite_payment_transaction_data`
--

DROP TABLE IF EXISTS `xlite_payment_transaction_data`;
/*!40101 SET @saved_cs_client     = @@character_set_client */;
/*!40101 SET character_set_client = utf8 */;
CREATE TABLE `xlite_payment_transaction_data` (
  `data_id` int(11) NOT NULL AUTO_INCREMENT,
  `transaction_id` int(11) DEFAULT NULL,
  `name` varchar(128) COLLATE utf8_unicode_ci NOT NULL,
  `label` varchar(255) COLLATE utf8_unicode_ci NOT NULL,
  `access_level` char(1) COLLATE utf8_unicode_ci NOT NULL,
  `value` longtext COLLATE utf8_unicode_ci NOT NULL,
  PRIMARY KEY (`data_id`),
  KEY `IDX_BA8F92A12FC0CB0F` (`transaction_id`),
  KEY `tn` (`transaction_id`,`name`),
  CONSTRAINT `FK_BA8F92A12FC0CB0F` FOREIGN KEY (`transaction_id`) REFERENCES `xlite_payment_transactions` (`transaction_id`) ON DELETE CASCADE
) ENGINE=InnoDB AUTO_INCREMENT=11 DEFAULT CHARSET=utf8 COLLATE=utf8_unicode_ci;
/*!40101 SET character_set_client = @saved_cs_client */;

--
-- Dumping data for table `xlite_payment_transaction_data`
--

LOCK TABLES `xlite_payment_transaction_data` WRITE;
/*!40000 ALTER TABLE `xlite_payment_transaction_data` DISABLE KEYS */;
INSERT INTO `xlite_payment_transaction_data` VALUES (1,4,'test_mode','Test mode','A','1'),(2,4,'error_field_name_card.number','Error: field name','A','card.number'),(3,4,'error_field_code_card.number','Error: field code','A','country.bin.not.accepted'),(4,4,'error_field_message_card.number','Error: field message','A','Card bin Country rejected by acquirer'),(5,4,'cart_items','Cart items','A','a:1:{i:0;a:5:{s:4:\"name\";s:27:\"Caged Cutout Sandals in Gold\";s:3:\"sku\";s:6:\"10000000083\";s:5:\"price\";d:34.990000000000002;s:6:\"amount\";i:1;s:5:\"attrs\";a:0:{}}}'),(6,5,'test_mode','Test mode','A','1'),(7,5,'error_field_name_card.number','Error: field name','A','card.number'),(8,5,'error_field_code_card.number','Error: field code','A','card.expired'),(9,5,'error_field_message_card.number','Error: field message','A','Card has expired.'),(10,5,'cart_items','Cart items','A','a:1:{i:0;a:5:{s:4:\"name\";s:27:\"Caged Cutout Sandals in Gold\";s:3:\"sku\";s:6:\"10000000083\";s:5:\"price\";d:34.990000000000002;s:6:\"amount\";i:1;s:5:\"attrs\";a:0:{}}}');
/*!40000 ALTER TABLE `xlite_payment_transaction_data` ENABLE KEYS */;
UNLOCK TABLES;

--
-- Table structure for table `xlite_payment_transactions`
--

DROP TABLE IF EXISTS `xlite_payment_transactions`;
/*!40101 SET @saved_cs_client     = @@character_set_client */;
/*!40101 SET character_set_client = utf8 */;
CREATE TABLE `xlite_payment_transactions` (
  `transaction_id` int(11) NOT NULL AUTO_INCREMENT,
  `order_id` int(11) DEFAULT NULL,
  `method_id` int(11) DEFAULT NULL,
  `currency_id` int(10) unsigned DEFAULT NULL,
  `date` int(11) NOT NULL,
  `publicTxnId` varchar(16) COLLATE utf8_unicode_ci DEFAULT NULL,
  `method_name` varchar(128) COLLATE utf8_unicode_ci NOT NULL,
  `method_local_name` varchar(255) COLLATE utf8_unicode_ci NOT NULL,
  `status` char(1) COLLATE utf8_unicode_ci NOT NULL,
  `value` decimal(14,4) NOT NULL,
  `note` varchar(255) COLLATE utf8_unicode_ci NOT NULL,
  `type` varchar(16) COLLATE utf8_unicode_ci NOT NULL,
  `public_id` varchar(255) COLLATE utf8_unicode_ci NOT NULL,
  PRIMARY KEY (`transaction_id`),
  KEY `IDX_33CBDC008D9F6D38` (`order_id`),
  KEY `IDX_33CBDC0019883967` (`method_id`),
  KEY `IDX_33CBDC0038248176` (`currency_id`),
  KEY `status` (`status`),
  KEY `o` (`order_id`,`status`),
  KEY `pm` (`method_id`,`status`),
  KEY `publicTxnId` (`publicTxnId`),
  CONSTRAINT `FK_33CBDC0019883967` FOREIGN KEY (`method_id`) REFERENCES `xlite_payment_methods` (`method_id`) ON DELETE SET NULL,
  CONSTRAINT `FK_33CBDC0038248176` FOREIGN KEY (`currency_id`) REFERENCES `xlite_currencies` (`currency_id`),
  CONSTRAINT `FK_33CBDC008D9F6D38` FOREIGN KEY (`order_id`) REFERENCES `xlite_orders` (`order_id`) ON DELETE CASCADE
) ENGINE=InnoDB AUTO_INCREMENT=7 DEFAULT CHARSET=utf8 COLLATE=utf8_unicode_ci;
/*!40101 SET character_set_client = @saved_cs_client */;

--
-- Dumping data for table `xlite_payment_transactions`
--

LOCK TABLES `xlite_payment_transactions` WRITE;
/*!40000 ALTER TABLE `xlite_payment_transactions` DISABLE KEYS */;
INSERT INTO `xlite_payment_transactions` VALUES (1,1,4,840,1394005540,'000001-KGSP','MoneyOrdering','Money Order','S',110.6500,'','sale','000001-KGSP'),(2,2,4,840,1396005895,'000002-FX7B','MoneyOrdering','Money Order','S',88.6700,'','sale','000002-FX7B'),(3,3,4,840,1407005895,'000002-FX7B','MoneyOrdering','Money Order','S',158.9400,'','sale','000002-FX7B'),(4,4,NULL,840,1452604411,'000012-AS2T','SimplifyCommerceHP','Simplify Commerce Hosted Payments','F',38.0100,'Simplify_BadRequestException: \"Request data is invalid\" (status: 400, error code: validation, reference: c5a0b8b8-92ac-4908-9506-88b843ecd399)\nField error: card.number\"Card bin Country rejected by acquirer\" (country.bin.not.accepted)','sale','demostore-000012-AS2T'),(5,4,NULL,840,1452604437,'000013-3I22','SimplifyCommerceHP','Simplify Commerce Hosted Payments','F',38.0100,'Simplify_BadRequestException: \"Request data is invalid\" (status: 400, error code: validation, reference: 195c1b1a-44c8-46d4-8e48-ee4e65f271af)\nField error: card.number\"Card has expired.\" (card.expired)','sale','demostore-000013-3I22'),(6,5,4,840,1452604702,'000005-KXAQ','MoneyOrdering','Money Order','S',352.8100,'','sale','000005-KXAQ');
/*!40000 ALTER TABLE `xlite_payment_transactions` ENABLE KEYS */;
UNLOCK TABLES;

--
-- Table structure for table `xlite_permission_translations`
--

DROP TABLE IF EXISTS `xlite_permission_translations`;
/*!40101 SET @saved_cs_client     = @@character_set_client */;
/*!40101 SET character_set_client = utf8 */;
CREATE TABLE `xlite_permission_translations` (
  `label_id` int(11) NOT NULL AUTO_INCREMENT,
  `id` int(10) unsigned DEFAULT NULL,
  `name` varchar(255) COLLATE utf8_unicode_ci NOT NULL,
  `description` longtext COLLATE utf8_unicode_ci NOT NULL,
  `code` char(2) COLLATE utf8_unicode_ci NOT NULL,
  PRIMARY KEY (`label_id`),
  KEY `IDX_98B75E86BF396750` (`id`),
  CONSTRAINT `FK_98B75E86BF396750` FOREIGN KEY (`id`) REFERENCES `xlite_permissions` (`id`) ON DELETE CASCADE
) ENGINE=InnoDB AUTO_INCREMENT=22 DEFAULT CHARSET=utf8 COLLATE=utf8_unicode_ci;
/*!40101 SET character_set_client = @saved_cs_client */;

--
-- Dumping data for table `xlite_permission_translations`
--

LOCK TABLES `xlite_permission_translations` WRITE;
/*!40000 ALTER TABLE `xlite_permission_translations` DISABLE KEYS */;
INSERT INTO `xlite_permission_translations` VALUES (1,1,'Root access','','en'),(2,2,'Manage catalog','','en'),(3,3,'Manage users','','en'),(4,4,'Manage administrators','','en'),(5,5,'Manage orders','','en'),(6,6,'Manage import','','en'),(7,7,'Manage export','','en'),(8,8,'Manage banners','','en'),(9,9,'Allow unfiltered HTML','','en'),(10,10,'Manage coupons','','en'),(11,10,'Управление купонами','','ru'),(12,11,'Manage custom pages','','en'),(13,12,'Manage menus','','en'),(14,13,'Manage volume discounts','','en'),(15,13,'Управление скидками','','ru'),(16,14,'Manage news','','en'),(17,14,'Управление новостями','','ru'),(18,15,'Manage reviews','','en'),(19,15,'Управление отзывами','','ru'),(20,16,'Manage conversations','','en'),(21,16,'Управление разговорами','','ru');
/*!40000 ALTER TABLE `xlite_permission_translations` ENABLE KEYS */;
UNLOCK TABLES;

--
-- Table structure for table `xlite_permissions`
--

DROP TABLE IF EXISTS `xlite_permissions`;
/*!40101 SET @saved_cs_client     = @@character_set_client */;
/*!40101 SET character_set_client = utf8 */;
CREATE TABLE `xlite_permissions` (
  `id` int(10) unsigned NOT NULL AUTO_INCREMENT,
  `code` char(32) COLLATE utf8_unicode_ci NOT NULL,
  `section` varchar(128) COLLATE utf8_unicode_ci NOT NULL,
  PRIMARY KEY (`id`)
) ENGINE=InnoDB AUTO_INCREMENT=17 DEFAULT CHARSET=utf8 COLLATE=utf8_unicode_ci;
/*!40101 SET character_set_client = @saved_cs_client */;

--
-- Dumping data for table `xlite_permissions`
--

LOCK TABLES `xlite_permissions` WRITE;
/*!40000 ALTER TABLE `xlite_permissions` DISABLE KEYS */;
INSERT INTO `xlite_permissions` VALUES (1,'root access','All'),(2,'manage catalog','Catalog'),(3,'manage users','Users'),(4,'manage admins','Users'),(5,'manage orders','Sales'),(6,'manage import','Import and Export'),(7,'manage export','Import and Export'),(8,'manage banners','Content'),(9,'unfiltered html','Content'),(10,'manage coupons','Coupons'),(11,'manage custom pages','Content'),(12,'manage menus','Content'),(13,'manage volume discounts','Volume discounts'),(14,'manage news','Content'),(15,'manage reviews','Catalog'),(16,'manage conversations','Conversations');
/*!40000 ALTER TABLE `xlite_permissions` ENABLE KEYS */;
UNLOCK TABLES;

--
-- Table structure for table `xlite_pin_codes`
--

DROP TABLE IF EXISTS `xlite_pin_codes`;
/*!40101 SET @saved_cs_client     = @@character_set_client */;
/*!40101 SET character_set_client = utf8 */;
CREATE TABLE `xlite_pin_codes` (
  `id` int(11) NOT NULL AUTO_INCREMENT,
  `code` varchar(64) COLLATE utf8_unicode_ci NOT NULL,
  `createDate` int(11) NOT NULL,
  `isSold` tinyint(1) NOT NULL,
  `isBlocked` tinyint(1) NOT NULL,
  `productId` int(10) unsigned DEFAULT NULL,
  `orderItemId` int(11) DEFAULT NULL,
  PRIMARY KEY (`id`),
  UNIQUE KEY `productCode` (`code`,`productId`),
  KEY `IDX_454145C536799605` (`productId`),
  KEY `IDX_454145C5BBF22A26` (`orderItemId`),
  CONSTRAINT `FK_454145C536799605` FOREIGN KEY (`productId`) REFERENCES `xlite_products` (`product_id`) ON DELETE SET NULL,
  CONSTRAINT `FK_454145C5BBF22A26` FOREIGN KEY (`orderItemId`) REFERENCES `xlite_order_items` (`item_id`) ON DELETE SET NULL
) ENGINE=InnoDB DEFAULT CHARSET=utf8 COLLATE=utf8_unicode_ci;
/*!40101 SET character_set_client = @saved_cs_client */;

--
-- Dumping data for table `xlite_pin_codes`
--

LOCK TABLES `xlite_pin_codes` WRITE;
/*!40000 ALTER TABLE `xlite_pin_codes` DISABLE KEYS */;
/*!40000 ALTER TABLE `xlite_pin_codes` ENABLE KEYS */;
UNLOCK TABLES;

--
-- Table structure for table `xlite_product_attachment_history_points`
--

DROP TABLE IF EXISTS `xlite_product_attachment_history_points`;
/*!40101 SET @saved_cs_client     = @@character_set_client */;
/*!40101 SET character_set_client = utf8 */;
CREATE TABLE `xlite_product_attachment_history_points` (
  `id` int(10) unsigned NOT NULL AUTO_INCREMENT,
  `attachment_id` int(10) unsigned DEFAULT NULL,
  `order_id` int(11) DEFAULT NULL,
  `profile_id` int(11) DEFAULT NULL,
  `login` varchar(255) COLLATE utf8_unicode_ci NOT NULL,
  `ip` varchar(255) COLLATE utf8_unicode_ci NOT NULL,
  `date` int(10) unsigned NOT NULL,
  `path` varchar(255) COLLATE utf8_unicode_ci NOT NULL,
  `additionalDetails` varchar(255) COLLATE utf8_unicode_ci NOT NULL,
  PRIMARY KEY (`id`),
  KEY `IDX_8F48E3E88D9F6D38` (`order_id`),
  KEY `IDX_8F48E3E8CCFA12B8` (`profile_id`),
  KEY `attachment` (`attachment_id`),
  CONSTRAINT `FK_8F48E3E8464E68B` FOREIGN KEY (`attachment_id`) REFERENCES `xlite_product_attachments` (`id`) ON DELETE CASCADE,
  CONSTRAINT `FK_8F48E3E88D9F6D38` FOREIGN KEY (`order_id`) REFERENCES `xlite_orders` (`order_id`) ON DELETE CASCADE,
  CONSTRAINT `FK_8F48E3E8CCFA12B8` FOREIGN KEY (`profile_id`) REFERENCES `xlite_profiles` (`profile_id`) ON DELETE SET NULL
) ENGINE=InnoDB DEFAULT CHARSET=utf8 COLLATE=utf8_unicode_ci;
/*!40101 SET character_set_client = @saved_cs_client */;

--
-- Dumping data for table `xlite_product_attachment_history_points`
--

LOCK TABLES `xlite_product_attachment_history_points` WRITE;
/*!40000 ALTER TABLE `xlite_product_attachment_history_points` DISABLE KEYS */;
/*!40000 ALTER TABLE `xlite_product_attachment_history_points` ENABLE KEYS */;
UNLOCK TABLES;

--
-- Table structure for table `xlite_product_attachment_storages`
--

DROP TABLE IF EXISTS `xlite_product_attachment_storages`;
/*!40101 SET @saved_cs_client     = @@character_set_client */;
/*!40101 SET character_set_client = utf8 */;
CREATE TABLE `xlite_product_attachment_storages` (
  `id` int(10) unsigned NOT NULL AUTO_INCREMENT,
  `attachment_id` int(10) unsigned DEFAULT NULL,
  `path` varchar(512) COLLATE utf8_unicode_ci NOT NULL,
  `fileName` varchar(255) COLLATE utf8_unicode_ci NOT NULL,
  `mime` varchar(128) COLLATE utf8_unicode_ci NOT NULL,
  `storageType` varchar(1) COLLATE utf8_unicode_ci NOT NULL,
  `size` int(10) unsigned NOT NULL,
  `date` int(10) unsigned NOT NULL,
  PRIMARY KEY (`id`),
  UNIQUE KEY `UNIQ_34701892464E68B` (`attachment_id`),
  CONSTRAINT `FK_34701892464E68B` FOREIGN KEY (`attachment_id`) REFERENCES `xlite_product_attachments` (`id`) ON DELETE CASCADE
) ENGINE=InnoDB DEFAULT CHARSET=utf8 COLLATE=utf8_unicode_ci;
/*!40101 SET character_set_client = @saved_cs_client */;

--
-- Dumping data for table `xlite_product_attachment_storages`
--

LOCK TABLES `xlite_product_attachment_storages` WRITE;
/*!40000 ALTER TABLE `xlite_product_attachment_storages` DISABLE KEYS */;
/*!40000 ALTER TABLE `xlite_product_attachment_storages` ENABLE KEYS */;
UNLOCK TABLES;

--
-- Table structure for table `xlite_product_attachment_translations`
--

DROP TABLE IF EXISTS `xlite_product_attachment_translations`;
/*!40101 SET @saved_cs_client     = @@character_set_client */;
/*!40101 SET character_set_client = utf8 */;
CREATE TABLE `xlite_product_attachment_translations` (
  `label_id` int(11) NOT NULL AUTO_INCREMENT,
  `id` int(10) unsigned DEFAULT NULL,
  `title` varchar(128) COLLATE utf8_unicode_ci NOT NULL,
  `description` longtext COLLATE utf8_unicode_ci NOT NULL,
  `code` char(2) COLLATE utf8_unicode_ci NOT NULL,
  PRIMARY KEY (`label_id`),
  KEY `ci` (`code`,`id`),
  KEY `id` (`id`),
  CONSTRAINT `FK_C05C8533BF396750` FOREIGN KEY (`id`) REFERENCES `xlite_product_attachments` (`id`) ON DELETE CASCADE
) ENGINE=InnoDB DEFAULT CHARSET=utf8 COLLATE=utf8_unicode_ci;
/*!40101 SET character_set_client = @saved_cs_client */;

--
-- Dumping data for table `xlite_product_attachment_translations`
--

LOCK TABLES `xlite_product_attachment_translations` WRITE;
/*!40000 ALTER TABLE `xlite_product_attachment_translations` DISABLE KEYS */;
/*!40000 ALTER TABLE `xlite_product_attachment_translations` ENABLE KEYS */;
UNLOCK TABLES;

--
-- Table structure for table `xlite_product_attachments`
--

DROP TABLE IF EXISTS `xlite_product_attachments`;
/*!40101 SET @saved_cs_client     = @@character_set_client */;
/*!40101 SET character_set_client = utf8 */;
CREATE TABLE `xlite_product_attachments` (
  `id` int(10) unsigned NOT NULL AUTO_INCREMENT,
  `product_id` int(10) unsigned DEFAULT NULL,
  `private` tinyint(1) NOT NULL,
  `orderby` int(11) NOT NULL,
  `access` varchar(255) COLLATE utf8_unicode_ci NOT NULL,
  PRIMARY KEY (`id`),
  KEY `IDX_A8FB24FA4584665A` (`product_id`),
  KEY `o` (`orderby`),
  CONSTRAINT `FK_A8FB24FA4584665A` FOREIGN KEY (`product_id`) REFERENCES `xlite_products` (`product_id`) ON DELETE CASCADE
) ENGINE=InnoDB DEFAULT CHARSET=utf8 COLLATE=utf8_unicode_ci;
/*!40101 SET character_set_client = @saved_cs_client */;

--
-- Dumping data for table `xlite_product_attachments`
--

LOCK TABLES `xlite_product_attachments` WRITE;
/*!40000 ALTER TABLE `xlite_product_attachments` DISABLE KEYS */;
/*!40000 ALTER TABLE `xlite_product_attachments` ENABLE KEYS */;
UNLOCK TABLES;

--
-- Table structure for table `xlite_product_class_coupons`
--

DROP TABLE IF EXISTS `xlite_product_class_coupons`;
/*!40101 SET @saved_cs_client     = @@character_set_client */;
/*!40101 SET character_set_client = utf8 */;
CREATE TABLE `xlite_product_class_coupons` (
  `coupon_id` int(10) unsigned NOT NULL,
  `class_id` int(10) unsigned NOT NULL,
  PRIMARY KEY (`coupon_id`,`class_id`),
  KEY `IDX_684B0DA666C5951B` (`coupon_id`),
  KEY `IDX_684B0DA6EA000B10` (`class_id`),
  CONSTRAINT `FK_684B0DA666C5951B` FOREIGN KEY (`coupon_id`) REFERENCES `xlite_coupons` (`id`) ON DELETE CASCADE,
  CONSTRAINT `FK_684B0DA6EA000B10` FOREIGN KEY (`class_id`) REFERENCES `xlite_product_classes` (`id`) ON DELETE CASCADE
) ENGINE=InnoDB DEFAULT CHARSET=utf8 COLLATE=utf8_unicode_ci;
/*!40101 SET character_set_client = @saved_cs_client */;

--
-- Dumping data for table `xlite_product_class_coupons`
--

LOCK TABLES `xlite_product_class_coupons` WRITE;
/*!40000 ALTER TABLE `xlite_product_class_coupons` DISABLE KEYS */;
/*!40000 ALTER TABLE `xlite_product_class_coupons` ENABLE KEYS */;
UNLOCK TABLES;

--
-- Table structure for table `xlite_product_class_translations`
--

DROP TABLE IF EXISTS `xlite_product_class_translations`;
/*!40101 SET @saved_cs_client     = @@character_set_client */;
/*!40101 SET character_set_client = utf8 */;
CREATE TABLE `xlite_product_class_translations` (
  `label_id` int(11) NOT NULL AUTO_INCREMENT,
  `id` int(10) unsigned DEFAULT NULL,
  `name` varchar(255) COLLATE utf8_unicode_ci NOT NULL,
  `code` char(2) COLLATE utf8_unicode_ci NOT NULL,
  PRIMARY KEY (`label_id`),
  KEY `ci` (`code`,`id`),
  KEY `id` (`id`),
  CONSTRAINT `FK_8471715FBF396750` FOREIGN KEY (`id`) REFERENCES `xlite_product_classes` (`id`) ON DELETE CASCADE
) ENGINE=InnoDB AUTO_INCREMENT=9 DEFAULT CHARSET=utf8 COLLATE=utf8_unicode_ci;
/*!40101 SET character_set_client = @saved_cs_client */;

--
-- Dumping data for table `xlite_product_class_translations`
--

LOCK TABLES `xlite_product_class_translations` WRITE;
/*!40000 ALTER TABLE `xlite_product_class_translations` DISABLE KEYS */;
INSERT INTO `xlite_product_class_translations` VALUES (1,1,'Fashion','en'),(4,1,'Одежда','ru'),(5,2,'Mobile phone','en'),(6,2,'Мобильный телефон','ru'),(7,3,'Shoes','en'),(8,3,'Обувь','ru');
/*!40000 ALTER TABLE `xlite_product_class_translations` ENABLE KEYS */;
UNLOCK TABLES;

--
-- Table structure for table `xlite_product_classes`
--

DROP TABLE IF EXISTS `xlite_product_classes`;
/*!40101 SET @saved_cs_client     = @@character_set_client */;
/*!40101 SET character_set_client = utf8 */;
CREATE TABLE `xlite_product_classes` (
  `id` int(10) unsigned NOT NULL AUTO_INCREMENT,
  `position` int(11) NOT NULL,
  PRIMARY KEY (`id`)
) ENGINE=InnoDB AUTO_INCREMENT=4 DEFAULT CHARSET=utf8 COLLATE=utf8_unicode_ci;
/*!40101 SET character_set_client = @saved_cs_client */;

--
-- Dumping data for table `xlite_product_classes`
--

LOCK TABLES `xlite_product_classes` WRITE;
/*!40000 ALTER TABLE `xlite_product_classes` DISABLE KEYS */;
INSERT INTO `xlite_product_classes` VALUES (1,0),(2,0),(3,0);
/*!40000 ALTER TABLE `xlite_product_classes` ENABLE KEYS */;
UNLOCK TABLES;

--
-- Table structure for table `xlite_product_images`
--

DROP TABLE IF EXISTS `xlite_product_images`;
/*!40101 SET @saved_cs_client     = @@character_set_client */;
/*!40101 SET character_set_client = utf8 */;
CREATE TABLE `xlite_product_images` (
  `id` int(10) unsigned NOT NULL AUTO_INCREMENT,
  `product_id` int(10) unsigned DEFAULT NULL,
  `orderby` int(11) NOT NULL,
  `alt` varchar(255) COLLATE utf8_unicode_ci NOT NULL,
  `width` int(11) NOT NULL,
  `height` int(11) NOT NULL,
  `hash` char(32) COLLATE utf8_unicode_ci DEFAULT NULL,
  `needProcess` tinyint(1) NOT NULL,
  `path` varchar(512) COLLATE utf8_unicode_ci NOT NULL,
  `fileName` varchar(255) COLLATE utf8_unicode_ci NOT NULL,
  `mime` varchar(128) COLLATE utf8_unicode_ci NOT NULL,
  `storageType` varchar(1) COLLATE utf8_unicode_ci NOT NULL,
  `size` int(10) unsigned NOT NULL,
  `date` int(10) unsigned NOT NULL,
  PRIMARY KEY (`id`),
  KEY `IDX_142C546A4584665A` (`product_id`),
  CONSTRAINT `FK_142C546A4584665A` FOREIGN KEY (`product_id`) REFERENCES `xlite_products` (`product_id`) ON DELETE CASCADE
) ENGINE=InnoDB AUTO_INCREMENT=71 DEFAULT CHARSET=utf8 COLLATE=utf8_unicode_ci;
/*!40101 SET character_set_client = @saved_cs_client */;

--
-- Dumping data for table `xlite_product_images`
--

LOCK TABLES `xlite_product_images` WRITE;
/*!40000 ALTER TABLE `xlite_product_images` DISABLE KEYS */;
INSERT INTO `xlite_product_images` VALUES (1,1,10,'',366,440,'4d895c21093a256f83ba47d639f0a5a2',1,'shoes_2.jpg','shoes_2.jpg','image/jpeg','r',57153,1562239094),(2,1,11,'',366,440,'326589e7ccf2d6bd5e171b4519a70a0f',1,'shoes_3.jpg','shoes_3.jpg','image/jpeg','r',49327,1562239094),(3,2,10,'',732,880,'72bedcc06b23823acb74845d09cfa054',1,'shoes_6_2.jpg','shoes_6_2.jpg','image/jpeg','r',80257,1562239094),(4,3,10,'',732,880,'d3c0481c7cc90a31f25b0bc1e37c902c',1,'shoes_7.jpg','shoes_7.jpg','image/jpeg','r',94954,1562239094),(5,4,10,'',732,880,'ca24ff395d951c053a817d479ed6db19',1,'shoes_8.jpg','shoes_8.jpg','image/jpeg','r',133449,1562239094),(6,5,10,'',732,880,'b156f93a5c923dc2e6bfda4306ee3782',1,'shoes_12.jpg','shoes_12.jpg','image/jpeg','r',106340,1562239094),(7,6,10,'',732,880,'59a81275c25138dc8f99afb30b5267e6',1,'shoes_1_1.jpg','shoes_1_1.jpg','image/jpeg','r',143611,1562239094),(8,6,11,'',366,440,'4d895c21093a256f83ba47d639f0a5a2',1,'shoes_2.jpg','shoes_2.jpg','image/jpeg','r',57153,1562239094),(9,6,12,'',366,440,'326589e7ccf2d6bd5e171b4519a70a0f',1,'shoes_3.jpg','shoes_3.jpg','image/jpeg','r',49327,1562239094),(10,7,10,'',732,880,'38da3aca8e486b7b1c35e91c733f8769',1,'clo_1.jpg','clo_1.jpg','image/jpeg','r',186966,1562239094),(11,8,10,'',732,880,'0277483e750a1c9afee7623ee3a92048',1,'shoes_16.jpg','shoes_16.jpg','image/jpeg','r',120497,1562239094),(12,9,10,'',732,880,'20264ed03a148092c598631ccbf5f36b',1,'shoes_17.jpg','shoes_17.jpg','image/jpeg','r',38909,1562239094),(13,10,10,'',732,880,'e36e1056b21d7c2057955dced353fdab',1,'shoes_10.jpg','shoes_10.jpg','image/jpeg','r',107727,1562239094),(14,11,10,'',732,880,'f6fe575d12d0702df99847a0c543323e',1,'shoes_18.jpg','shoes_18.jpg','image/jpeg','r',43838,1562239094),(15,12,10,'',732,880,'e781eaa9cb63cd714d1b11a7c6f21dd1',1,'clo_3.jpg','clo_3.jpg','image/jpeg','r',152629,1562239094),(16,13,10,'',732,880,'8af87c8410d6e9230d4df827c1a94361',1,'clo_4.jpg','clo_4.jpg','image/jpeg','r',190460,1562239094),(17,14,10,'',732,880,'56758e6725d61df67360ea76c79353e7',1,'clo_5.jpg','clo_5.jpg','image/jpeg','r',199790,1562239094),(18,15,10,'',732,880,'6e877e727bfa8406d825067c1ba1d8b4',1,'clo_6.jpg','clo_6.jpg','image/jpeg','r',155982,1562239094),(19,16,10,'',732,880,'0914437938e71b4d51e361a96d0a1d9f',1,'clo_7_1.jpg','clo_7_1.jpg','image/jpeg','r',111237,1562239094),(20,17,10,'',732,880,'4f463863a815b0afe56a06e22b112350',1,'clo_9.jpg','clo_9.jpg','image/jpeg','r',99905,1562239094),(21,17,11,'',732,880,'4ca25adb0ee0186f670d3bf2c9d6356d',1,'clo_10.jpg','clo_10.jpg','image/jpeg','r',76717,1562239094),(22,18,10,'',732,880,'8c7f212feb7187705f405034a3181f68',1,'clo_12.jpg','clo_12.jpg','image/jpeg','r',195566,1562239094),(23,19,10,'',732,880,'f5e52b087200218a567351585759fa9b',1,'clo_13.jpg','clo_13.jpg','image/jpeg','r',89063,1562239094),(24,20,10,'',732,880,'c96c1e673b54122d8502bf1e26216cf2',1,'clo_14.jpg','clo_14.jpg','image/jpeg','r',159307,1562239094),(25,21,10,'',732,880,'3dd31e4e2a731d50bace9356b552f456',1,'bag_1.jpg','bag_1.jpg','image/jpeg','r',154680,1562239094),(26,22,10,'',732,880,'e66ac046657b4e79839254bcc5abbcde',1,'bag_2.jpg','bag_2.jpg','image/jpeg','r',83551,1562239094),(27,23,10,'',732,880,'61a67ab6c7917d24bafd3a73429e34ee',1,'bag_3.jpg','bag_3.jpg','image/jpeg','r',51531,1562239094),(28,24,10,'',732,880,'8b9e13f61b5e97631c1466cddadbebad',1,'bag_4.jpg','bag_4.jpg','image/jpeg','r',72468,1562239094),(29,25,10,'',732,880,'d3c7fe9a8bf498a2600021755e97d44a',1,'bag_5.jpg','bag_5.jpg','image/jpeg','r',75707,1562239094),(30,26,10,'',732,880,'6d9a5450e06a8bc447b8e9589344e792',1,'bag_6.jpg','bag_6.jpg','image/jpeg','r',89008,1562239094),(31,27,10,'',732,880,'1c2a542342240c15ae76a8038f768800',1,'elec_1.jpg','elec_1.jpg','image/jpeg','r',71237,1562239094),(32,28,10,'',732,880,'627da7514ffc664b11b5a4db98125a32',1,'elec_2.jpg','elec_2.jpg','image/jpeg','r',132698,1562239094),(33,29,10,'',732,880,'d6e5e893843013fd41c45a251508c854',1,'elec_4.jpg','elec_4.jpg','image/jpeg','r',125842,1562239094),(34,30,10,'',732,880,'73bac33aaec377dea6b017731c89eb3a',1,'elec_5.jpg','elec_5.jpg','image/jpeg','r',51859,1562239094),(35,31,10,'',732,880,'ded7443afb41dfb3202adc60df70a27c',1,'elec_6.jpg','elec_6.jpg','image/jpeg','r',50433,1562239094),(36,31,11,'',732,880,'6dd2314204135954d106838005c1acfc',1,'elec_8.jpg','elec_8.jpg','image/jpeg','r',111724,1562239094),(37,31,12,'',732,880,'9a917d178eb36bab0383b32645dc1a93',1,'elec_7.jpg','elec_7.jpg','image/jpeg','r',123416,1562239094),(38,31,13,'',732,880,'b23620947e364f001cc7bdf107b85b70',1,'elec_9.jpg','elec_9.jpg','image/jpeg','r',97905,1562239094),(39,32,10,'',732,880,'183494a6df7857e32cdfa138802333dc',1,'elec_10.jpg','elec_10.jpg','image/jpeg','r',55079,1562239094),(40,33,10,'',732,880,'1b422844889512483104ced4a4f0feac',1,'elec_12.jpg','elec_12.jpg','image/jpeg','r',105637,1562239094),(41,34,10,'',732,880,'becdbe97f13c89a6ea3e56adfe9f76f2',1,'elec_13.jpg','elec_13.jpg','image/jpeg','r',37404,1562239094),(42,35,10,'',732,880,'9c616e7c60724a9baab787633994fdcf',1,'elec_14.jpg','elec_14.jpg','image/jpeg','r',16200,1562239094),(43,36,10,'',732,880,'d4dbdee04da48c75c6e49baf76c195b5',1,'beauty_1.jpg','beauty_1.jpg','image/jpeg','r',46495,1562239094),(44,37,10,'',732,880,'fdc89da643f75c705a7221bd7ccf7e6a',1,'beauty_2.jpg','beauty_2.jpg','image/jpeg','r',102218,1562239094),(45,38,10,'',732,880,'9f948e63cba77a773abda02604bf12fc',1,'beauty_3.jpg','beauty_3.jpg','image/jpeg','r',74344,1562239094),(46,39,10,'',732,880,'157c4dc34f176835a72dd7ce2dfdb4c3',1,'beauty_4.jpg','beauty_4.jpg','image/jpeg','r',88194,1562239094),(47,40,10,'',732,880,'6fa1870d58aedfb8872a227d2beb3938',1,'beauty_5.jpg','beauty_5.jpg','image/jpeg','r',50207,1562239094),(48,40,11,'',732,880,'dec5086f7dbabcca3fe8dad7f40716fe',1,'beauty_6.jpg','beauty_6.jpg','image/jpeg','r',137610,1562239094),(49,41,10,'',732,880,'a950f0aee59a617bacad71d97bce43ab',1,'beauty_7.jpg','beauty_7.jpg','image/jpeg','r',94563,1562239094),(50,42,10,'',732,880,'50cb16268b9f45112b94fa701baf7aa6',1,'food_1.jpg','food_1.jpg','image/jpeg','r',167086,1562239094),(51,42,11,'',732,880,'fe3140eb8c5a5ac165ef812f7d775129',1,'food_2.jpg','food_2.jpg','image/jpeg','r',97721,1562239095),(52,43,10,'',732,880,'cfb4d7e98c6aeaff1f69ad3b586818e9',1,'food_15.jpg','food_15.jpg','image/jpeg','r',214478,1562239095),(53,43,11,'',732,880,'02889061c0e860a824b49772dd8327d2',1,'food_3.jpg','food_3.jpg','image/jpeg','r',112526,1562239095),(54,43,12,'',732,880,'f5624e665e8880236a3a5dc1c1c47610',1,'food_4.jpg','food_4.jpg','image/jpeg','r',135694,1562239095),(55,44,10,'',732,880,'8e4a6f3a8911853df2b32713feecb3a2',1,'food_9.jpg','food_9.jpg','image/jpeg','r',190550,1562239095),(56,44,11,'',732,880,'1435ac61b22520636cdb6fdb57a86f2a',1,'food_10_2.jpg','food_10_2.jpg','image/jpeg','r',60111,1562239095),(57,45,10,'',732,880,'bb58add0a6b52cf55ec1783057c8d67f',1,'food_11.jpg','food_11.jpg','image/jpeg','r',84336,1562239095),(58,45,11,'',732,880,'7419ee1425b0bf9ec37a83a394e81303',1,'food_12.jpg','food_12.jpg','image/jpeg','r',115617,1562239095),(59,45,12,'',732,880,'fe5990dc0bc71d58463a47604652944e',1,'food_13.jpg','food_13.jpg','image/jpeg','r',108802,1562239095),(60,46,10,'',732,880,'7a1cab839e0c15f55e7f3a5c0efdfa07',1,'food_14.jpg','food_14.jpg','image/jpeg','r',68878,1562239095),(61,47,10,'',732,880,'ac00bb8c6862b364f5a335e2c5e507ba',1,'food_16.jpg','food_16.jpg','image/jpeg','r',75917,1562239095),(62,47,11,'',732,880,'183de1c5cb688c5da87d72254168b83e',1,'food_19.jpg','food_19.jpg','image/jpeg','r',130386,1562239095),(63,47,12,'',732,880,'484b22d3bd13dbaada735179f3a8377c',1,'food_18.jpg','food_18.jpg','image/jpeg','r',132056,1562239095),(64,47,13,'',732,880,'f19e410ce8777f26da2eac0fa11d8566',1,'food_17.jpg','food_17.jpg','image/jpeg','r',123735,1562239095),(65,48,10,'',732,880,'2ba16018666cbf828a1e01f5cd99271d',1,'food_21.jpg','food_21.jpg','image/jpeg','r',96778,1562239095),(66,48,11,'',732,880,'176afdc335b384f452bddab05a557c2a',1,'food_20.jpg','food_20.jpg','image/jpeg','r',118898,1562239095),(67,49,10,'',732,880,'2e7fa17bbe4583c202bec4fc27f98679',1,'food_22.jpg','food_22.jpg','image/jpeg','r',157267,1562239095),(68,50,10,'',732,880,'f63830487ca574357705e2430a915793',1,'food_24.jpg','food_24.jpg','image/jpeg','r',114214,1562239095),(69,50,11,'',732,880,'a7216535c69bcbb7e74c4db86c1d1cc7',1,'food_23.jpg','food_23.jpg','image/jpeg','r',123810,1562239095),(70,50,12,'',732,880,'7c91b0e5665402bcb013e86b0d83e3bd',1,'food_25.jpg','food_25.jpg','image/jpeg','r',84710,1562239095);
/*!40000 ALTER TABLE `xlite_product_images` ENABLE KEYS */;
UNLOCK TABLES;

--
-- Table structure for table `xlite_product_membership_links`
--

DROP TABLE IF EXISTS `xlite_product_membership_links`;
/*!40101 SET @saved_cs_client     = @@character_set_client */;
/*!40101 SET character_set_client = utf8 */;
CREATE TABLE `xlite_product_membership_links` (
  `product_id` int(10) unsigned NOT NULL,
  `membership_id` int(10) unsigned NOT NULL,
  PRIMARY KEY (`product_id`,`membership_id`),
  KEY `IDX_E924C4344584665A` (`product_id`),
  KEY `IDX_E924C4341FB354CD` (`membership_id`),
  CONSTRAINT `FK_E924C4341FB354CD` FOREIGN KEY (`membership_id`) REFERENCES `xlite_memberships` (`membership_id`) ON DELETE CASCADE,
  CONSTRAINT `FK_E924C4344584665A` FOREIGN KEY (`product_id`) REFERENCES `xlite_products` (`product_id`) ON DELETE CASCADE
) ENGINE=InnoDB DEFAULT CHARSET=utf8 COLLATE=utf8_unicode_ci;
/*!40101 SET character_set_client = @saved_cs_client */;

--
-- Dumping data for table `xlite_product_membership_links`
--

LOCK TABLES `xlite_product_membership_links` WRITE;
/*!40000 ALTER TABLE `xlite_product_membership_links` DISABLE KEYS */;
/*!40000 ALTER TABLE `xlite_product_membership_links` ENABLE KEYS */;
UNLOCK TABLES;

--
-- Table structure for table `xlite_product_stats`
--

DROP TABLE IF EXISTS `xlite_product_stats`;
/*!40101 SET @saved_cs_client     = @@character_set_client */;
/*!40101 SET character_set_client = utf8 */;
CREATE TABLE `xlite_product_stats` (
  `stat_id` int(10) unsigned NOT NULL AUTO_INCREMENT,
  `viewed_product_id` int(10) unsigned DEFAULT NULL,
  `bought_product_id` int(10) unsigned DEFAULT NULL,
  `count` int(10) unsigned NOT NULL,
  PRIMARY KEY (`stat_id`),
  KEY `IDX_B01836BC658EF086` (`viewed_product_id`),
  KEY `IDX_B01836BC3BA20971` (`bought_product_id`),
  CONSTRAINT `FK_B01836BC3BA20971` FOREIGN KEY (`bought_product_id`) REFERENCES `xlite_products` (`product_id`) ON DELETE CASCADE,
  CONSTRAINT `FK_B01836BC658EF086` FOREIGN KEY (`viewed_product_id`) REFERENCES `xlite_products` (`product_id`) ON DELETE CASCADE
) ENGINE=InnoDB DEFAULT CHARSET=utf8 COLLATE=utf8_unicode_ci;
/*!40101 SET character_set_client = @saved_cs_client */;

--
-- Dumping data for table `xlite_product_stats`
--

LOCK TABLES `xlite_product_stats` WRITE;
/*!40000 ALTER TABLE `xlite_product_stats` DISABLE KEYS */;
/*!40000 ALTER TABLE `xlite_product_stats` ENABLE KEYS */;
UNLOCK TABLES;

--
-- Table structure for table `xlite_product_tab_translations`
--

DROP TABLE IF EXISTS `xlite_product_tab_translations`;
/*!40101 SET @saved_cs_client     = @@character_set_client */;
/*!40101 SET character_set_client = utf8 */;
CREATE TABLE `xlite_product_tab_translations` (
  `label_id` int(11) NOT NULL AUTO_INCREMENT,
  `id` int(10) unsigned DEFAULT NULL,
  `name` varchar(255) COLLATE utf8_unicode_ci NOT NULL,
  `brief_info` varchar(255) COLLATE utf8_unicode_ci NOT NULL,
  `content` longtext COLLATE utf8_unicode_ci NOT NULL,
  `code` char(2) COLLATE utf8_unicode_ci NOT NULL,
  PRIMARY KEY (`label_id`),
  KEY `IDX_D669DEC9BF396750` (`id`),
  CONSTRAINT `FK_D669DEC9BF396750` FOREIGN KEY (`id`) REFERENCES `xlite_product_tabs` (`id`) ON DELETE CASCADE
) ENGINE=InnoDB AUTO_INCREMENT=5 DEFAULT CHARSET=utf8 COLLATE=utf8_unicode_ci;
/*!40101 SET character_set_client = @saved_cs_client */;

--
-- Dumping data for table `xlite_product_tab_translations`
--

LOCK TABLES `xlite_product_tab_translations` WRITE;
/*!40000 ALTER TABLE `xlite_product_tab_translations` DISABLE KEYS */;
INSERT INTO `xlite_product_tab_translations` VALUES (1,190,'Privacy','','<h1 class=\"hero-headline\">Apple’s commitment to your privacy</h1>\n<p>At Apple, your trust means everything to us. That’s why we respect your privacy and protect it with strong encryption, plus strict policies that govern how all data is handled.</p>\n<p>Security and privacy are fundamental to the design of all our hardware, software, and services, including iCloud and new services like Apple Pay. And we continue to make improvements. Two-step verification, which we encourage all our customers to use, in addition to protecting your Apple ID account information, now also protects all of the data you store and keep up to date with iCloud.</p>\n<p>We believe in telling you up front exactly what’s going to happen to your personal information and asking for your permission before you share it with us. And if you change your mind later, we make it easy to stop sharing with us. Every Apple product is designed around those principles. When we do ask to use your data, it’s to provide you with a better user experience.</p>\n<p>We’re publishing this website to explain how we handle your personal information, what we do and don’t collect, and why. We’re going to make sure you get updates here about privacy at Apple at least once a year and whenever there are significant changes to our policies.</p>\n<p>A few years ago, users of Internet services began to realize that when an online service is free, you’re not the customer. You’re the product. But at Apple, we believe a great customer experience shouldn’t come at the expense of your privacy.</p>\n<p>Our business model is very straightforward: We sell great products. We don’t build a profile based on your email content or web browsing habits to sell to advertisers. We don’t “monetize” the information you store on your iPhone or in iCloud. And we don’t read your email or your messages to get information to market to you. Our software and services are designed to make our devices better. Plain and simple.</p>\n<p>One very small part of our business does serve advertisers, and that’s iAd. We built an advertising network because some app developers depend on that business model, and we want to support them as well as a free iTunes Radio service. iAd sticks to the same privacy policy that applies to every other Apple product. It doesn’t get data from Health and HomeKit, Maps, Siri, iMessage, your call history, or any iCloud service like Contacts or Mail, and you can always just opt out altogether.</p>\n<p>Finally, I want to be absolutely clear that we have never worked with any government agency from any country to create a backdoor in any of our products or services. We have also never allowed access to our servers. And we never will.</p>\n<p>Our commitment to protecting your privacy comes from a deep respect for our customers. We know that your trust doesn’t come easy. That’s why we have and always will work as hard as we can to earn and keep it.</p>\n<p><strong>Tim Cook</strong><br /><span class=\"attribution-title\">CEO, Apple Inc.</span></p>','en'),(2,190,'Конфиденциальность','','<h1 class=\"hero-headline\">Политика конфиденциальности Apple</h1>\n<p>Компания Apple очень дорожит вашим доверием. И мы уважаем ваше право на защиту личных данных. Чтобы обеспечить конфиденциальность, мы используем надёжное шифрование и выполняем строгие правила, которые применяются при обработке любой информации.</p>\n<p>Безопасность и конфиденциальность лежат в основе всех наших устройств, приложений и служб, включая iCloud и новые сервисы, такие как Apple Pay. И мы продолжаем совершенствовать средства защиты. Так, все данные, которые хранятся в iCloud или синхронизируются через него, теперь защищаются при помощи проверки подлинности в два этапа. Мы всем рекомендуем пользоваться ей и обязательно хранить в тайне Apple ID и пароль.</p>\n<p>Мы считаем своей обязанностью заранее предупреждать вас о том, что может случиться с вашей личной информацией, и получать согласие на предоставление этих данных. А если вы передумаете, то в любой момент сможете отключить передачу личных данных. По этому принципу работает каждый продукт Apple. Если мы запрашиваем ваши данные, то только для того, чтобы вам было проще и удобнее пользоваться нашей продукцией.</p>\n<p>Мы создали этот веб-сайт, чтобы объяснить вам, как и почему мы используем личную информацию, какие сведения мы собираем, а какие нет. Мы обязательно будем обновлять текст Политики конфиденциальности на этом сайте как минимум раз в год, а также при внесении любых существенных изменений.</p>\n<p>Несколько лет назад пользователи некоторых интернет-сервисов стали замечать, что из клиентов они превращаются в товар. Мы в Apple убеждены, что высокое качество обслуживания не должно достигаться в ущерб конфиденциальности.</p>\n<p>Модель нашего бизнеса крайне проста: мы продаём отличные продукты. Мы не создаём досье на основе переписки, истории просмотра веб-сайтов и других действий, и мы никогда не выставим на продажу данные своих пользователей. Мы не пытаемся заработать на информации, которую вы храните на iPad и в iCloud. И мы не читаем вашу почту и сообщения, чтобы показывать вам рекламу. Наше программное обеспечение и услуги созданы для вашего удобства. И ни для чего другого.</p>\n<p>Единственное, что мы делаем для рекламодателей — это iAd. Мы создали рекламную сеть, потому что некоторые разработчики зависят от такой модели ведения бизнеса, и нам хотелось бы их поддержать. То же самое можно сказать про бесплатную службу iTunes Radio. iAd подчиняется той же политике безопасности, что и все остальные решения Apple. Она не получает информацию от приложений Здоровье, HomeKit, Карты, Siri и iMessage, не имеет доступа к истории звонков, не подключается к таким службам iCloud, как Контакты или Mail, и так далее. И вы можете полностью от неё отказаться в любой момент.</p>\n<p>Наконец, я хотел бы прямо заявить, что мы никогда не сотрудничали с государственными органами каких бы то ни было стран на предмет создания «лазеек» в наших продуктах и службах. Мы никогда не давали доступа к нашим серверам. И обязуемся не делать этого в будущем.</p>\n<p>Мы защищаем вашу личную информацию, потому что уважаем вас. Мы знаем, как непросто заслужить доверие. И именно поэтому мы всегда будем делать всё возможное, чтобы не утратить его.</p>\n<p><strong>Тим Кук</strong><br /><span class=\"attribution-title\">Генеральный директор Apple Inc.</span></p>','ru'),(3,191,'Конфиденциальность','','<h1 class=\"hero-headline\">Политика конфиденциальности Apple</h1>\n<p>Компания Apple очень дорожит вашим доверием. И мы уважаем ваше право на защиту личных данных. Чтобы обеспечить конфиденциальность, мы используем надёжное шифрование и выполняем строгие правила, которые применяются при обработке любой информации.</p>\n<p>Безопасность и конфиденциальность лежат в основе всех наших устройств, приложений и служб, включая iCloud и новые сервисы, такие как Apple Pay. И мы продолжаем совершенствовать средства защиты. Так, все данные, которые хранятся в iCloud или синхронизируются через него, теперь защищаются при помощи проверки подлинности в два этапа. Мы всем рекомендуем пользоваться ей и обязательно хранить в тайне Apple ID и пароль.</p>\n<p>Мы считаем своей обязанностью заранее предупреждать вас о том, что может случиться с вашей личной информацией, и получать согласие на предоставление этих данных. А если вы передумаете, то в любой момент сможете отключить передачу личных данных. По этому принципу работает каждый продукт Apple. Если мы запрашиваем ваши данные, то только для того, чтобы вам было проще и удобнее пользоваться нашей продукцией.</p>\n<p>Мы создали этот веб-сайт, чтобы объяснить вам, как и почему мы используем личную информацию, какие сведения мы собираем, а какие нет. Мы обязательно будем обновлять текст Политики конфиденциальности на этом сайте как минимум раз в год, а также при внесении любых существенных изменений.</p>\n<p>Несколько лет назад пользователи некоторых интернет-сервисов стали замечать, что из клиентов они превращаются в товар. Мы в Apple убеждены, что высокое качество обслуживания не должно достигаться в ущерб конфиденциальности.</p>\n<p>Модель нашего бизнеса крайне проста: мы продаём отличные продукты. Мы не создаём досье на основе переписки, истории просмотра веб-сайтов и других действий, и мы никогда не выставим на продажу данные своих пользователей. Мы не пытаемся заработать на информации, которую вы храните на iPad и в iCloud. И мы не читаем вашу почту и сообщения, чтобы показывать вам рекламу. Наше программное обеспечение и услуги созданы для вашего удобства. И ни для чего другого.</p>\n<p>Единственное, что мы делаем для рекламодателей — это iAd. Мы создали рекламную сеть, потому что некоторые разработчики зависят от такой модели ведения бизнеса, и нам хотелось бы их поддержать. То же самое можно сказать про бесплатную службу iTunes Radio. iAd подчиняется той же политике безопасности, что и все остальные решения Apple. Она не получает информацию от приложений Здоровье, HomeKit, Карты, Siri и iMessage, не имеет доступа к истории звонков, не подключается к таким службам iCloud, как Контакты или Mail, и так далее. И вы можете полностью от неё отказаться в любой момент.</p>\n<p>Наконец, я хотел бы прямо заявить, что мы никогда не сотрудничали с государственными органами каких бы то ни было стран на предмет создания «лазеек» в наших продуктах и службах. Мы никогда не давали доступа к нашим серверам. И обязуемся не делать этого в будущем.</p>\n<p>Мы защищаем вашу личную информацию, потому что уважаем вас. Мы знаем, как непросто заслужить доверие. И именно поэтому мы всегда будем делать всё возможное, чтобы не утратить его.</p>\n<p><strong>Тим Кук</strong><br /><span class=\"attribution-title\">Генеральный директор Apple Inc.</span></p>','ru'),(4,191,'Privacy','','<h1 class=\"hero-headline\">Apple’s commitment to your privacy</h1>\n<p>At Apple, your trust means everything to us. That’s why we respect your privacy and protect it with strong encryption, plus strict policies that govern how all data is handled.</p>\n<p>Security and privacy are fundamental to the design of all our hardware, software, and services, including iCloud and new services like Apple Pay. And we continue to make improvements. Two-step verification, which we encourage all our customers to use, in addition to protecting your Apple ID account information, now also protects all of the data you store and keep up to date with iCloud.</p>\n<p>We believe in telling you up front exactly what’s going to happen to your personal information and asking for your permission before you share it with us. And if you change your mind later, we make it easy to stop sharing with us. Every Apple product is designed around those principles. When we do ask to use your data, it’s to provide you with a better user experience.</p>\n<p>We’re publishing this website to explain how we handle your personal information, what we do and don’t collect, and why. We’re going to make sure you get updates here about privacy at Apple at least once a year and whenever there are significant changes to our policies.</p>\n<p>A few years ago, users of Internet services began to realize that when an online service is free, you’re not the customer. You’re the product. But at Apple, we believe a great customer experience shouldn’t come at the expense of your privacy.</p>\n<p>Our business model is very straightforward: We sell great products. We don’t build a profile based on your email content or web browsing habits to sell to advertisers. We don’t “monetize” the information you store on your iPhone or in iCloud. And we don’t read your email or your messages to get information to market to you. Our software and services are designed to make our devices better. Plain and simple.</p>\n<p>One very small part of our business does serve advertisers, and that’s iAd. We built an advertising network because some app developers depend on that business model, and we want to support them as well as a free iTunes Radio service. iAd sticks to the same privacy policy that applies to every other Apple product. It doesn’t get data from Health and HomeKit, Maps, Siri, iMessage, your call history, or any iCloud service like Contacts or Mail, and you can always just opt out altogether.</p>\n<p>Finally, I want to be absolutely clear that we have never worked with any government agency from any country to create a backdoor in any of our products or services. We have also never allowed access to our servers. And we never will.</p>\n<p>Our commitment to protecting your privacy comes from a deep respect for our customers. We know that your trust doesn’t come easy. That’s why we have and always will work as hard as we can to earn and keep it.</p>\n<p><strong>Tim Cook</strong><br /><span class=\"attribution-title\">CEO, Apple Inc.</span></p>','en');
/*!40000 ALTER TABLE `xlite_product_tab_translations` ENABLE KEYS */;
UNLOCK TABLES;

--
-- Table structure for table `xlite_product_tabs`
--

DROP TABLE IF EXISTS `xlite_product_tabs`;
/*!40101 SET @saved_cs_client     = @@character_set_client */;
/*!40101 SET character_set_client = utf8 */;
CREATE TABLE `xlite_product_tabs` (
  `id` int(10) unsigned NOT NULL AUTO_INCREMENT,
  `product_id` int(10) unsigned DEFAULT NULL,
  `global_tab_id` int(10) unsigned DEFAULT NULL,
  `position` int(11) NOT NULL,
  `enabled` tinyint(1) NOT NULL,
  `link` varchar(255) COLLATE utf8_unicode_ci DEFAULT NULL,
  PRIMARY KEY (`id`),
  UNIQUE KEY `product_global_tab` (`product_id`,`global_tab_id`),
  KEY `IDX_F5B7716D4584665A` (`product_id`),
  KEY `IDX_F5B7716D629D8673` (`global_tab_id`),
  CONSTRAINT `FK_F5B7716D4584665A` FOREIGN KEY (`product_id`) REFERENCES `xlite_products` (`product_id`) ON DELETE CASCADE,
  CONSTRAINT `FK_F5B7716D629D8673` FOREIGN KEY (`global_tab_id`) REFERENCES `xlite_global_product_tabs` (`id`) ON DELETE CASCADE
) ENGINE=InnoDB AUTO_INCREMENT=444 DEFAULT CHARSET=utf8 COLLATE=utf8_unicode_ci;
/*!40101 SET character_set_client = @saved_cs_client */;

--
-- Dumping data for table `xlite_product_tabs`
--

LOCK TABLES `xlite_product_tabs` WRITE;
/*!40000 ALTER TABLE `xlite_product_tabs` DISABLE KEYS */;
INSERT INTO `xlite_product_tabs` VALUES (1,1,5,-10,1,NULL),(2,2,5,-10,1,NULL),(3,3,5,-10,1,NULL),(4,4,5,-10,1,NULL),(5,5,5,-10,1,NULL),(6,6,5,-10,1,NULL),(7,7,5,-10,1,NULL),(8,8,5,-10,1,NULL),(9,9,5,-10,1,NULL),(10,10,5,-10,1,NULL),(11,11,5,-10,1,NULL),(12,12,5,-10,1,NULL),(13,13,5,-10,1,NULL),(14,14,5,-10,1,NULL),(15,15,5,-10,1,NULL),(16,16,5,-10,1,NULL),(17,17,5,-10,1,NULL),(18,18,5,-10,1,NULL),(19,19,5,-10,1,NULL),(20,20,5,-10,1,NULL),(21,21,5,-10,1,NULL),(22,22,5,-10,1,NULL),(23,23,5,-10,1,NULL),(24,24,5,-10,1,NULL),(25,25,5,-10,1,NULL),(26,26,5,-10,1,NULL),(27,27,5,-10,1,NULL),(28,28,5,-10,1,NULL),(29,29,5,-10,1,NULL),(30,30,5,-10,1,NULL),(31,31,5,-10,1,NULL),(32,32,5,-10,1,NULL),(33,33,5,-10,1,NULL),(34,34,5,-10,1,NULL),(35,35,5,-10,1,NULL),(36,36,5,-10,1,NULL),(37,37,5,-10,1,NULL),(38,38,5,-10,1,NULL),(39,39,5,-10,1,NULL),(40,40,5,-10,1,NULL),(41,41,5,-10,1,NULL),(42,42,5,-10,1,NULL),(43,43,5,-10,1,NULL),(44,44,5,-10,1,NULL),(45,45,5,-10,1,NULL),(46,46,5,-10,1,NULL),(47,47,5,-10,1,NULL),(48,48,5,-10,1,NULL),(49,49,5,-10,1,NULL),(50,50,5,-10,1,NULL),(64,1,6,-10,1,NULL),(65,2,6,-10,1,NULL),(66,3,6,-10,1,NULL),(67,4,6,-10,1,NULL),(68,5,6,-10,1,NULL),(69,6,6,-10,1,NULL),(70,7,6,-10,1,NULL),(71,8,6,-10,1,NULL),(72,9,6,-10,1,NULL),(73,10,6,-10,1,NULL),(74,11,6,-10,1,NULL),(75,12,6,-10,1,NULL),(76,13,6,-10,1,NULL),(77,14,6,-10,1,NULL),(78,15,6,-10,1,NULL),(79,16,6,-10,1,NULL),(80,17,6,-10,1,NULL),(81,18,6,-10,1,NULL),(82,19,6,-10,1,NULL),(83,20,6,-10,1,NULL),(84,21,6,-10,1,NULL),(85,22,6,-10,1,NULL),(86,23,6,-10,1,NULL),(87,24,6,-10,1,NULL),(88,25,6,-10,1,NULL),(89,26,6,-10,1,NULL),(90,27,6,-10,1,NULL),(91,28,6,-10,1,NULL),(92,29,6,-10,1,NULL),(93,30,6,-10,1,NULL),(94,31,6,-10,1,NULL),(95,32,6,-10,1,NULL),(96,33,6,-10,1,NULL),(97,34,6,-10,1,NULL),(98,35,6,-10,1,NULL),(99,36,6,-10,1,NULL),(100,37,6,-10,1,NULL),(101,38,6,-10,1,NULL),(102,39,6,-10,1,NULL),(103,40,6,-10,1,NULL),(104,41,6,-10,1,NULL),(105,42,6,-10,1,NULL),(106,43,6,-10,1,NULL),(107,44,6,-10,1,NULL),(108,45,6,-10,1,NULL),(109,46,6,-10,1,NULL),(110,47,6,-10,1,NULL),(111,48,6,-10,1,NULL),(112,49,6,-10,1,NULL),(113,50,6,-10,1,NULL),(127,1,7,-10,1,NULL),(128,2,7,-10,1,NULL),(129,3,7,-10,1,NULL),(130,4,7,-10,1,NULL),(131,5,7,-10,1,NULL),(132,6,7,-10,1,NULL),(133,7,7,-10,1,NULL),(134,8,7,-10,1,NULL),(135,9,7,-10,1,NULL),(136,10,7,-10,1,NULL),(137,11,7,-10,1,NULL),(138,12,7,-10,1,NULL),(139,13,7,-10,1,NULL),(140,14,7,-10,1,NULL),(141,15,7,-10,1,NULL),(142,16,7,-10,1,NULL),(143,17,7,-10,1,NULL),(144,18,7,-10,1,NULL),(145,19,7,-10,1,NULL),(146,20,7,-10,1,NULL),(147,21,7,-10,1,NULL),(148,22,7,-10,1,NULL),(149,23,7,-10,1,NULL),(150,24,7,-10,1,NULL),(151,25,7,-10,1,NULL),(152,26,7,-10,1,NULL),(153,27,7,-10,1,NULL),(154,28,7,-10,1,NULL),(155,29,7,-10,1,NULL),(156,30,7,-10,1,NULL),(157,31,7,-10,1,NULL),(158,32,7,-10,1,NULL),(159,33,7,-10,1,NULL),(160,34,7,-10,1,NULL),(161,35,7,-10,1,NULL),(162,36,7,-10,1,NULL),(163,37,7,-10,1,NULL),(164,38,7,-10,1,NULL),(165,39,7,-10,1,NULL),(166,40,7,-10,1,NULL),(167,41,7,-10,1,NULL),(168,42,7,-10,1,NULL),(169,43,7,-10,1,NULL),(170,44,7,-10,1,NULL),(171,45,7,-10,1,NULL),(172,46,7,-10,1,NULL),(173,47,7,-10,1,NULL),(174,48,7,-10,1,NULL),(175,49,7,-10,1,NULL),(176,50,7,-10,1,NULL),(190,29,NULL,0,1,'Privacy'),(191,28,NULL,0,1,'Privacy'),(192,1,1,-80,1,NULL),(193,2,1,-80,1,NULL),(194,3,1,-80,1,NULL),(195,4,1,-80,1,NULL),(196,5,1,-80,1,NULL),(197,6,1,-80,1,NULL),(198,7,1,-80,1,NULL),(199,8,1,-80,1,NULL),(200,9,1,-80,1,NULL),(201,10,1,-80,1,NULL),(202,11,1,-80,1,NULL),(203,12,1,-80,1,NULL),(204,13,1,-80,1,NULL),(205,14,1,-80,1,NULL),(206,15,1,-80,1,NULL),(207,16,1,-80,1,NULL),(208,17,1,-80,1,NULL),(209,18,1,-80,1,NULL),(210,19,1,-80,1,NULL),(211,20,1,-80,1,NULL),(212,21,1,-80,1,NULL),(213,22,1,-80,1,NULL),(214,23,1,-80,1,NULL),(215,24,1,-80,1,NULL),(216,25,1,-80,1,NULL),(217,26,1,-80,1,NULL),(218,27,1,-80,1,NULL),(219,28,1,-80,1,NULL),(220,29,1,-80,1,NULL),(221,30,1,-80,1,NULL),(222,31,1,-80,1,NULL),(223,32,1,-80,1,NULL),(224,33,1,-80,1,NULL),(225,34,1,-80,1,NULL),(226,35,1,-80,1,NULL),(227,36,1,-80,1,NULL),(228,37,1,-80,1,NULL),(229,38,1,-80,1,NULL),(230,39,1,-80,1,NULL),(231,40,1,-80,1,NULL),(232,41,1,-80,1,NULL),(233,42,1,-80,1,NULL),(234,43,1,-80,1,NULL),(235,44,1,-80,1,NULL),(236,45,1,-80,1,NULL),(237,46,1,-80,1,NULL),(238,47,1,-80,1,NULL),(239,48,1,-80,1,NULL),(240,49,1,-80,1,NULL),(241,50,1,-80,1,NULL),(255,1,2,-70,1,NULL),(256,2,2,-70,1,NULL),(257,3,2,-70,1,NULL),(258,4,2,-70,1,NULL),(259,5,2,-70,1,NULL),(260,6,2,-70,1,NULL),(261,7,2,-70,1,NULL),(262,8,2,-70,1,NULL),(263,9,2,-70,1,NULL),(264,10,2,-70,1,NULL),(265,11,2,-70,1,NULL),(266,12,2,-70,1,NULL),(267,13,2,-70,1,NULL),(268,14,2,-70,1,NULL),(269,15,2,-70,1,NULL),(270,16,2,-70,1,NULL),(271,17,2,-70,1,NULL),(272,18,2,-70,1,NULL),(273,19,2,-70,1,NULL),(274,20,2,-70,1,NULL),(275,21,2,-70,1,NULL),(276,22,2,-70,1,NULL),(277,23,2,-70,1,NULL),(278,24,2,-70,1,NULL),(279,25,2,-70,1,NULL),(280,26,2,-70,1,NULL),(281,27,2,-70,1,NULL),(282,28,2,-70,1,NULL),(283,29,2,-70,1,NULL),(284,30,2,-70,1,NULL),(285,31,2,-70,1,NULL),(286,32,2,-70,1,NULL),(287,33,2,-70,1,NULL),(288,34,2,-70,1,NULL),(289,35,2,-70,1,NULL),(290,36,2,-70,1,NULL),(291,37,2,-70,1,NULL),(292,38,2,-70,1,NULL),(293,39,2,-70,1,NULL),(294,40,2,-70,1,NULL),(295,41,2,-70,1,NULL),(296,42,2,-70,1,NULL),(297,43,2,-70,1,NULL),(298,44,2,-70,1,NULL),(299,45,2,-70,1,NULL),(300,46,2,-70,1,NULL),(301,47,2,-70,1,NULL),(302,48,2,-70,1,NULL),(303,49,2,-70,1,NULL),(304,50,2,-70,1,NULL),(318,1,3,-60,1,NULL),(319,2,3,-60,1,NULL),(320,3,3,-60,1,NULL),(321,4,3,-60,1,NULL),(322,5,3,-60,1,NULL),(323,6,3,-60,1,NULL),(324,7,3,-60,1,NULL),(325,8,3,-60,1,NULL),(326,9,3,-60,1,NULL),(327,10,3,-60,1,NULL),(328,11,3,-60,1,NULL),(329,12,3,-60,1,NULL),(330,13,3,-60,1,NULL),(331,14,3,-60,1,NULL),(332,15,3,-60,1,NULL),(333,16,3,-60,1,NULL),(334,17,3,-60,1,NULL),(335,18,3,-60,1,NULL),(336,19,3,-60,1,NULL),(337,20,3,-60,1,NULL),(338,21,3,-60,1,NULL),(339,22,3,-60,1,NULL),(340,23,3,-60,1,NULL),(341,24,3,-60,1,NULL),(342,25,3,-60,1,NULL),(343,26,3,-60,1,NULL),(344,27,3,-60,1,NULL),(345,28,3,-60,1,NULL),(346,29,3,-60,1,NULL),(347,30,3,-60,1,NULL),(348,31,3,-60,1,NULL),(349,32,3,-60,1,NULL),(350,33,3,-60,1,NULL),(351,34,3,-60,1,NULL),(352,35,3,-60,1,NULL),(353,36,3,-60,1,NULL),(354,37,3,-60,1,NULL),(355,38,3,-60,1,NULL),(356,39,3,-60,1,NULL),(357,40,3,-60,1,NULL),(358,41,3,-60,1,NULL),(359,42,3,-60,1,NULL),(360,43,3,-60,1,NULL),(361,44,3,-60,1,NULL),(362,45,3,-60,1,NULL),(363,46,3,-60,1,NULL),(364,47,3,-60,1,NULL),(365,48,3,-60,1,NULL),(366,49,3,-60,1,NULL),(367,50,3,-60,1,NULL),(381,1,4,-30,1,NULL),(382,2,4,-30,1,NULL),(383,3,4,-30,1,NULL),(384,4,4,-30,1,NULL),(385,5,4,-30,1,NULL),(386,6,4,-30,1,NULL),(387,7,4,-30,1,NULL),(388,8,4,-30,1,NULL),(389,9,4,-30,1,NULL),(390,10,4,-30,1,NULL),(391,11,4,-30,1,NULL),(392,12,4,-30,1,NULL),(393,13,4,-30,1,NULL),(394,14,4,-30,1,NULL),(395,15,4,-30,1,NULL),(396,16,4,-30,1,NULL),(397,17,4,-30,1,NULL),(398,18,4,-30,1,NULL),(399,19,4,-30,1,NULL),(400,20,4,-30,1,NULL),(401,21,4,-30,1,NULL),(402,22,4,-30,1,NULL),(403,23,4,-30,1,NULL),(404,24,4,-30,1,NULL),(405,25,4,-30,1,NULL),(406,26,4,-30,1,NULL),(407,27,4,-30,1,NULL),(408,28,4,-30,1,NULL),(409,29,4,-30,1,NULL),(410,30,4,-30,1,NULL),(411,31,4,-30,1,NULL),(412,32,4,-30,1,NULL),(413,33,4,-30,1,NULL),(414,34,4,-30,1,NULL),(415,35,4,-30,1,NULL),(416,36,4,-30,1,NULL),(417,37,4,-30,1,NULL),(418,38,4,-30,1,NULL),(419,39,4,-30,1,NULL),(420,40,4,-30,1,NULL),(421,41,4,-30,1,NULL),(422,42,4,-30,1,NULL),(423,43,4,-30,1,NULL),(424,44,4,-30,1,NULL),(425,45,4,-30,1,NULL),(426,46,4,-30,1,NULL),(427,47,4,-30,1,NULL),(428,48,4,-30,1,NULL),(429,49,4,-30,1,NULL),(430,50,4,-30,1,NULL);
/*!40000 ALTER TABLE `xlite_product_tabs` ENABLE KEYS */;
UNLOCK TABLES;

--
-- Table structure for table `xlite_product_tags`
--

DROP TABLE IF EXISTS `xlite_product_tags`;
/*!40101 SET @saved_cs_client     = @@character_set_client */;
/*!40101 SET character_set_client = utf8 */;
CREATE TABLE `xlite_product_tags` (
  `product_id` int(10) unsigned NOT NULL,
  `tag_id` int(10) unsigned NOT NULL,
  PRIMARY KEY (`product_id`,`tag_id`),
  KEY `IDX_88C085284584665A` (`product_id`),
  KEY `IDX_88C08528BAD26311` (`tag_id`),
  CONSTRAINT `FK_88C085284584665A` FOREIGN KEY (`product_id`) REFERENCES `xlite_products` (`product_id`) ON DELETE CASCADE,
  CONSTRAINT `FK_88C08528BAD26311` FOREIGN KEY (`tag_id`) REFERENCES `xlite_tags` (`id`) ON DELETE CASCADE
) ENGINE=InnoDB DEFAULT CHARSET=utf8 COLLATE=utf8_unicode_ci;
/*!40101 SET character_set_client = @saved_cs_client */;

--
-- Dumping data for table `xlite_product_tags`
--

LOCK TABLES `xlite_product_tags` WRITE;
/*!40000 ALTER TABLE `xlite_product_tags` DISABLE KEYS */;
/*!40000 ALTER TABLE `xlite_product_tags` ENABLE KEYS */;
UNLOCK TABLES;

--
-- Table structure for table `xlite_product_translations`
--

DROP TABLE IF EXISTS `xlite_product_translations`;
/*!40101 SET @saved_cs_client     = @@character_set_client */;
/*!40101 SET character_set_client = utf8 */;
CREATE TABLE `xlite_product_translations` (
  `label_id` int(11) NOT NULL AUTO_INCREMENT,
  `id` int(10) unsigned DEFAULT NULL,
  `ogMeta` longtext COLLATE utf8_unicode_ci,
  `name` varchar(255) COLLATE utf8_unicode_ci NOT NULL,
  `description` longtext COLLATE utf8_unicode_ci NOT NULL,
  `briefDescription` longtext COLLATE utf8_unicode_ci NOT NULL,
  `metaTags` varchar(255) COLLATE utf8_unicode_ci NOT NULL,
  `metaDesc` longtext COLLATE utf8_unicode_ci NOT NULL,
  `metaTitle` varchar(255) COLLATE utf8_unicode_ci NOT NULL,
  `code` char(2) COLLATE utf8_unicode_ci NOT NULL,
  PRIMARY KEY (`label_id`),
  KEY `ci` (`code`,`id`),
  KEY `id` (`id`),
  KEY `name` (`name`),
  CONSTRAINT `FK_F48089BABF396750` FOREIGN KEY (`id`) REFERENCES `xlite_products` (`product_id`) ON DELETE CASCADE
) ENGINE=InnoDB AUTO_INCREMENT=51 DEFAULT CHARSET=utf8 COLLATE=utf8_unicode_ci;
/*!40101 SET character_set_client = @saved_cs_client */;

--
-- Dumping data for table `xlite_product_translations`
--

LOCK TABLES `xlite_product_translations` WRITE;
/*!40000 ALTER TABLE `xlite_product_translations` DISABLE KEYS */;
INSERT INTO `xlite_product_translations` VALUES (1,1,'','Timberland 45th Anniversary','','','','','','en'),(2,2,'','High Top Trainers in Red, Black and White [Tags]','<p><strong>Features:</strong></p><ul><li>Regular Fit</li><li>Leather upper with logo</li><li>Mesh lining</li><li>Foam padded tongue and collar</li><li>Ventilation holes</li><li>Abrasion-resistant rubber outsole</li><li>Leather upper, rubber outsole</li></ul>','<p>This sneaker delivers heritage style with premium materials and responsive cushioning. The red, black and white uppers provide a bold and stylish take on the iconic silhouette. Featuring a high top style, a lace-up front fastening, a round toe and a well padded ankle collar and tongue, this shoe is an ideal companion for sports and day to day wear.<br><br><br></p>','','This sneaker delivers heritage style with premium materials and responsive cushioning. The red, black and white uppers provide a bold and stylish take on the iconic silhouette. Featuring a high top style, a lace-up front fastening, a round toe and a well padded ankle collar and tongue, this shoe is an ideal companion for sports and day to day wear.','','en'),(3,3,'','Beige Sneakers','<p>Lightweight and breathable canvas construction. Vulcanized rubber sole for improved traction. An unmistakable logo patch to complete your look. An ortholite insole cushions each step. Versatile, fashionable, and looking better every time you wear them. &nbsp;</p><p><strong>Features:</strong></p><ul><li>Hi top plimsolls&nbsp;</li><li>Lace-up front</li><li>Embroidered logo to side</li><li>Regular Fit</li><li>Outer: Cotton 100%</li><li>Sole: Rubber 100%</li><li>Lining: Cotton 100%</li></ul>','<p>Beige cotton hi-top sneakers featuring a lace-up front fastening, a round toe, a branded ankle patch and a flat rubber sole.</p>','','Beige cotton hi-top sneakers featuring a lace-up front fastening, a round toe, a branded ankle patch and a flat rubber sole.','','en'),(4,4,'','Platform Brogue-Trim Leather Oxfords in White','<p>Take your style up a notch with these super fashionable platform oxfords. Wear with leggings and an oversized shirt or off-the-shoulder blouse for an on-trend look. Comfortable platform with a non-skid, much lighter than you imagine, manmade sole.</p><p><strong>Features:</strong></p><ul><li>Leather oxford with brogue detail</li><li>Espadrille-inspired platform</li><li>1.25 inch heel</li><li>Round Toe</li><li>Adjustable lace-up closure</li><li>Water resistant</li><li>Leather upper</li><li>Antiskid manmade sole</li></ul>','<p>A mixed-media oxford steals the scene with an espadrille-trimmed platform sole and dramatic brogue detailing on the burnished leather upper.</p>','','A mixed-media oxford steals the scene with an espadrille-trimmed platform sole and dramatic brogue detailing on the burnished leather upper.','','en'),(5,5,'','Grey Knitted Trainers','<p>This shoe hits the sweet spot of effortless comfort and universal style. Knitted from a lightweight sports-mesh that hugs the foot for a snug fit, with an easy-entry collar shaped to perfection cushioned with the lightweight EVA midsole and finished with a flexible rubber outsole for excellent grip in any conditions, this shoe has delighted many a runner who just want a shoe that feels indulgent on their foot.&nbsp;</p><p><strong>Features:</strong></p><ul><li>Regular Fit</li><li>Knit textile upper</li><li>EVA midsole</li><li>Flexible rubber outsole</li></ul>','<p>Designed with your comfort in mind, a pair of knitted trainers is a go to for any day! &nbsp;</p>','','Designed with your comfort in mind, a pair of knitted trainers is a go to for any day! &nbsp;','','en'),(6,6,'','Lace-Up Boots in Light Brown','<p>Waterproof, rugged, built for comfort and traction, these boots can go all day and will only look better with age.&nbsp;</p><p><strong>Features:</strong></p><ul><li>Premium leather upper</li><li>Seam-sealed waterproof construction</li><li>400 gram synthetic insulation</li><li>Padded collar</li><li>Leather lining</li><li>Flexible forefoot construction</li><li>Anti-fatigue midsole and footbed</li><li>Rubber lug outsole</li></ul>','<p>Insulated waterproof boots for your next adventure.</p>','','Insulated waterproof boots for your next adventure.','','en'),(7,7,'','Boyfriend T-Shirt with Chest Logo','<p>A wardrobe must-have, this crewneck tee features a comfortable cotton blend and a straight hem for easy, everyday wear. Think baggy and casual. Wear it again and again.</p>','','','A wardrobe must-have, this crewneck tee features a comfortable cotton blend and a straight hem for easy, everyday wear. Think baggy and casual. Wear it again and again.','','en'),(8,8,'','Pink Sneakers with White Soles','<p>Low-top silhouette with a durable canvas upper. &nbsp;Lace-up front with flat cotton laces. Round toe. Lightly padded tongue and collar. Vulcanized sole with high-wall foxings. Premium cushioned flexible sole. &nbsp;</p><p><strong>Features:</strong></p><ul><li>Regular Fit</li><li>Lace-up construction</li><li>Textile upper</li><li>Flexible rubber outsole</li></ul>','<p>Timeless low top sneakers in pink. &nbsp;</p>','','Timeless low top sneakers in pink. &nbsp;','','en'),(9,9,'','White Lace-Up Mesh Trainers','<p>This pair is perfect for a variety of workouts in and out of the gym. School, play, travel, jogging, running - you name it! A great gift for a sporty girl.</p><p><strong>Features:</strong></p><ul><li>Lightweight</li><li>Mesh textile upper</li><li>Flexible shock absorbing EVA midsole</li><li>Rugged and durable outsole for long lasting traction</li></ul>','<p>Breathable soft knit mesh sneakers for sports and more.</p>','','Breathable soft knit mesh sneakers for sports and more.','','en'),(10,10,'','Caged Cutout Sandals in Gold','<p>These sandals feature an exquisite cut-out design on the upper and high heels to showcase your unique sense of style. This time made with a gold finish to give this piece a sleek and refined look. &nbsp;</p><p><strong>Features:</strong></p><ul><li>Vegan-friendly leather with geometric cutout design</li><li>Adjustable buckle closure at ankle</li><li>Open toe</li><li>Stiletto heel</li><li>Heel height: 3 <sup>1</sup>&frasl;<sub>2</sub> in</li></ul>','<p>More feminine, more refined, more fun!</p>','','More feminine, more refined, more fun!','','en'),(11,11,'','Green Flat Slingback Sandals','<p>Quality made with premium elastic fabric, these strappy open toe sandals are a HOT TREND! Designed for all day comfort, they keep you moving while looking effortlessly stylish.&nbsp;</p><p><strong>Features:</strong></p><ul><li>Open toe sandal</li><li>Medium Width</li><li>Lightweight&nbsp;</li><li>Textile and synthetic leather upper</li><li>Soft rubber sole</li></ul>','<p>With the rubber sole and wide elastic straps hugging your foot, these open toe sandals are made for walking.</p>','','With the rubber sole and wide elastic straps hugging your foot, these open toe sandals are made for walking.','','en'),(12,12,'','Waist Tie Dress in Blue and White Stripe','<p>Crafted in a lightweight blend of linen and cotton and finished with muted stripes, this dress is an everyday piece that is perfect for long, sunny days.</p>','','','Crafted in a lightweight blend of linen and cotton and finished with muted stripes, this dress is an everyday piece that is perfect for long, sunny days.','','en'),(13,13,'','Ultimate T-Shirt with Crew Neck in Red','<p><br></p><ul><li>Crew neck</li><li>Short sleeves</li><li>Regular fit</li><li>100% Cotton</li></ul>','<p>Another stylish addition your wardrobe. This crew-neck tee was designed specifically for a fashionable, comfortable, feminine look.</p>','','Another stylish addition your wardrobe. This crew-neck tee was designed specifically for a fashionable, comfortable, feminine look.','','en'),(14,14,'','Multicolored Dress with Balloon Sleeves [Options & Attributes]','<ul><li>Round neck</li><li>Dropped shoulders</li><li>Balloon sleeves</li><li>Don&#39;t worry, you won&rsquo;t float away</li><li>Fitted cuffs&nbsp;</li><li>Relaxed fit</li><li>Loose but not oversized</li><li>100% Polyester</li></ul>','<p>Cute, right? Bright floral print in relaxed fit. Throw on a black leather jacket and wrap a belt around the waist &nbsp;and you&#39;re ready for a night out.</p>','','Cute, right? Bright floral print in relaxed fit. Throw on a black leather jacket and wrap a belt around the waist &nbsp;and you&#39;re ready for a night out.','','en'),(15,15,'','Tall Pleated Midi Skirt in Check','<ul><li>High rise</li><li>Just like your standards</li><li>Pleated design</li><li>Regular cut</li><li>Fits you just right</li><li>Lightweight knit. The kind that doesn&#39;t stretch</li><li>100% Polyester</li></ul>','<p>Suitable for spring, summer and autumn. You can&#39;t miss such a charming skirt in your wardrobe.<br>Besides, you can dress it up with heels, or dress it down with sandals and t-shirt for a more casual look.</p><p><br></p><p><br></p>','','Suitable for spring, summer and autumn. You can&#39;t miss such a charming skirt in your wardrobe. Besides, you can dress it up with heels, or dress it down with sandals and t-shirt for a more casual look.','','en'),(16,16,'','Sleeved Mini Dress in Color Block','<ul><li>Color-block design</li><li>55% Polyester, 45% Cotton</li><li>Round neck</li><li>Shift design</li><li>Regular cut</li><li>Fits you just right</li></ul>','<p>An easy way to wear more color - 3-in-1 mini dress in modern color block design. Sleeves are non-detachable and can be completely unzipped to show that extra skin.&nbsp;</p>','','An easy way to wear more color - 3-in-1 mini dress in modern color block design. Sleeves are non-detachable and can be completely unzipped to show that extra skin.&nbsp;','','en'),(17,17,'','Tall Slim Fit T-Shirt in White','<ul><li>Throw on and go</li><li>Crew neck</li><li>Short sleeves</li><li>Plain design</li><li>Slim fit</li><li>100% Cotton.</li></ul>','<p>This classic tee features all-cotton construction and a tag-free crew neckline for comfort. Affordable, high-quality, and long-lasting everyday clothing you can rely on.</p>','','This classic tee features all-cotton construction and a tag-free crew neckline for comfort. Affordable, high-quality, and long-lasting everyday clothing you can rely on.','','en'),(18,18,'','Skinny Western Denim Jacket in Light Blue Wash','<p>The original jean jacket since 1962, this denim trucker jacket is fit for anything. This classic trucker features a standard regular fit with a hem that hits below the waist and welt hand pockets.</p>','','','The original jean jacket since 1962, this denim trucker jacket is fit for anything. This classic trucker features a standard regular fit with a hem that hits below the waist and welt hand pockets.','','en'),(19,19,'','Oversized Hoodie in Grey','<p>An oversized hoodie in grey for your chill days. &nbsp;More style for your money, with drawstring hood, fitted trims and dropped shoulders. Part of the Eco Edit. </p>','','','An oversized hoodie in grey for your chill days. &nbsp;More style for your money, with drawstring hood, fitted trims and dropped shoulders. Part of the Eco Edit.','','en'),(20,20,'','Hooded Anorak Jacket in Black','<p>This wind- and water-resistant jacket is a versatile, all-season piece with an impeccable fit built to keep you protected in milder weather and layer under shells and jackets for bonus warmth in more severe conditions.</p>','','','This wind- and water-resistant jacket is a versatile, all-season piece with an impeccable fit built to keep you protected in milder weather and layer under shells and jackets for bonus warmth in more severe conditions.','','en'),(21,21,'','Leather Mini Tote Bag with Rose and Girl Print in Red','<p><br></p><ul><li>Grab handle</li><li>Detachable straps</li><li>Flap-top closure</li><li>Avoid contact with liquids</li></ul>','','','Grab handle Detachable straps Flap-top closure Avoid contact with liquids','','en'),(22,22,'','Mesh Strap Watch in Gold','<ul><li>Stainless-steel mesh strap</li><li>Gold-tone case</li><li>Three hand movement</li><li>Dash indices</li><li>Single crown to side</li><li>Presented in a branded gift-box</li></ul>','<p>Elegant, flawlessly feminine and easy to read with a large polished goldtone dial. Let your wrist do the talking.</p>','','Elegant, flawlessly feminine and easy to read with a large polished goldtone dial. Let your wrist do the talking.','','en'),(23,23,'','Square Glasses in Black with Clear Lens','<p>Frame: 100% Plastic, Lens: 100% Plastic.</p>','<p>Whether you are looking for reading glasses for the office or home. These reading glasses will provide you with the best service and the premium protection you are looking for.</p><p>Square frames. Moulded nose pads for added comfort. Clear lenses. Tapered arms with curved temple tips for a secure fit.&nbsp;</p><p>Cloth sunglasses pouch can be used as a lens wipe.</p><p><br></p>','','Whether you are looking for reading glasses for the office or home. These reading glasses will provide you with the best service and the premium protection you are looking for. Square frames. Moulded nose pads for added comfort. Clear lenses. Tapered arms with curved temple tips for a secure fit.&nbsp; Cloth sunglasses pouch can be used as a lens wipe.','','en'),(24,24,'','Chain Drop Earrings in Gold Tone','<p><br></p><ul><li>Drop design</li><li>Tiered hoops</li><li>Connecting chains</li><li>All earrings are non-returnable</li></ul>','<p>For all-day-everyday use. Just give them a wipe to clean.</p>','','For all-day-everyday use. Just give them a wipe to clean.','','en'),(25,25,'','Rooster Mug in White [Related products]','<p>For your AM coffee and PM tea break. Regular size. Silver-tone trims.</p>','','','For your AM coffee and PM tea break. Regular size. Silver-tone trims.','','en'),(26,26,'','Festival Braslet Pack in Gold Tone','<p>We know you like options. With the combination of woven design and polished shiny surface, this bracelet is just the thing to make any woman feel special. An elegant and generous visual enjoyment for you and the ones you love.</p>','','','We know you like options. With the combination of woven design and polished shiny surface, this bracelet is just the thing to make any woman feel special. An elegant and generous visual enjoyment for you and the ones you love.','','en'),(27,27,'','Samsung - Galaxy S6 Edge Plus 4g LTE with 32gb Memory Cell Phone','<ul><li>Wireless Compatibility - Wireless A|Wireless G|Wireless N|Wireless AC|Wireless B</li><li>Screen Size - 5.7 inches</li><li>Android 5.1.1 Lollipop</li><li>Internal Memory - 32 gigabytes</li></ul>','','','Wireless Compatibility - Wireless A|Wireless G|Wireless N|Wireless AC|Wireless B Screen Size - 5.7 inches Android 5.1.1 Lollipop Internal Memory - 32 gigabytes','','en'),(28,28,'','Apple iPhone 8 Plus, 64GB','<div data-cel-widget=\"productDescription_feature_div\" data-feature-name=\"productDescription\"><div data-cel-widget=\"productDescription_feature_div\" data-feature-name=\"productDescription\" data-template-name=\"productDescription\"><br></div></div><ul><li>5.5-inch (diagonal) widescreen LCD Multi-Touch display with IPS technology - 1920-by-1080-pixel resolution at 401 ppiA11 Bionic chip with 64-bit architecture, Neural engine, Embedded M11 motion coprocessor</li><li>12MP wide-angle and telephoto camera, 7MP FaceTime HD Camera</li><li>Splash, water, and dust resistant</li></ul>','<p>Designed with most durable glass and a stronger aerospace-grade aluminum band. Charges wirelessly. Resists water and dust. 5.5-inch Retina HD display with True Tone. 12MP dual cameras offer improved Portrait mode and new Portrait Lighting. Powered by A11 Bionic, a most powerful smartphone chip.</p>','','Designed with most durable glass and a stronger aerospace-grade aluminum band. Charges wirelessly. Resists water and dust. 5.5-inch Retina HD display with True Tone. 12MP dual cameras offer improved Portrait mode and new Portrait Lighting. Powered by A11 Bionic, a most powerful smartphone chip.','','en'),(29,29,'','Apple iPhone X [Options & Attributes] [Custom tabs]','<ul><li>An all-new 5.8-inch Super Retina screen with all-screen OLED Multi-Touch display</li><li>12MP wide-angle and telephoto cameras with Dual optical image stabilization</li><li>Wireless Qi charging</li></ul>','<div data-cel-widget=\"productDescription_feature_div\" data-feature-name=\"productDescription\"><div data-cel-widget=\"productDescription_feature_div\" data-feature-name=\"productDescription\" data-template-name=\"productDescription\"><p>iPhone that is entirely screen. One so immersive the device itself disappears into the experience. And so intelligent it can respond to a tap, your voice, and even a glance. With iPhone X, that vision is now a reality. Say hello to the future.</p></div></div><div data-cel-widget=\"renewedProgramDescriptionBtf_feature_div\" data-feature-name=\"renewedProgramDescriptionBtf\"><br></div>','','iPhone that is entirely screen. One so immersive the device itself disappears into the experience. And so intelligent it can respond to a tap, your voice, and even a glance. With iPhone X, that vision is now a reality. Say hello to the future.','','en'),(30,30,'','Apple Watch Series 3 (GPS, 38mm)','<table><tbody><tr><td style=\"width: 12.5352%;\"><p>Connectivity</p></td><td style=\"width: 87.3944%;\"><p>Wi-Fi (802.11b/g/n 2.4GHz), Bluetooth 4.2</p></td></tr><tr><td style=\"width: 12.5352%;\"><p>Power</p></td><td style=\"width: 87.3944%;\"><p>Up to 18 hours of battery life</p></td></tr><tr><td style=\"width: 12.5352%;\"><p>Width</p></td><td style=\"width: 87.3944%;\"><p>33.3mm</p></td></tr><tr><td style=\"width: 12.5352%;\"><p>Depth</p></td><td style=\"width: 87.3944%;\"><p>11.4mm</p></td></tr><tr><td style=\"width: 12.5352%;\"><p>Case Weight</p></td><td style=\"width: 87.3944%;\"><p>36.7g</p></td></tr></tbody></table><table><tbody><tr><td><p>Case Size</p></td><td><p>38mm, 42mm</p></td></tr><tr><td><p>Features</p></td><td><p>GLONASS, Galileo, and QZSS, Barometric altimeter, Optical heart sensor, Accelerometer and gyroscope, Ion-X strengthened glass, Composite back</p></td></tr><tr><td><p>Whats in the box</p></td><td><p>Case, Band (either S/M or M/L length), 1m Magnetic Charging Cable</p></td></tr></tbody></table><p><br></p><p><br></p><p><br></p>','<ul><li>GPS</li><li>Optical heart sensor</li><li>Digital Crown</li><li>S3 with dual-core processor</li><li>Accelerometer and gyroscope</li><li>Swim proof</li><li>watchOS 5</li><li>Aluminum case</li></ul>','','GPS Optical heart sensor Digital Crown S3 with dual-core processor Accelerometer and gyroscope Swim proof watchOS 5 Aluminum case','','en'),(31,31,'','Google Home Mini [Attributes & Options]','<p>A new Google smart speaker in mini format that shrinks down all the intelligence into a cheaper, smaller package.&nbsp;</p><p>A wifi-connected smart speaker that looks like a small fabric-covered pin cushion. It comes in a grey, black or coral with a colour-matched plastic base and rubber foot to keep it from sliding about when you prod it.</p>','','','A new Google smart speaker in mini format that shrinks down all the intelligence into a cheaper, smaller package.&nbsp; A wifi-connected smart speaker that looks like a small fabric-covered pin cushion. It comes in a grey, black or coral with a colour-matched plastic base and rubber foot to keep it from sliding about when you prod it.','','en'),(32,32,'','Fitness Tracker Smart Watch','<ul><li>Multifunction Smart Watch: The fitness tracker smart watch has data and 12/24H time display, Accurate heart rate, Blood pressure monitor, Sleep monitor, Auto pedometer, brightness adjustment, Weather, Clock alarm, Stopwatch, Sedentary reminder, Remote camera control, Music control, Find phone, Incoming call and SMS reminder, Message reminder etc.</li><li>Heart Rate Monitor &amp; Blood Pressure Fitness Tracker: Enter the watch face and long pressing the control area. Wait a moment about 30 seconds, then you can read the real time heart rate/blood pressure/blood oxygen data in the watch face. You can set the automatic heart rate monitor in the app. The history heart rate, blood pressure and blood oxygen details data are Available in the app.</li><li>IP67 Waterproof and Sleep tracking: The smart fitness tracker meets the international IP67 waterproof and dust proof standard. But we don&rsquo;t recommend to wear the fitness tracker while swimming or taking a shower; Comprehensively analyze data such as sleep duration, sleep depth and wakefulness sleep, guide you to improve sleep quality</li><li>See Calls &amp; Messages on Your Wrist: Receive call, SMS and SNS (Facebook, WhatsApp, LinkedIn, Instagram, and Twitter) notifications on display; Support system iOS 9.0 or above, Android 4.4 or above.(not for PC, iPad or Tablet).</li><li>Special Powerful Functions and Warranty:Weather forecast function, Music Player, Remote Camera Function, Change the Screen Brightness function and more other functions are available. 3-Months Warranty is Provided by Teamyo fitness tracker. Please feel free to contact us if you have any problem about our product, and we will response to you as soon as possible with full enthusiasm.</li></ul><p><strong>Warm Notes:</strong></p><p><strong>1. Compatibility:</strong> This fitness watch can be used with both Android and IOS system,Compatible with Android 4.4 or above, IOS 9 or above.Compatible with with bluetooth 4.0 or above.<br><strong>2. Waterproof Grade:</strong> IP67 Life Waterproof Grade. IP67 Waterproof resistant for sweat, rain, splash proof. Not recommend wear the fitness tracker when swimming or Take a shower.<br><strong>3. Charging cable:</strong> The smart watch is packed in a beautiful box. Please kindly find the charging cable under the box. Charge the fitness watch about 2 hours before firstly use.</p>','<h2><span style=\"font-size: 14px; font-family: Arial, Helvetica, sans-serif; color: rgb(128, 128, 128);background-color: rgb(255, 255, 255);\">A modern waterproof a</span><span style=\"color: rgb(204, 204, 204);\"><span style=\"background-color: rgb(255, 255, 255);\"><a href=\"https://www.amazon.com/Activity-Waterproof-Pressure-Pedometer-V11-gray/dp/B07PNMRBJY/ref=sr_1_5?keywords=smart+watch&qid=1560875842&s=gateway&sr=8-5\"></a></span></span><span style=\"color: rgb(124, 112, 107);\"><span style=\"font-size: 14px; font-family: Arial, Helvetica, sans-serif; background-color: rgb(255, 255, 255);\">ctivity tracker with heart rate monitor and blood pressure, step and calorie counter. Pedometer watch for women and men.&nbsp;</span></span><span style=\"color: rgb(204, 204, 204);\"><span style=\"background-color: rgb(255, 255, 255);\"><a href=\"https://www.amazon.com/Activity-Waterproof-Pressure-Pedometer-V11-gray/dp/B07PNMRBJY/ref=sr_1_5?keywords=smart+watch&qid=1560875842&s=gateway&sr=8-5\"></a></span></span></h2>','','A modern waterproof a ctivity tracker with heart rate monitor and blood pressure, step and calorie counter. Pedometer watch for women and men.&nbsp;','','en'),(33,33,'','Bluetooth Smartwatch with Touch Screen and Fitness Tracker','<p>The perfect companion to keep you organized and productive all day long. Receive one-way notifications for emails, SMS messages, and incoming phone calls (prompting you to take action on your smartphone), as well as alerts for Facebook, Twitter, WhatsApp, LinkedIn, Snap and other mobile apps.</p><p>It counts your steps, measures distance walked and estimate calories burned via a 3-axis accelerometer.<br>Monitor sleep quality and record sleep status data.</p><p>Rain and sweat water-resistant, can&#39;t be used for Hot Water washing and long time soak in water.</p><p>This wearable has an estimated 24-hour battery life. (Note: Battery life varies based on usage.)</p>','','','The perfect companion to keep you organized and productive all day long. Receive one-way notifications for emails, SMS messages, and incoming phone calls (prompting you to take action on your smartphone), as well as alerts for Facebook, Twitter, WhatsApp, LinkedIn, Snap and other mobile apps. It counts your steps, measures distance walked and estimate calories burned via a 3-axis accelerometer. Monitor sleep quality and record sleep status data. Rain and sweat water-resistant, can&#39;t be used for Hot Wat','','en'),(34,34,'','Aster i39 Headphones with Microphone','<ul><li>Microphone, Foldabe, Stereo, Portable, Lightweight</li><li>Weight - 6.6 ounces</li><li>Dimentions - 8.3 x 7.1 x 3.5 in</li></ul>','<p>Aster i39 on ear headphones are designed for ultimate comfort when you are travel, hang out, or on a business.</p><p>Take your headphones wherever you go. Just fold them up, twist up the cord, and be on your merry way</p>','','Aster i39 on ear headphones are designed for ultimate comfort when you are travel, hang out, or on a business. Take your headphones wherever you go. Just fold them up, twist up the cord, and be on your merry way','','en'),(35,35,'','Apple AirPods','<p>Unlike traditional, circular earbuds, the design of the EarPods is defined by the geometry of the ear which makes them more comfortable for more people than any other earbud-style headphones. &nbsp;The speakers inside the EarPods have been engineered to maximize sound output and minimize sound loss, which means you get high-quality audio.</p><p>Works with all devices that have a Lightning connector and support iOS 10 or later, including iPod touch, iPad, and iPhone.</p>','','','Unlike traditional, circular earbuds, the design of the EarPods is defined by the geometry of the ear which makes them more comfortable for more people than any other earbud-style headphones. &nbsp;The speakers inside the EarPods have been engineered to maximize sound output and minimize sound loss, which means you get high-quality audio. Works with all devices that have a Lightning connector and support iOS 10 or later, including iPod touch, iPad, and iPhone.','','en'),(36,36,'','Cocooil Body Oil','<p>Formulated with certified fair trade cold pressed organic coconut oil, produced sustainably in the Pacific Islands and supporting local communities. a Provides a luxurious feeling, perfect as your daily moisturiser all year long.</p><p>Ingredients: Helianthus Annuus (Sunflower) Seed Oil, Fair Trade Cold Pressed Organic Cocos Nucifera (Coconut) Oil, Vitas Vinifera (Grape) Seed Oil, Tocopherol.</p><p><strong>Features</strong>:</p><ul><li>Non-greasy body oil</li><li>Hydrating, nourishing and soothing &nbsp;<br><br></li></ul><p><br></p>','<p>This body oil will nourish and protect your skin.</p>','','This body oil will nourish and protect your skin.','','en'),(37,37,'','Maui Moisture','<p>With castor oil &amp; neem oil, this formula helps soften treated, natural, or transitioning hair.</p><p>Ingredients: Aloe Barbadensis Leaf Juice, Water (Aqua), Sodium C14-16 Olefin Sulfonate, Cocamidopropyl Betaine, PPG-2 Hydroxyethyl Coco/Isostearamide, Glycol Distearate, Cocos Nucifera (Coconut) Water, Bambusa Arundinacea Stem Extract, Ricinus Communis (Castor) Seed Oil, Melia Azadirachta Seed Oil, Chamomilla Recutita (Matricaria) Flower Extract, Polyquaternium-10, Cocamidopropyl Hydroxysultaine, Sodium Cocoyl Isethionate, PEG-120 Methyl Glucose Dioleate, Guar Hydroxypropyltrimonium Chloride, Methyl Gluceth-10, Tapioca Starch, Sodium Chloride, Propylene Glycol, Diazolidinyl Urea, Iodopropynyl Butylcarbamate, Fragrance (Parfum).&nbsp;</p><p><strong>Features</strong>:</p><ul><li>Fortifying</li><li>Encourages healthy-looking glow</li><li>Uses sulfate-free surfactants</li></ul>','<p>A lush, strengthening shampoo that helps your hair feel rejuvenated &amp; restored.</p>','','A lush, strengthening shampoo that helps your hair feel rejuvenated &amp; restored.','','en'),(38,38,'','Barth Body Oil','<p>Great for normal, sensitive and inflamed skin. Ideal for skin that needs to be calmed down and regenerated.&nbsp;</p><p><strong>Features</strong>:</p><ul><li>Penetrates the skin without leaving a greasy residue</li><li>Pleasant scent of exotic oils</li><li>Organic</li></ul>','<p>With this amazing oil serum your skin will immediately feel very silky and hydrated.&nbsp;</p>','','With this amazing oil serum your skin will immediately feel very silky and hydrated.&nbsp;','','en'),(39,39,'','Facial Spray','<p>Created with aloe, cucumber and green tee, this spray hydrates, cools and refreshes. Mist over the face before moisturising or throughout the day after makeup, for a quick antioxidant boost.&nbsp;</p><p>Ingredients: Aqua (Water, Eau), Propylene Glycol, Mentha Piperita (Peppermint) Leaf Water, Cucumis Sativus (Cucumber) Fruit Water, Aloe Barbadensis Leaf Juice, Camellia Sinensis Leaf Extract, Cucumis Sativus (Cucumber) Fruit Extract, Fucus Vesiculosus Extract, Propanediol, Polysorbate 20, Ethylhexylglycerin, Benzophenone-4, Parfum (Fragrance), Sodium Chloride, Citric Acid, Potassium Sorbate, Sodium Benzoate, CI 19140 (Yellow 5), CI 42090 (Blue 1), Hexyl Cinnamal, Limonene, Linalool.&nbsp;</p><p><strong>Features</strong>:</p><ul><li>Calms and soothes skin</li><li>Antioxidant</li><li>Organic</li></ul>','<p>A refreshing, hydrating mist for all skin types.</p>','','A refreshing, hydrating mist for all skin types.','','en'),(40,40,'','Red Dior','<p>This limited edition stick delivers all the colour and shine of a lacquer, plus the comfort of a balm, with 6h* of wear and an exceptionally fine texture.&nbsp;</p><p><strong>Features</strong>:</p><ul><li>Liquified shine</li><li>Saturated lip color</li><li>Weightless wear</li></ul>','<p>The new generation of lipstick: as easy to apply as it is to wear.</p>','','The new generation of lipstick: as easy to apply as it is to wear.','','en'),(41,41,'','Pink Unicorn Makeup Brushes','<p>Crafted with the highest quality materials, each brush features whisper-soft synthetic bristles bundled with a gold ferrule. The sleek embellished holder keeps the tools organized in style.</p><p><strong>Features</strong>:</p><ul><li><strong>&nbsp;</strong>Includes 3 makeup brushes and a holder</li><li>Made with synthetic hairs; cruelty free.</li></ul>','<p>Add some pink unicorn glam to your beauty routine! An essential collection of face and eye brushes for a perfected complexion and enchanting eye looks. &nbsp; &nbsp;</p>','','Add some pink unicorn glam to your beauty routine! An essential collection of face and eye brushes for a perfected complexion and enchanting eye looks. &nbsp; &nbsp;','','en'),(42,42,'','Perfect Snacks','<p>Made with freshly ground nut butters and organic honey, this snack bar is a delicious blend of creamy and crunchy with a cookie-dough-like texture. Each bar contains up to 17g of whole food protein.</p><p><strong>Features</strong>:</p><ul><li>A convenient source of vitamins and minerals</li><li>Non-GMO</li><li>Soy Free</li><li>Gluten Free</li><li>Organic</li><li>Kosher</li><li>Made in the USA</li></ul><p><br></p>','<p>Nutritious protein for active lifestyles.</p>','','Nutritious protein for active lifestyles.','','en'),(43,43,'','Blue & Green Matcha','<p>Pure organic matcha, blue and green. All natural weight loss, metabolism booster supplement. Delicious and nutricious. Enhances all day energy, mental clarity and focus. The best coffee substitute that does not give you jitters. Can be used in a variety of recipes for baking, lattes, smoothies, shakes, icecream and other foods.</p><p><strong>Features</strong>:</p><ul><li>Powerful antioxidant</li><li>Certified organic</li><li>Vegan</li><li>Non-GMO</li></ul>','<h4><span style=\"font-size: 14px; color: rgb(128, 128, 128);\">Give matcha a try and be amazed.</span></h4><p><br></p><p><br></p>','','Give matcha a try and be amazed.','','en'),(44,44,'','Chia Seed','<p>A rich source of protein, fiber, antioxidants, essential omega-3 fatty acids and minerals (magnesium, calcium, potassium, phosphorous). An ideal addition to vegetarian, vegan, whole food, paleo, ketogenic, and gluten-free diets. Can be consumed and digested whole. Add a healthful gourmet flair to salads, snacks, soups, and baked goods, or soak them for a satisfying pudding or gel.</p><p><strong>Features</strong>:</p><ul><li>Certified organic&nbsp;</li><li>Non-GMO&nbsp;</li><li>BPA-free packaging</li></ul>','<p>Organic superfood.</p>','','Organic superfood.','','en'),(45,45,'','Probiotic and Omega 3, 6, 9 Supplement','<p>Boost your energy, immune system and cognitive function by providing friendly bacteria for the digestive system and the Omega fatty acids for your brain. Each day, either morning or evening, take one capsule with a glass of water. Consistency is key.</p><p><strong>Features</strong>:</p><ul><li>Non-GMO</li><li>Antioxidant</li></ul>','<p>A proprietary probiotic blend to support your brain and gut health.</p>','','A proprietary probiotic blend to support your brain and gut health.','','en'),(46,46,'','Tea Infused Sparkling Water','<p>Sparkling water combined with organic tea and single-source, certified organic extracts. No &quot;natural flavors&quot;. &nbsp;</p><p><strong>Features</strong>:</p><ul><li>Unsweetened</li><li>Certified organic</li><li>Certified non-GMO</li></ul>','<p>Tea and sparkling water: the perfect match!</p>','','Tea and sparkling water: the perfect match!','','en'),(47,47,'','Cinnamon Sticks','<h1><span style=\"font-size: 14px; color: rgb(128, 128, 128);\">Imported 100% raw from Sri Lanka.&nbsp;</span><span style=\"color: rgb(128, 128, 128); font-size: 14px;\">Perfect for baking, cooking and beverages. Hand rolled, soft and break or crumble easy.&nbsp;</span></h1><p><strong>Features</strong>:</p><ul><li>100+ sticks, packed and sealed for freshness&nbsp;</li><li>Non-GMO</li><li>Certfied organic</li><li>Kosher</li></ul>','<p>Add some spice to your life with these finest quality pure Ceylon cinnamon sticks.</p>','','Add some spice to your life with these finest quality pure Ceylon cinnamon sticks.','','en'),(48,48,'','Peanut Butter','<p>Made with just one ingredient: Dry-roasted organic peanuts.</p><ul><li>All natural&nbsp;</li><li>Non-GMO</li><li>Gluten free</li><li>Dairy free</li><li>Preservative free</li><li>Vegan</li><li>Kosher</li><li>No palm fruit oil</li><li>No added sugar</li><li>No added salt</li></ul>','<p>Delicious peanut butter, all natural and loaded with protein.</p>','','Delicious peanut butter, all natural and loaded with protein.','','en'),(49,49,'','Sweet Hazelnut and Chocolate Natural Flavouring','<p>This natural food flavouring provides a classic hazelnut chocolate flavour to your cooking and baking, and can be used with various food and drink. Works great in general cooking/baking, cakes, yogurt, cheesecake, sorbets, drinks (including beer/cider), and ice-cream.&nbsp;</p><p>Ingredients:<strong>&nbsp;</strong>Natural Flavouring, Propylene Glycol (E1518).</p><p><strong>Features</strong>:</p><ul><li>Gluten free</li><li>Dairy free</li><li>Egg free</li><li>Vegan</li><li>Kosher</li></ul>','<p><span style=\"font-size: 14px;\">Add the delicious taste of hazelnut chocolate to your cakes and other desserts using this natural food flavouring.&nbsp;</span></p>','','Add the delicious taste of hazelnut chocolate to your cakes and other desserts using this natural food flavouring.&nbsp;','','en'),(50,50,'','Dose Juice','<p>A complete array of vitamins, minerals and enzymes &ndash; all with the great taste. 60% green vegetables vs 40% fruits.&nbsp;</p><p>Features:</p><ul><li>Cold pressed</li><li>Organic</li></ul>','<p>An organic juice to sustain you throughout the day. Drink it in the morning or between meals for a boost of energy and vitamins.&nbsp;</p>','','An organic juice to sustain you throughout the day. Drink it in the morning or between meals for a boost of energy and vitamins.&nbsp;','','en');
/*!40000 ALTER TABLE `xlite_product_translations` ENABLE KEYS */;
UNLOCK TABLES;

--
-- Table structure for table `xlite_products`
--

DROP TABLE IF EXISTS `xlite_products`;
/*!40101 SET @saved_cs_client     = @@character_set_client */;
/*!40101 SET character_set_client = utf8 */;
CREATE TABLE `xlite_products` (
  `product_id` int(10) unsigned NOT NULL AUTO_INCREMENT,
  `product_class_id` int(10) unsigned DEFAULT NULL,
  `tax_class_id` int(10) unsigned DEFAULT NULL,
  `useCustomOG` tinyint(1) NOT NULL,
  `marketPrice` decimal(14,4) NOT NULL,
  `pinCodesEnabled` tinyint(1) NOT NULL,
  `autoPinCodes` tinyint(1) NOT NULL,
  `participateSale` tinyint(1) NOT NULL,
  `discountType` varchar(32) COLLATE utf8_unicode_ci NOT NULL,
  `salePriceValue` decimal(14,4) NOT NULL,
  `xcPendingBulkEdit` tinyint(1) NOT NULL,
  `isCustomerAttachmentsAvailable` tinyint(1) NOT NULL,
  `isCustomerAttachmentsRequired` tinyint(1) NOT NULL,
  `facebookMarketingEnabled` tinyint(1) NOT NULL DEFAULT '1',
  `freeShip` tinyint(1) NOT NULL,
  `shipForFree` tinyint(1) NOT NULL,
  `freightFixedFee` decimal(14,4) NOT NULL,
  `googleFeedEnabled` tinyint(1) NOT NULL DEFAULT '1',
  `useAsSegmentCondition` tinyint(1) NOT NULL,
  `demo` tinyint(1) NOT NULL,
  `price` decimal(14,4) NOT NULL COMMENT '(DC2Type:money)',
  `sku` varchar(32) COLLATE utf8_unicode_ci DEFAULT NULL,
  `enabled` tinyint(1) NOT NULL,
  `weight` decimal(14,4) NOT NULL,
  `useSeparateBox` tinyint(1) NOT NULL,
  `boxWidth` decimal(14,4) NOT NULL,
  `boxLength` decimal(14,4) NOT NULL,
  `boxHeight` decimal(14,4) NOT NULL,
  `itemsPerBox` int(11) NOT NULL,
  `free_shipping` tinyint(1) NOT NULL,
  `taxable` tinyint(1) NOT NULL,
  `arrivalDate` int(11) NOT NULL,
  `date` int(11) NOT NULL,
  `updateDate` int(10) unsigned NOT NULL,
  `needProcess` tinyint(1) NOT NULL,
  `inventoryEnabled` tinyint(1) NOT NULL,
  `amount` int(10) unsigned NOT NULL,
  `lowLimitEnabledCustomer` tinyint(1) NOT NULL,
  `lowLimitEnabled` tinyint(1) NOT NULL,
  `lowLimitAmount` int(10) unsigned NOT NULL,
  `attrSepTab` tinyint(1) NOT NULL,
  `metaDescType` varchar(1) COLLATE utf8_unicode_ci NOT NULL,
  `sales` int(10) unsigned NOT NULL,
  `xcPendingExport` tinyint(1) NOT NULL,
  `entityVersion` char(36) COLLATE utf8_unicode_ci NOT NULL COMMENT '(DC2Type:guid)',
  PRIMARY KEY (`product_id`),
  KEY `IDX_2B79045921B06187` (`product_class_id`),
  KEY `IDX_2B790459A94AAAE` (`tax_class_id`),
  KEY `sku` (`sku`),
  KEY `price` (`price`),
  KEY `weight` (`weight`),
  KEY `free_shipping` (`free_shipping`),
  KEY `customerArea` (`enabled`,`arrivalDate`),
  CONSTRAINT `FK_2B79045921B06187` FOREIGN KEY (`product_class_id`) REFERENCES `xlite_product_classes` (`id`) ON DELETE SET NULL,
  CONSTRAINT `FK_2B790459A94AAAE` FOREIGN KEY (`tax_class_id`) REFERENCES `xlite_tax_classes` (`id`) ON DELETE SET NULL
) ENGINE=InnoDB AUTO_INCREMENT=51 DEFAULT CHARSET=utf8 COLLATE=utf8_unicode_ci;
/*!40101 SET character_set_client = @saved_cs_client */;

--
-- Dumping data for table `xlite_products`
--

LOCK TABLES `xlite_products` WRITE;
/*!40000 ALTER TABLE `xlite_products` DISABLE KEYS */;
INSERT INTO `xlite_products` VALUES (1,NULL,NULL,0,0.0000,0,0,0,'sale_price',0.0000,0,0,0,1,0,0,0.0000,1,0,1,19.9900,'10000000065',1,0.7000,0,0.0000,0.0000,0.0000,1,0,1,1549279065,1562239055,1562239060,0,1,1000,1,1,10,1,'A',0,0,'bce98908-b5fb-4bf7-950d-14feddfa5b9c'),(2,3,NULL,0,0.0000,0,0,0,'sale_price',0.0000,0,0,0,1,0,0,0.0000,1,0,1,49.9900,'10000000068',1,3.0000,0,0.0000,0.0000,0.0000,1,0,1,1561375065,1562239055,1562239060,0,1,7,1,1,10,1,'A',0,0,'e133c0b7-b77c-4673-b65f-d7b86fd934cf'),(3,NULL,NULL,0,0.0000,0,0,0,'sale_price',0.0000,0,0,0,1,0,0,0.0000,1,0,1,19.9900,'10000000069',1,2.6000,0,0.0000,0.0000,0.0000,1,0,1,1549279065,1562239055,1562239062,0,1,1000,1,1,10,1,'A',2,0,'fe34fab3-3927-4a8e-a439-679042f28ebc'),(4,3,NULL,0,0.0000,0,0,0,'sale_price',0.0000,0,0,0,1,0,0,0.0000,1,0,1,24.9900,'10000000070',1,1.3000,0,0.0000,0.0000,0.0000,1,0,1,1564831065,1562239055,1562239060,0,1,75,1,1,10,1,'A',0,0,'8936dd21-94e6-4bb8-ac17-3e71d54cec3d'),(5,NULL,NULL,0,0.0000,0,0,0,'sale_price',0.0000,0,0,0,1,0,0,0.0000,1,0,1,19.9900,'10000000074',1,1.8000,0,0.0000,0.0000,0.0000,1,0,1,1561375065,1562239055,1562239060,0,1,6,1,1,10,1,'A',0,0,'67d7a118-0629-4959-8418-7465072bc537'),(6,NULL,NULL,0,0.0000,0,0,1,'sale_price',47.9900,0,0,0,1,0,0,0.0000,1,0,1,79.9900,'10000000076',1,2.9000,0,0.0000,0.0000,0.0000,1,0,1,1564831065,1562239056,1562239062,0,1,1000,1,1,10,1,'A',0,0,'282e98d7-6657-4ce3-8674-d2841d3a6287'),(7,NULL,NULL,0,0.0000,0,0,0,'sale_price',0.0000,0,0,0,1,0,0,0.0000,1,0,1,29.9900,'10000000079',1,0.6000,0,0.0000,0.0000,0.0000,1,0,1,1549279065,1562239056,1562239060,0,1,100,1,1,10,1,'A',0,0,'b35e7459-d5e1-4cf7-a774-5d9fa00ca8b2'),(8,NULL,NULL,0,0.0000,0,0,1,'sale_price',14.9900,0,0,0,1,0,0,0.0000,1,0,1,19.9900,'10000000081',1,1.8000,0,0.0000,0.0000,0.0000,1,0,1,1564831065,1562239056,1562239062,0,1,146,1,1,10,1,'A',3,0,'9bf38ce4-cb45-4572-a524-baba4e0fc926'),(9,NULL,NULL,0,0.0000,0,0,0,'sale_price',0.0000,0,0,0,1,0,0,0.0000,1,0,1,19.9900,'10000000082',1,2.8000,0,0.0000,0.0000,0.0000,1,0,1,1549279065,1562239056,1562239060,0,1,218,1,1,10,1,'A',0,0,'02307380-a391-41b9-83f9-950e8e0e2e72'),(10,NULL,NULL,0,0.0000,0,0,0,'sale_price',0.0000,0,0,0,1,0,0,0.0000,1,0,1,34.9900,'10000000083',1,1.1000,0,0.0000,0.0000,0.0000,1,0,1,1549279065,1562239056,1562239060,0,1,0,1,1,10,1,'A',0,0,'48ab8654-e265-42c6-b985-968560de1268'),(11,NULL,NULL,0,0.0000,0,0,0,'sale_price',0.0000,0,0,0,1,0,0,0.0000,1,0,1,14.9900,'10000000084',1,0.9000,0,0.0000,0.0000,0.0000,1,0,1,1549279065,1562239056,1562239060,0,1,200,1,1,10,1,'A',0,0,'135e9e06-b938-4f55-aaa0-fe301e2e5573'),(12,NULL,NULL,0,0.0000,0,0,0,'sale_price',0.0000,0,0,0,1,0,0,0.0000,1,0,1,9.9900,'10000000085',1,2.9000,0,0.0000,0.0000,0.0000,1,0,1,1549279065,1562239056,1562239062,0,1,1000,1,1,10,1,'A',6,0,'f14abcb2-e140-4e23-8aef-f462f97fc03e'),(13,NULL,NULL,0,0.0000,0,0,0,'sale_price',0.0000,0,0,0,1,0,0,0.0000,1,0,1,39.9900,'10000000086',1,2.8000,0,0.0000,0.0000,0.0000,1,0,1,1549279065,1562239056,1562239060,0,1,6,1,1,10,1,'A',0,0,'fae7c15a-e1c4-4d5a-b275-a986436ed13f'),(14,1,NULL,0,0.0000,0,0,1,'sale_percent',15.0000,0,0,0,1,0,0,0.0000,1,0,1,29.9900,'10000000087',1,0.7000,0,0.0000,0.0000,0.0000,1,0,1,1561375065,1562239056,1562239062,0,1,22,1,1,10,1,'A',12,0,'f85de1f5-cb7a-4d69-b83c-b2bf90883ebc'),(15,NULL,NULL,0,0.0000,0,0,1,'sale_percent',25.0000,0,0,0,1,0,0,0.0000,1,0,1,19.9900,'10000000088',1,1.8000,0,0.0000,0.0000,0.0000,1,0,1,1549279065,1562239056,1562239062,0,1,300,1,1,10,1,'A',0,0,'7029083c-6ccb-46a6-a8c2-8fb604ad32ab'),(16,NULL,NULL,0,0.0000,0,0,0,'sale_price',0.0000,0,0,0,1,0,0,0.0000,1,0,1,99.0000,'10000000089',1,1.0000,0,0.0000,0.0000,0.0000,1,0,1,1549279065,1562239056,1562239062,0,1,999,1,1,10,1,'A',1,0,'4093c639-acb5-42d8-ad52-53daa7b4f073'),(17,1,NULL,0,0.0000,0,0,0,'sale_price',0.0000,0,0,0,1,0,0,0.0000,1,0,1,49.9900,'10000000091',1,2.1000,0,0.0000,0.0000,0.0000,1,0,1,1564831065,1562239056,1562239060,0,1,1000,1,1,10,1,'A',0,0,'1a6f84c6-99ca-4e41-a839-0a761d9b2ba5'),(18,NULL,NULL,0,0.0000,0,0,0,'sale_price',0.0000,0,0,0,1,0,0,0.0000,1,0,1,19.9900,'10000000093',1,0.5000,0,0.0000,0.0000,0.0000,1,0,1,1564831065,1562239056,1562239060,0,1,1000,1,1,10,1,'A',0,0,'894fd5be-f4ce-4ca9-bd36-9993bedd0bc1'),(19,NULL,NULL,0,0.0000,0,0,0,'sale_price',0.0000,0,0,0,1,0,0,0.0000,1,0,1,9.9900,'10000000094',1,3.0000,0,0.0000,0.0000,0.0000,1,0,1,1561375065,1562239056,1562239060,0,1,12,1,1,10,1,'A',0,0,'cc5e7410-f28c-4398-a0c0-3e3b8e8f2979'),(20,NULL,NULL,0,0.0000,0,0,0,'sale_price',0.0000,0,0,0,1,0,0,0.0000,1,0,1,9.9900,'10000000095',1,1.1000,0,0.0000,0.0000,0.0000,1,0,1,1549279065,1562239056,1562239060,0,1,1000,1,1,10,1,'A',0,0,'2ec43e7c-c395-459a-b894-6f78b32c224f'),(21,NULL,NULL,0,0.0000,0,0,0,'sale_price',0.0000,0,0,0,1,0,0,0.0000,1,0,1,29.9900,'10000000096',1,2.8000,0,0.0000,0.0000,0.0000,1,0,1,1564831065,1562239056,1562239060,0,1,200,1,1,10,1,'A',0,0,'8cc7c86f-005b-4b7e-bc48-5d8338502bd0'),(22,NULL,NULL,0,0.0000,0,0,0,'sale_price',0.0000,0,0,0,1,0,0,0.0000,1,0,1,19.9900,'10000000097',1,1.6000,0,0.0000,0.0000,0.0000,1,0,1,1549279065,1562239056,1562239060,0,1,1000,1,1,10,1,'A',0,0,'ccbe6dd5-7474-4820-8eb0-783803f5c336'),(23,NULL,NULL,0,0.0000,0,0,0,'sale_price',0.0000,0,0,0,1,0,0,0.0000,1,0,1,29.9900,'10000000098',1,1.0000,0,0.0000,0.0000,0.0000,1,0,1,1564831065,1562239056,1562239060,0,1,1000,1,1,10,1,'A',0,0,'4354ca63-aff1-4352-bf82-9351c6a9bdfc'),(24,NULL,NULL,0,0.0000,0,0,0,'sale_price',0.0000,0,0,0,1,0,0,0.0000,1,0,1,14.9900,'10000000099',1,2.3000,0,0.0000,0.0000,0.0000,1,0,1,1549279065,1562239056,1562239060,0,1,1000,1,1,10,1,'A',0,0,'29280b1e-19c4-453f-a3cb-b48bc6a2f99d'),(25,NULL,NULL,0,0.0000,0,0,0,'sale_price',0.0000,0,0,0,1,0,0,0.0000,1,0,1,19.9900,'10000000100',1,1.3000,0,0.0000,0.0000,0.0000,1,0,1,1549279065,1562239056,1562239060,0,1,4,1,1,10,1,'A',0,0,'6990044c-9343-4384-9e77-c4e11fb0cb9c'),(26,NULL,NULL,0,0.0000,0,0,1,'sale_price',6.4900,0,0,0,1,0,0,0.0000,1,0,1,12.9900,'10000000101',1,1.3000,0,0.0000,0.0000,0.0000,1,0,1,1549279065,1562239056,1562239062,0,1,20,1,1,10,1,'A',7,0,'d9a3db23-e3a5-4a0b-be74-fb70a02e6dc3'),(27,NULL,NULL,0,0.0000,0,0,0,'sale_price',0.0000,0,0,0,1,0,0,0.0000,1,0,1,69.9900,'10000000102',1,1.4000,0,0.0000,0.0000,0.0000,1,0,1,1561375065,1562239056,1562239060,0,1,10,1,1,10,1,'A',0,0,'a97d14d2-6ccc-4dd0-ba2a-8630288b2ce9'),(28,2,NULL,0,0.0000,0,0,0,'sale_price',0.0000,0,0,0,1,0,0,0.0000,1,0,1,850.0000,'10000000103',1,2.5000,0,0.0000,0.0000,0.0000,1,0,1,1549279065,1562239056,1562239060,0,1,50,1,1,10,1,'A',0,0,'bab6073b-73c6-4be0-b494-320e653db02c'),(29,2,NULL,0,0.0000,0,0,0,'sale_price',0.0000,0,0,0,1,0,0,0.0000,1,0,1,650.0000,'10000000104',1,1.0000,0,0.0000,0.0000,0.0000,1,0,1,1549279065,1562239056,1562239060,0,1,1000,1,1,10,1,'A',0,0,'94ea6a03-b35d-40e6-acc7-569031d23790'),(30,NULL,NULL,0,0.0000,0,0,0,'sale_price',0.0000,0,0,0,1,0,0,0.0000,1,0,1,399.0000,'10000000105',1,1.1000,0,0.0000,0.0000,0.0000,1,0,1,1549279065,1562239056,1562239060,0,1,999,1,1,10,1,'A',0,0,'c0a8c37f-93d3-4307-a915-6946253f19bc'),(31,NULL,NULL,0,0.0000,0,0,0,'sale_price',0.0000,0,0,0,1,0,0,0.0000,1,0,1,299.0000,'10000000106',1,1.3000,0,0.0000,0.0000,0.0000,1,0,1,1561375065,1562239056,1562239060,0,1,1000,1,1,10,1,'A',0,0,'b3620e59-f975-435e-a310-a77c9d5cce43'),(32,NULL,NULL,0,0.0000,0,0,0,'sale_price',0.0000,0,0,0,1,0,0,0.0000,1,0,1,79.9900,'10000000107',1,1.2000,0,0.0000,0.0000,0.0000,1,0,1,1561375065,1562239057,1562239060,0,1,10,1,1,10,1,'A',0,0,'c71126f7-43fe-41ce-964e-628cea68c33e'),(33,NULL,NULL,0,0.0000,0,0,1,'sale_price',19.9900,0,0,0,1,0,0,0.0000,1,0,1,49.9900,'10000000109',1,2.2000,0,0.0000,0.0000,0.0000,1,0,1,1549279065,1562239057,1562239062,0,1,999,1,1,10,1,'A',0,0,'5e562a81-48bc-4c1a-ab0d-f95ffb22123b'),(34,NULL,NULL,0,0.0000,0,0,1,'sale_price',44.9900,0,0,0,1,0,0,0.0000,1,0,1,59.9900,'10000000110',1,2.7000,0,0.0000,0.0000,0.0000,1,0,1,1549279065,1562239057,1562239062,0,1,1000,1,1,10,1,'A',0,0,'3df20ba2-2e47-4182-9000-56060873228b'),(35,NULL,NULL,0,0.0000,0,0,0,'sale_price',0.0000,0,0,0,1,0,0,0.0000,1,0,1,299.9900,'10000000111',1,1.7000,0,0.0000,0.0000,0.0000,1,0,1,1549279065,1562239057,1562239060,0,1,999,1,1,10,1,'A',0,0,'111e18eb-3ce1-4bbd-9249-caacc3d10608'),(36,NULL,NULL,0,0.0000,0,0,0,'sale_price',0.0000,0,0,0,1,0,0,0.0000,1,0,1,11.9900,'10000000112',1,2.0000,0,0.0000,0.0000,0.0000,1,0,1,1549279065,1562239057,1562239060,0,1,999,1,1,10,1,'A',0,0,'ba7945dd-6734-4548-b2a4-c63706a81e39'),(37,NULL,NULL,0,0.0000,0,0,0,'sale_price',0.0000,0,0,0,1,0,0,0.0000,1,0,1,139.9900,'10000000113',1,1.7000,0,0.0000,0.0000,0.0000,1,0,1,1549279065,1562239057,1562239061,0,1,1000,1,1,10,1,'A',0,0,'b5b1b6d2-3906-4cbf-964b-6614ac94e0f3'),(38,NULL,NULL,0,0.0000,0,0,1,'sale_price',39.9900,0,0,0,1,0,0,0.0000,1,0,1,49.9900,'10000000114',1,1.6000,0,0.0000,0.0000,0.0000,1,0,1,1549279065,1562239057,1562239062,0,1,10,1,1,10,1,'A',0,0,'95a12eea-0c31-45b7-b169-c9d4cd2d8939'),(39,NULL,NULL,0,0.0000,0,0,0,'sale_price',0.0000,0,0,0,1,0,0,0.0000,1,0,1,34.9900,'10000000115',1,1.0000,0,0.0000,0.0000,0.0000,1,0,1,1549279065,1562239057,1562239061,0,1,1000,1,1,10,1,'A',0,0,'298baa7d-2bdc-4e82-b948-8886f77dd5ab'),(40,NULL,NULL,0,0.0000,0,0,0,'sale_price',0.0000,0,0,0,1,0,0,0.0000,1,0,1,817.5900,'10000000116',1,1.8000,0,0.0000,0.0000,0.0000,1,0,1,1549279065,1562239057,1562239061,0,1,6,1,1,10,1,'A',0,0,'aba1f165-c208-47d6-b22c-a47cc7bedbd5'),(41,NULL,NULL,0,0.0000,0,0,0,'sale_price',0.0000,0,0,0,1,0,0,0.0000,1,0,1,199.9900,'10000000117',1,2.1000,0,0.0000,0.0000,0.0000,1,0,1,1549279065,1562239057,1562239061,0,1,1000,1,1,10,1,'A',0,0,'38aeb47a-4b91-4e64-b45d-cbfc83debefd'),(42,NULL,NULL,0,0.0000,0,0,0,'sale_price',0.0000,0,0,0,1,0,0,0.0000,1,0,1,19.9900,'10000000118',1,2.6000,0,0.0000,0.0000,0.0000,1,0,1,1561375065,1562239057,1562239062,0,1,1000,1,1,10,1,'A',1,0,'ac9a4e35-eb96-4128-bf57-bc347ec0f286'),(43,NULL,NULL,0,0.0000,0,0,0,'sale_price',0.0000,0,0,0,1,0,0,0.0000,1,0,1,12.0000,'10000000119',1,1.7000,0,0.0000,0.0000,0.0000,1,0,1,1549279065,1562239057,1562239061,0,1,1000,1,1,10,1,'A',0,0,'c2c78daf-3e0b-4dce-be23-fb8cc82ef4d7'),(44,NULL,NULL,0,0.0000,0,0,0,'sale_price',0.0000,0,0,0,1,0,0,0.0000,1,0,1,28.0000,'10000000122',1,1.4000,0,0.0000,0.0000,0.0000,1,0,1,1549279065,1562239057,1562239061,0,1,1000,1,1,10,1,'A',0,0,'27b57782-bb7e-457b-9063-0736887d7850'),(45,NULL,NULL,0,0.0000,0,0,0,'sale_price',0.0000,0,0,0,1,0,0,0.0000,1,0,1,83.0000,'10000000123',1,1.8000,0,0.0000,0.0000,0.0000,1,0,1,1549279065,1562239057,1562239061,0,1,1000,1,1,10,1,'A',0,0,'3c87c8df-d764-4a6a-be39-92f9efbd4299'),(46,NULL,NULL,0,0.0000,0,0,0,'sale_price',0.0000,0,0,0,1,0,0,0.0000,1,0,1,25.0000,'10000000124',1,1.3000,0,0.0000,0.0000,0.0000,1,0,1,1549279065,1562239057,1562239061,0,1,1000,1,1,10,1,'A',0,0,'ac649431-136e-4ba2-ba11-0543f7ec9fe4'),(47,NULL,NULL,0,0.0000,0,0,0,'sale_price',0.0000,0,0,0,1,0,0,0.0000,1,0,1,17.0000,'10000000125',1,1.8000,0,0.0000,0.0000,0.0000,1,0,1,1549279065,1562239057,1562239061,0,1,1000,1,1,10,1,'A',0,0,'137676fe-cdc0-4246-9fa9-60709add31df'),(48,NULL,NULL,0,0.0000,0,0,0,'sale_price',0.0000,0,0,0,1,0,0,0.0000,1,0,1,21.0000,'10000000126',1,2.8000,0,0.0000,0.0000,0.0000,1,0,1,1549279065,1562239057,1562239061,0,1,1000,1,1,10,1,'A',0,0,'7f2d9258-2a74-4ff5-9513-bfad72734f58'),(49,NULL,NULL,0,0.0000,0,0,0,'sale_price',0.0000,0,0,0,1,0,0,0.0000,1,0,1,16.0000,'10000000127',1,1.4000,0,0.0000,0.0000,0.0000,1,0,1,1549279065,1562239057,1562239061,0,1,12,1,1,10,1,'A',0,0,'9ef3eec7-ee6a-4002-b067-dcadbcac5a7e'),(50,NULL,NULL,0,0.0000,0,0,0,'sale_price',0.0000,0,0,0,1,0,0,0.0000,1,0,1,22.0000,'10000000128',1,1.7000,0,0.0000,0.0000,0.0000,1,0,1,1549279065,1562239057,1562239061,0,1,23,1,1,10,1,'A',0,0,'d21cbac2-5225-4a38-b571-0cc82a63a4e1');
/*!40000 ALTER TABLE `xlite_products` ENABLE KEYS */;
UNLOCK TABLES;

--
-- Table structure for table `xlite_profile_addresses`
--

DROP TABLE IF EXISTS `xlite_profile_addresses`;
/*!40101 SET @saved_cs_client     = @@character_set_client */;
/*!40101 SET character_set_client = utf8 */;
CREATE TABLE `xlite_profile_addresses` (
  `address_id` int(11) NOT NULL AUTO_INCREMENT,
  `profile_id` int(11) DEFAULT NULL,
  `state_id` int(11) DEFAULT NULL,
  `country_code` char(2) COLLATE utf8_unicode_ci DEFAULT NULL,
  `is_billing` tinyint(1) NOT NULL,
  `is_shipping` tinyint(1) NOT NULL,
  `isWork` tinyint(1) NOT NULL,
  `address_type` char(1) COLLATE utf8_unicode_ci NOT NULL,
  PRIMARY KEY (`address_id`),
  KEY `IDX_A6B45064CCFA12B8` (`profile_id`),
  KEY `IDX_A6B450645D83CC1` (`state_id`),
  KEY `IDX_A6B45064F026BB7C` (`country_code`),
  KEY `is_billing` (`is_billing`),
  KEY `is_shipping` (`is_shipping`),
  CONSTRAINT `FK_A6B450645D83CC1` FOREIGN KEY (`state_id`) REFERENCES `xlite_states` (`state_id`) ON DELETE SET NULL,
  CONSTRAINT `FK_A6B45064CCFA12B8` FOREIGN KEY (`profile_id`) REFERENCES `xlite_profiles` (`profile_id`) ON DELETE CASCADE,
  CONSTRAINT `FK_A6B45064F026BB7C` FOREIGN KEY (`country_code`) REFERENCES `xlite_countries` (`code`) ON DELETE SET NULL
) ENGINE=InnoDB AUTO_INCREMENT=7 DEFAULT CHARSET=utf8 COLLATE=utf8_unicode_ci;
/*!40101 SET character_set_client = @saved_cs_client */;

--
-- Dumping data for table `xlite_profile_addresses`
--

LOCK TABLES `xlite_profile_addresses` WRITE;
/*!40000 ALTER TABLE `xlite_profile_addresses` DISABLE KEYS */;
INSERT INTO `xlite_profile_addresses` VALUES (1,1,NULL,'US',1,1,0,'R'),(2,2,NULL,'US',1,1,0,'R'),(3,3,NULL,'US',1,1,0,'R'),(4,4,NULL,'US',1,1,0,'R'),(5,5,NULL,'US',1,1,0,'R'),(6,6,NULL,'US',1,1,0,'R');
/*!40000 ALTER TABLE `xlite_profile_addresses` ENABLE KEYS */;
UNLOCK TABLES;

--
-- Table structure for table `xlite_profile_roles`
--

DROP TABLE IF EXISTS `xlite_profile_roles`;
/*!40101 SET @saved_cs_client     = @@character_set_client */;
/*!40101 SET character_set_client = utf8 */;
CREATE TABLE `xlite_profile_roles` (
  `role_id` int(10) unsigned NOT NULL,
  `profile_id` int(11) NOT NULL,
  PRIMARY KEY (`role_id`,`profile_id`),
  KEY `IDX_7E99B5FD60322AC` (`role_id`),
  KEY `IDX_7E99B5FCCFA12B8` (`profile_id`),
  CONSTRAINT `FK_7E99B5FCCFA12B8` FOREIGN KEY (`profile_id`) REFERENCES `xlite_profiles` (`profile_id`) ON DELETE CASCADE,
  CONSTRAINT `FK_7E99B5FD60322AC` FOREIGN KEY (`role_id`) REFERENCES `xlite_roles` (`id`) ON DELETE CASCADE
) ENGINE=InnoDB DEFAULT CHARSET=utf8 COLLATE=utf8_unicode_ci;
/*!40101 SET character_set_client = @saved_cs_client */;

--
-- Dumping data for table `xlite_profile_roles`
--

LOCK TABLES `xlite_profile_roles` WRITE;
/*!40000 ALTER TABLE `xlite_profile_roles` DISABLE KEYS */;
/*!40000 ALTER TABLE `xlite_profile_roles` ENABLE KEYS */;
UNLOCK TABLES;

--
-- Table structure for table `xlite_profiles`
--

DROP TABLE IF EXISTS `xlite_profiles`;
/*!40101 SET @saved_cs_client     = @@character_set_client */;
/*!40101 SET character_set_client = utf8 */;
CREATE TABLE `xlite_profiles` (
  `profile_id` int(11) NOT NULL AUTO_INCREMENT,
  `order_id` int(11) DEFAULT NULL,
  `membership_id` int(10) unsigned DEFAULT NULL,
  `pending_membership_id` int(10) unsigned DEFAULT NULL,
  `socialLoginProvider` varchar(128) COLLATE utf8_unicode_ci DEFAULT NULL,
  `socialLoginId` varchar(128) COLLATE utf8_unicode_ci DEFAULT NULL,
  `gaClientId` varchar(255) COLLATE utf8_unicode_ci NOT NULL,
  `default_card_id` int(10) unsigned NOT NULL,
  `pending_zero_auth` varchar(255) COLLATE utf8_unicode_ci NOT NULL,
  `pending_zero_auth_txn_id` varchar(255) COLLATE utf8_unicode_ci NOT NULL,
  `pending_zero_auth_status` char(1) COLLATE utf8_unicode_ci NOT NULL,
  `pending_zero_auth_interface` varchar(255) COLLATE utf8_unicode_ci NOT NULL,
  `braintree_customer_id` varchar(255) COLLATE utf8_unicode_ci NOT NULL,
  `saveCardBoxChecked` tinyint(1) NOT NULL,
  `conciergeUserId` varchar(128) COLLATE utf8_unicode_ci DEFAULT NULL,
  `login` varchar(128) COLLATE utf8_unicode_ci NOT NULL,
  `password` varchar(255) COLLATE utf8_unicode_ci NOT NULL,
  `password_hint` varchar(128) COLLATE utf8_unicode_ci NOT NULL,
  `password_hint_answer` varchar(128) COLLATE utf8_unicode_ci NOT NULL,
  `passwordResetKey` varchar(255) COLLATE utf8_unicode_ci NOT NULL,
  `passwordResetKeyDate` int(11) NOT NULL,
  `access_level` int(11) NOT NULL,
  `cms_profile_id` int(11) NOT NULL,
  `cms_name` varchar(32) COLLATE utf8_unicode_ci NOT NULL,
  `added` int(11) NOT NULL,
  `first_login` int(11) NOT NULL,
  `last_login` int(11) NOT NULL,
  `status` char(1) COLLATE utf8_unicode_ci NOT NULL,
  `statusComment` varchar(255) COLLATE utf8_unicode_ci NOT NULL,
  `referer` varchar(255) COLLATE utf8_unicode_ci NOT NULL,
  `language` varchar(2) COLLATE utf8_unicode_ci NOT NULL,
  `last_shipping_id` int(11) DEFAULT NULL,
  `last_payment_id` int(11) DEFAULT NULL,
  `anonymous` tinyint(1) NOT NULL,
  `forceChangePassword` tinyint(1) NOT NULL,
  `dateOfLoginAttempt` int(10) unsigned NOT NULL,
  `countOfLoginAttempts` int(11) NOT NULL,
  `searchFakeField` longtext COLLATE utf8_unicode_ci,
  `xcPendingExport` tinyint(1) NOT NULL,
  `lastCheckoutEmail` varchar(255) COLLATE utf8_unicode_ci NOT NULL,
  PRIMARY KEY (`profile_id`),
  UNIQUE KEY `UNIQ_13F3DB338D9F6D38` (`order_id`),
  KEY `IDX_13F3DB331FB354CD` (`membership_id`),
  KEY `IDX_13F3DB33CD228392` (`pending_membership_id`),
  KEY `cms_profile` (`cms_name`,`cms_profile_id`),
  KEY `login` (`login`),
  KEY `order_id` (`order_id`),
  KEY `password` (`password`),
  KEY `access_level` (`access_level`),
  KEY `first_login` (`first_login`),
  KEY `last_login` (`last_login`),
  KEY `status` (`status`),
  CONSTRAINT `FK_13F3DB331FB354CD` FOREIGN KEY (`membership_id`) REFERENCES `xlite_memberships` (`membership_id`) ON DELETE SET NULL,
  CONSTRAINT `FK_13F3DB338D9F6D38` FOREIGN KEY (`order_id`) REFERENCES `xlite_orders` (`order_id`) ON DELETE CASCADE,
  CONSTRAINT `FK_13F3DB33CD228392` FOREIGN KEY (`pending_membership_id`) REFERENCES `xlite_memberships` (`membership_id`) ON DELETE SET NULL
) ENGINE=InnoDB AUTO_INCREMENT=7 DEFAULT CHARSET=utf8 COLLATE=utf8_unicode_ci;
/*!40101 SET character_set_client = @saved_cs_client */;

--
-- Dumping data for table `xlite_profiles`
--

LOCK TABLES `xlite_profiles` WRITE;
/*!40000 ALTER TABLE `xlite_profiles` DISABLE KEYS */;
INSERT INTO `xlite_profiles` VALUES (1,NULL,NULL,NULL,NULL,NULL,'',0,'','','','','',0,NULL,'bit-bucket@example.com','084e0343a0486ff05530df6c705c8bb4','','','',0,0,0,'',1562239061,0,0,'E','','','en',NULL,NULL,1,0,0,0,'Guest Guest Guest;bit-bucket@example.com',0,''),(2,1,NULL,NULL,NULL,NULL,'',0,'','','','','',0,NULL,'bit-bucket@example.com','084e0343a0486ff05530df6c705c8bb4','','','',0,0,0,'',1562239061,0,0,'E','','','en',NULL,NULL,1,0,0,0,'Guest Guest Guest;bit-bucket@example.com',0,''),(3,2,NULL,NULL,NULL,NULL,'',0,'','','','','',0,NULL,'bit-bucket@example.com','084e0343a0486ff05530df6c705c8bb4','','','',0,0,0,'',1562239061,0,0,'E','','','en',NULL,NULL,1,0,0,0,'Guest Guest Guest;bit-bucket@example.com',0,''),(4,3,NULL,NULL,NULL,NULL,'',0,'','','','','',0,NULL,'bit-bucket@example.com','084e0343a0486ff05530df6c705c8bb4','','','',0,0,0,'',1562239061,0,0,'E','','','en',NULL,NULL,1,0,0,0,'Guest Guest Guest;bit-bucket@example.com',0,''),(5,4,NULL,NULL,NULL,NULL,'',0,'','','','','',0,NULL,'bit-bucket@example.com','084e0343a0486ff05530df6c705c8bb4','','','',0,0,0,'',1562239062,0,0,'E','','','en',NULL,NULL,1,0,0,0,'Guest Guest Guest;bit-bucket@example.com',0,''),(6,5,NULL,NULL,NULL,NULL,'',0,'','','','','',0,NULL,'bit-bucket@example.com','084e0343a0486ff05530df6c705c8bb4','','','',0,0,0,'',1562239062,0,0,'E','','','en',NULL,NULL,1,0,0,0,'Guest Guest Guest;bit-bucket@example.com',0,'');
/*!40000 ALTER TABLE `xlite_profiles` ENABLE KEYS */;
UNLOCK TABLES;

--
-- Table structure for table `xlite_quick_data`
--

DROP TABLE IF EXISTS `xlite_quick_data`;
/*!40101 SET @saved_cs_client     = @@character_set_client */;
/*!40101 SET character_set_client = utf8 */;
CREATE TABLE `xlite_quick_data` (
  `id` int(10) unsigned NOT NULL AUTO_INCREMENT,
  `product_id` int(10) unsigned DEFAULT NULL,
  `membership_id` int(10) unsigned DEFAULT NULL,
  `price` decimal(14,4) NOT NULL,
  PRIMARY KEY (`id`),
  KEY `IDX_C6F6D1AD4584665A` (`product_id`),
  KEY `IDX_C6F6D1AD1FB354CD` (`membership_id`),
  KEY `customerArea` (`membership_id`,`product_id`),
  CONSTRAINT `FK_C6F6D1AD1FB354CD` FOREIGN KEY (`membership_id`) REFERENCES `xlite_memberships` (`membership_id`) ON DELETE CASCADE,
  CONSTRAINT `FK_C6F6D1AD4584665A` FOREIGN KEY (`product_id`) REFERENCES `xlite_products` (`product_id`) ON DELETE CASCADE
) ENGINE=InnoDB AUTO_INCREMENT=101 DEFAULT CHARSET=utf8 COLLATE=utf8_unicode_ci;
/*!40101 SET character_set_client = @saved_cs_client */;

--
-- Dumping data for table `xlite_quick_data`
--

LOCK TABLES `xlite_quick_data` WRITE;
/*!40000 ALTER TABLE `xlite_quick_data` DISABLE KEYS */;
INSERT INTO `xlite_quick_data` VALUES (1,1,1,19.9900),(2,1,NULL,19.9900),(3,2,1,49.9900),(4,2,NULL,49.9900),(5,3,1,19.9900),(6,3,NULL,19.9900),(7,4,1,24.9900),(8,4,NULL,24.9900),(9,5,1,19.9900),(10,5,NULL,19.9900),(11,6,1,79.9900),(12,6,NULL,47.9900),(13,7,1,29.9900),(14,7,NULL,29.9900),(15,8,1,19.9900),(16,8,NULL,14.9900),(17,9,1,19.9900),(18,9,NULL,19.9900),(19,10,1,34.9900),(20,10,NULL,34.9900),(21,11,1,14.9900),(22,11,NULL,14.9900),(23,12,1,9.9900),(24,12,NULL,9.9900),(25,13,1,39.9900),(26,13,NULL,39.9900),(27,14,1,29.9900),(28,14,NULL,25.4900),(29,15,1,19.9900),(30,15,NULL,14.9900),(31,16,1,99.0000),(32,16,NULL,99.0000),(33,17,1,49.9900),(34,17,NULL,49.9900),(35,18,1,19.9900),(36,18,NULL,19.9900),(37,19,1,9.9900),(38,19,NULL,9.9900),(39,20,1,9.9900),(40,20,NULL,9.9900),(41,21,1,29.9900),(42,21,NULL,29.9900),(43,22,1,19.9900),(44,22,NULL,19.9900),(45,23,1,29.9900),(46,23,NULL,29.9900),(47,24,1,14.9900),(48,24,NULL,14.9900),(49,25,1,19.9900),(50,25,NULL,19.9900),(51,26,1,12.9900),(52,26,NULL,6.4900),(53,27,1,69.9900),(54,27,NULL,69.9900),(55,28,1,850.0000),(56,28,NULL,850.0000),(57,29,1,650.0000),(58,29,NULL,650.0000),(59,30,1,399.0000),(60,30,NULL,399.0000),(61,31,1,299.0000),(62,31,NULL,299.0000),(63,32,1,79.9900),(64,32,NULL,79.9900),(65,33,1,49.9900),(66,33,NULL,19.9900),(67,34,1,59.9900),(68,34,NULL,44.9900),(69,35,1,299.9900),(70,35,NULL,299.9900),(71,36,1,11.9900),(72,36,NULL,11.9900),(73,37,1,139.9900),(74,37,NULL,139.9900),(75,38,1,49.9900),(76,38,NULL,39.9900),(77,39,1,34.9900),(78,39,NULL,34.9900),(79,40,1,817.5900),(80,40,NULL,817.5900),(81,41,1,199.9900),(82,41,NULL,199.9900),(83,42,1,19.9900),(84,42,NULL,19.9900),(85,43,1,12.0000),(86,43,NULL,12.0000),(87,44,1,28.0000),(88,44,NULL,28.0000),(89,45,1,83.0000),(90,45,NULL,83.0000),(91,46,1,25.0000),(92,46,NULL,25.0000),(93,47,1,17.0000),(94,47,NULL,17.0000),(95,48,1,21.0000),(96,48,NULL,21.0000),(97,49,1,16.0000),(98,49,NULL,16.0000),(99,50,1,22.0000),(100,50,NULL,22.0000);
/*!40000 ALTER TABLE `xlite_quick_data` ENABLE KEYS */;
UNLOCK TABLES;

--
-- Table structure for table `xlite_regions`
--

DROP TABLE IF EXISTS `xlite_regions`;
/*!40101 SET @saved_cs_client     = @@character_set_client */;
/*!40101 SET character_set_client = utf8 */;
CREATE TABLE `xlite_regions` (
  `code` varchar(10) COLLATE utf8_unicode_ci NOT NULL,
  `country_code` char(2) COLLATE utf8_unicode_ci DEFAULT NULL,
  `name` varchar(64) COLLATE utf8_unicode_ci NOT NULL,
  `weight` int(11) DEFAULT NULL,
  PRIMARY KEY (`code`),
  UNIQUE KEY `code` (`code`,`country_code`),
  KEY `IDX_B319C6B1F026BB7C` (`country_code`),
  KEY `name` (`name`),
  CONSTRAINT `FK_B319C6B1F026BB7C` FOREIGN KEY (`country_code`) REFERENCES `xlite_countries` (`code`) ON DELETE CASCADE
) ENGINE=InnoDB DEFAULT CHARSET=utf8 COLLATE=utf8_unicode_ci;
/*!40101 SET character_set_client = @saved_cs_client */;

--
-- Dumping data for table `xlite_regions`
--

LOCK TABLES `xlite_regions` WRITE;
/*!40000 ALTER TABLE `xlite_regions` DISABLE KEYS */;
INSERT INTO `xlite_regions` VALUES ('GB-ENG','GB','England',100),('GB-NIR','GB','Northern Ireland',400),('GB-SCT','GB','Scotland',200),('GB-WLS','GB','Wales',300);
/*!40000 ALTER TABLE `xlite_regions` ENABLE KEYS */;
UNLOCK TABLES;

--
-- Table structure for table `xlite_reviews`
--

DROP TABLE IF EXISTS `xlite_reviews`;
/*!40101 SET @saved_cs_client     = @@character_set_client */;
/*!40101 SET character_set_client = utf8 */;
CREATE TABLE `xlite_reviews` (
  `id` int(10) unsigned NOT NULL AUTO_INCREMENT,
  `profile_id` int(11) DEFAULT NULL,
  `respondent_id` int(11) DEFAULT NULL,
  `product_id` int(10) unsigned DEFAULT NULL,
  `rkey_id` int(10) unsigned DEFAULT NULL,
  `review` longtext COLLATE utf8_unicode_ci NOT NULL,
  `response` longtext COLLATE utf8_unicode_ci,
  `rating` smallint(6) NOT NULL,
  `additionDate` int(11) NOT NULL,
  `responseDate` int(11) DEFAULT NULL,
  `reviewerName` varchar(255) COLLATE utf8_unicode_ci NOT NULL,
  `status` smallint(6) NOT NULL,
  `useForMeta` tinyint(1) NOT NULL,
  `isNew` tinyint(1) NOT NULL,
  `xcPendingExport` tinyint(1) NOT NULL,
  PRIMARY KEY (`id`),
  KEY `IDX_780E544DCCFA12B8` (`profile_id`),
  KEY `IDX_780E544DCE80CD19` (`respondent_id`),
  KEY `IDX_780E544D4584665A` (`product_id`),
  KEY `IDX_780E544D5A4DEAEC` (`rkey_id`),
  KEY `additionDate` (`additionDate`),
  KEY `status` (`status`),
  CONSTRAINT `FK_780E544D4584665A` FOREIGN KEY (`product_id`) REFERENCES `xlite_products` (`product_id`) ON DELETE CASCADE,
  CONSTRAINT `FK_780E544D5A4DEAEC` FOREIGN KEY (`rkey_id`) REFERENCES `xlite_order_review_keys` (`id`) ON DELETE SET NULL,
  CONSTRAINT `FK_780E544DCCFA12B8` FOREIGN KEY (`profile_id`) REFERENCES `xlite_profiles` (`profile_id`) ON DELETE SET NULL,
  CONSTRAINT `FK_780E544DCE80CD19` FOREIGN KEY (`respondent_id`) REFERENCES `xlite_profiles` (`profile_id`) ON DELETE SET NULL
) ENGINE=InnoDB AUTO_INCREMENT=793 DEFAULT CHARSET=utf8 COLLATE=utf8_unicode_ci;
/*!40101 SET character_set_client = @saved_cs_client */;

--
-- Dumping data for table `xlite_reviews`
--

LOCK TABLES `xlite_reviews` WRITE;
/*!40000 ALTER TABLE `xlite_reviews` DISABLE KEYS */;
INSERT INTO `xlite_reviews` VALUES (1,NULL,NULL,1,NULL,'',NULL,1,1458207917,NULL,'test test',1,0,0,0),(2,NULL,NULL,1,NULL,'',NULL,1,1458121517,NULL,'test test',1,0,0,0),(3,NULL,NULL,1,NULL,'',NULL,1,1458467117,NULL,'test test',1,0,0,0),(4,NULL,NULL,1,NULL,'',NULL,1,1458899117,NULL,'test test',1,0,0,0),(5,NULL,NULL,1,NULL,'',NULL,1,1458121517,NULL,'test test',1,0,0,0),(6,NULL,NULL,1,NULL,'',NULL,1,1458121517,NULL,'test test',1,0,0,0),(7,NULL,NULL,1,NULL,'',NULL,1,1458726317,NULL,'test test',1,0,0,0),(8,NULL,NULL,1,NULL,'',NULL,1,1458294317,NULL,'test test',1,0,0,0),(9,NULL,NULL,1,NULL,'',NULL,2,1458207917,NULL,'test test',1,0,0,0),(10,NULL,NULL,1,NULL,'',NULL,1,1458380717,NULL,'test test',1,0,0,0),(11,NULL,NULL,1,NULL,'',NULL,1,1458207917,NULL,'test test',1,0,0,0),(12,NULL,NULL,1,NULL,'',NULL,1,1458553517,NULL,'test test',1,0,0,0),(13,NULL,NULL,1,NULL,'',NULL,1,1458380717,NULL,'test test',1,0,0,0),(14,NULL,NULL,1,NULL,'',NULL,1,1458207917,NULL,'test test',1,0,0,0),(15,NULL,NULL,1,NULL,'',NULL,1,1458380717,NULL,'test test',1,0,0,0),(16,NULL,NULL,2,NULL,'',NULL,1,1458726317,NULL,'test test',1,0,0,0),(17,NULL,NULL,2,NULL,'',NULL,1,1458121517,NULL,'test test',1,0,0,0),(18,NULL,NULL,2,NULL,'',NULL,2,1458899117,NULL,'test test',1,0,0,0),(19,NULL,NULL,2,NULL,'',NULL,2,1458380717,NULL,'test test',1,0,0,0),(20,NULL,NULL,2,NULL,'',NULL,2,1458726317,NULL,'test test',1,0,0,0),(21,NULL,NULL,2,NULL,'',NULL,2,1458380717,NULL,'test test',1,0,0,0),(22,NULL,NULL,2,NULL,'',NULL,2,1458553517,NULL,'test test',1,0,0,0),(23,NULL,NULL,2,NULL,'',NULL,2,1458899117,NULL,'test test',1,0,0,0),(24,NULL,NULL,2,NULL,'',NULL,2,1458467117,NULL,'test test',1,0,0,0),(25,NULL,NULL,2,NULL,'',NULL,2,1458121517,NULL,'test test',1,0,0,0),(26,NULL,NULL,2,NULL,'',NULL,2,1458812717,NULL,'test test',1,0,0,0),(27,NULL,NULL,2,NULL,'',NULL,2,1458294317,NULL,'test test',1,0,0,0),(28,NULL,NULL,2,NULL,'',NULL,2,1458121517,NULL,'test test',1,0,0,0),(29,NULL,NULL,2,NULL,'',NULL,2,1458380717,NULL,'test test',1,0,0,0),(30,NULL,NULL,2,NULL,'',NULL,2,1458294317,NULL,'test test',1,0,0,0),(31,NULL,NULL,2,NULL,'',NULL,2,1458467117,NULL,'test test',1,0,0,0),(32,NULL,NULL,2,NULL,'',NULL,2,1458639917,NULL,'test test',1,0,0,0),(33,NULL,NULL,2,NULL,'',NULL,2,1458467117,NULL,'test test',1,0,0,0),(34,NULL,NULL,2,NULL,'',NULL,2,1458035117,NULL,'test test',1,0,0,0),(35,NULL,NULL,2,NULL,'',NULL,2,1458553517,NULL,'test test',1,0,0,0),(36,NULL,NULL,2,NULL,'',NULL,2,1458639917,NULL,'test test',1,0,0,0),(37,NULL,NULL,2,NULL,'',NULL,2,1458121517,NULL,'test test',1,0,0,0),(38,NULL,NULL,2,NULL,'',NULL,2,1458380717,NULL,'test test',1,0,0,0),(39,NULL,NULL,3,NULL,'',NULL,2,1458899117,NULL,'test test',1,0,0,0),(40,NULL,NULL,3,NULL,'',NULL,1,1458380717,NULL,'test test',1,0,0,0),(41,NULL,NULL,3,NULL,'',NULL,2,1458726317,NULL,'test test',1,0,0,0),(42,NULL,NULL,3,NULL,'',NULL,2,1458207917,NULL,'test test',1,0,0,0),(43,NULL,NULL,3,NULL,'',NULL,2,1458035117,NULL,'test test',1,0,0,0),(44,NULL,NULL,3,NULL,'',NULL,2,1458121517,NULL,'test test',1,0,0,0),(45,NULL,NULL,3,NULL,'',NULL,2,1458380717,NULL,'test test',1,0,0,0),(46,NULL,NULL,3,NULL,'',NULL,2,1458467117,NULL,'test test',1,0,0,0),(47,NULL,NULL,3,NULL,'',NULL,2,1458899117,NULL,'test test',1,0,0,0),(48,NULL,NULL,3,NULL,'',NULL,2,1458553517,NULL,'test test',1,0,0,0),(49,NULL,NULL,3,NULL,'',NULL,2,1458380717,NULL,'test test',1,0,0,0),(50,NULL,NULL,3,NULL,'',NULL,2,1458380717,NULL,'test test',1,0,0,0),(51,NULL,NULL,3,NULL,'',NULL,2,1458294317,NULL,'test test',1,0,0,0),(52,NULL,NULL,3,NULL,'',NULL,2,1458726317,NULL,'test test',1,0,0,0),(53,NULL,NULL,3,NULL,'',NULL,2,1458899117,NULL,'test test',1,0,0,0),(54,NULL,NULL,3,NULL,'',NULL,2,1458294317,NULL,'test test',1,0,0,0),(55,NULL,NULL,3,NULL,'',NULL,2,1458294317,NULL,'test test',1,0,0,0),(56,NULL,NULL,3,NULL,'',NULL,2,1458121517,NULL,'test test',1,0,0,0),(57,NULL,NULL,3,NULL,'',NULL,2,1458207917,NULL,'test test',1,0,0,0),(58,NULL,NULL,3,NULL,'',NULL,2,1458553517,NULL,'test test',1,0,0,0),(59,NULL,NULL,3,NULL,'',NULL,2,1458207917,NULL,'test test',1,0,0,0),(60,NULL,NULL,3,NULL,'',NULL,2,1458553517,NULL,'test test',1,0,0,0),(61,NULL,NULL,4,NULL,'',NULL,2,1458812717,NULL,'test test',1,0,0,0),(62,NULL,NULL,4,NULL,'',NULL,1,1458639917,NULL,'test test',1,0,0,0),(63,NULL,NULL,4,NULL,'',NULL,2,1458207917,NULL,'test test',1,0,0,0),(64,NULL,NULL,4,NULL,'',NULL,2,1458380717,NULL,'test test',1,0,0,0),(65,NULL,NULL,4,NULL,'',NULL,2,1458726317,NULL,'test test',1,0,0,0),(66,NULL,NULL,4,NULL,'',NULL,2,1458812717,NULL,'test test',1,0,0,0),(67,NULL,NULL,4,NULL,'',NULL,2,1458035117,NULL,'test test',1,0,0,0),(68,NULL,NULL,4,NULL,'',NULL,2,1458812717,NULL,'test test',1,0,0,0),(69,NULL,NULL,4,NULL,'',NULL,2,1458294317,NULL,'test test',1,0,0,0),(70,NULL,NULL,4,NULL,'',NULL,2,1458035117,NULL,'test test',1,0,0,0),(71,NULL,NULL,4,NULL,'',NULL,2,1458294317,NULL,'test test',1,0,0,0),(72,NULL,NULL,4,NULL,'',NULL,2,1458121517,NULL,'test test',1,0,0,0),(73,NULL,NULL,4,NULL,'',NULL,2,1458294317,NULL,'test test',1,0,0,0),(74,NULL,NULL,4,NULL,'',NULL,2,1458294317,NULL,'test test',1,0,0,0),(75,NULL,NULL,4,NULL,'',NULL,2,1458207917,NULL,'test test',1,0,0,0),(76,NULL,NULL,4,NULL,'',NULL,2,1458639917,NULL,'test test',1,0,0,0),(77,NULL,NULL,4,NULL,'',NULL,2,1458726317,NULL,'test test',1,0,0,0),(78,NULL,NULL,5,NULL,'',NULL,4,1458207917,NULL,'test test',1,0,0,0),(79,NULL,NULL,5,NULL,'',NULL,3,1458294317,NULL,'test test',1,0,0,0),(80,NULL,NULL,5,NULL,'',NULL,3,1458121517,NULL,'test test',1,0,0,0),(81,NULL,NULL,5,NULL,'',NULL,3,1458639917,NULL,'test test',1,0,0,0),(82,NULL,NULL,5,NULL,'',NULL,2,1458553517,NULL,'test test',1,0,0,0),(83,NULL,NULL,5,NULL,'',NULL,3,1458899117,NULL,'test test',1,0,0,0),(84,NULL,NULL,5,NULL,'',NULL,3,1458639917,NULL,'test test',1,0,0,0),(85,NULL,NULL,5,NULL,'',NULL,2,1458899117,NULL,'test test',1,0,0,0),(86,NULL,NULL,5,NULL,'',NULL,3,1458207917,NULL,'test test',1,0,0,0),(87,NULL,NULL,5,NULL,'',NULL,3,1458726317,NULL,'test test',1,0,0,0),(88,NULL,NULL,5,NULL,'',NULL,3,1458121517,NULL,'test test',1,0,0,0),(89,NULL,NULL,5,NULL,'',NULL,3,1458726317,NULL,'test test',1,0,0,0),(90,NULL,NULL,5,NULL,'',NULL,3,1458035117,NULL,'test test',1,0,0,0),(91,NULL,NULL,5,NULL,'',NULL,3,1458726317,NULL,'test test',1,0,0,0),(92,NULL,NULL,5,NULL,'',NULL,3,1458639917,NULL,'test test',1,0,0,0),(93,NULL,NULL,5,NULL,'',NULL,3,1458726317,NULL,'test test',1,0,0,0),(94,NULL,NULL,5,NULL,'',NULL,3,1458035117,NULL,'test test',1,0,0,0),(95,NULL,NULL,5,NULL,'',NULL,3,1458121517,NULL,'test test',1,0,0,0),(96,NULL,NULL,5,NULL,'',NULL,3,1458467117,NULL,'test test',1,0,0,0),(97,NULL,NULL,5,NULL,'',NULL,3,1458812717,NULL,'test test',1,0,0,0),(98,NULL,NULL,5,NULL,'',NULL,3,1458207917,NULL,'test test',1,0,0,0),(99,NULL,NULL,5,NULL,'',NULL,3,1458294317,NULL,'test test',1,0,0,0),(100,NULL,NULL,6,NULL,'',NULL,3,1458207917,NULL,'test test',1,0,0,0),(101,NULL,NULL,6,NULL,'',NULL,2,1458207917,NULL,'test test',1,0,0,0),(102,NULL,NULL,6,NULL,'',NULL,3,1458553517,NULL,'test test',1,0,0,0),(103,NULL,NULL,6,NULL,'',NULL,3,1458294317,NULL,'test test',1,0,0,0),(104,NULL,NULL,6,NULL,'',NULL,3,1458467117,NULL,'test test',1,0,0,0),(105,NULL,NULL,6,NULL,'',NULL,3,1458899117,NULL,'test test',1,0,0,0),(106,NULL,NULL,6,NULL,'',NULL,3,1458553517,NULL,'test test',1,0,0,0),(107,NULL,NULL,6,NULL,'',NULL,3,1458207917,NULL,'test test',1,0,0,0),(108,NULL,NULL,6,NULL,'',NULL,3,1458639917,NULL,'test test',1,0,0,0),(109,NULL,NULL,6,NULL,'',NULL,3,1458726317,NULL,'test test',1,0,0,0),(110,NULL,NULL,6,NULL,'',NULL,3,1458467117,NULL,'test test',1,0,0,0),(111,NULL,NULL,6,NULL,'',NULL,3,1458812717,NULL,'test test',1,0,0,0),(112,NULL,NULL,6,NULL,'',NULL,3,1458467117,NULL,'test test',1,0,0,0),(113,NULL,NULL,6,NULL,'',NULL,3,1458121517,NULL,'test test',1,0,0,0),(114,NULL,NULL,6,NULL,'',NULL,3,1458812717,NULL,'test test',1,0,0,0),(115,NULL,NULL,6,NULL,'',NULL,3,1458121517,NULL,'test test',1,0,0,0),(116,NULL,NULL,6,NULL,'',NULL,3,1458035117,NULL,'test test',1,0,0,0),(117,NULL,NULL,6,NULL,'',NULL,3,1458121517,NULL,'test test',1,0,0,0),(118,NULL,NULL,6,NULL,'',NULL,3,1458812717,NULL,'test test',1,0,0,0),(119,NULL,NULL,7,NULL,'',NULL,3,1458207917,NULL,'test test',1,0,0,0),(120,NULL,NULL,7,NULL,'',NULL,3,1458812717,NULL,'test test',1,0,0,0),(121,NULL,NULL,7,NULL,'',NULL,3,1458899117,NULL,'test test',1,0,0,0),(122,NULL,NULL,7,NULL,'',NULL,4,1458899117,NULL,'test test',1,0,0,0),(123,NULL,NULL,7,NULL,'',NULL,3,1458553517,NULL,'test test',1,0,0,0),(124,NULL,NULL,7,NULL,'',NULL,3,1458639917,NULL,'test test',1,0,0,0),(125,NULL,NULL,7,NULL,'',NULL,4,1458899117,NULL,'test test',1,0,0,0),(126,NULL,NULL,7,NULL,'',NULL,3,1458726317,NULL,'test test',1,0,0,0),(127,NULL,NULL,7,NULL,'',NULL,3,1458121517,NULL,'test test',1,0,0,0),(128,NULL,NULL,7,NULL,'',NULL,3,1458812717,NULL,'test test',1,0,0,0),(129,NULL,NULL,7,NULL,'',NULL,3,1458899117,NULL,'test test',1,0,0,0),(130,NULL,NULL,7,NULL,'',NULL,3,1458467117,NULL,'test test',1,0,0,0),(131,NULL,NULL,7,NULL,'',NULL,3,1458035117,NULL,'test test',1,0,0,0),(132,NULL,NULL,7,NULL,'',NULL,3,1458207917,NULL,'test test',1,0,0,0),(133,NULL,NULL,7,NULL,'',NULL,3,1458035117,NULL,'test test',1,0,0,0),(134,NULL,NULL,8,NULL,'',NULL,3,1458294317,NULL,'test test',1,0,0,0),(135,NULL,NULL,8,NULL,'',NULL,2,1458726317,NULL,'test test',1,0,0,0),(136,NULL,NULL,8,NULL,'',NULL,3,1458035117,NULL,'test test',1,0,0,0),(137,NULL,NULL,8,NULL,'',NULL,3,1458899117,NULL,'test test',1,0,0,0),(138,NULL,NULL,8,NULL,'',NULL,3,1458899117,NULL,'test test',1,0,0,0),(139,NULL,NULL,8,NULL,'',NULL,3,1458726317,NULL,'test test',1,0,0,0),(140,NULL,NULL,8,NULL,'',NULL,3,1458726317,NULL,'test test',1,0,0,0),(141,NULL,NULL,8,NULL,'',NULL,4,1458467117,NULL,'test test',1,0,0,0),(142,NULL,NULL,8,NULL,'',NULL,3,1458553517,NULL,'test test',1,0,0,0),(143,NULL,NULL,8,NULL,'',NULL,3,1458207917,NULL,'test test',1,0,0,0),(144,NULL,NULL,8,NULL,'',NULL,3,1458553517,NULL,'test test',1,0,0,0),(145,NULL,NULL,8,NULL,'',NULL,3,1458380717,NULL,'test test',1,0,0,0),(146,NULL,NULL,8,NULL,'',NULL,3,1458380717,NULL,'test test',1,0,0,0),(147,NULL,NULL,8,NULL,'',NULL,3,1458639917,NULL,'test test',1,0,0,0),(148,NULL,NULL,8,NULL,'',NULL,3,1458467117,NULL,'test test',1,0,0,0),(149,NULL,NULL,8,NULL,'',NULL,3,1458294317,NULL,'test test',1,0,0,0),(150,NULL,NULL,8,NULL,'',NULL,3,1458812717,NULL,'test test',1,0,0,0),(151,NULL,NULL,8,NULL,'',NULL,3,1458380717,NULL,'test test',1,0,0,0),(152,NULL,NULL,8,NULL,'',NULL,3,1458207917,NULL,'test test',1,0,0,0),(153,NULL,NULL,8,NULL,'',NULL,3,1458726317,NULL,'test test',1,0,0,0),(154,NULL,NULL,8,NULL,'',NULL,3,1458035117,NULL,'test test',1,0,0,0),(155,NULL,NULL,8,NULL,'',NULL,3,1458812717,NULL,'test test',1,0,0,0),(156,NULL,NULL,8,NULL,'',NULL,3,1458726317,NULL,'test test',1,0,0,0),(157,NULL,NULL,8,NULL,'',NULL,3,1458726317,NULL,'test test',1,0,0,0),(158,NULL,NULL,9,NULL,'',NULL,4,1458899117,NULL,'test test',1,0,0,0),(159,NULL,NULL,9,NULL,'',NULL,2,1458553517,NULL,'test test',1,0,0,0),(160,NULL,NULL,9,NULL,'',NULL,3,1458639917,NULL,'test test',1,0,0,0),(161,NULL,NULL,9,NULL,'',NULL,3,1458380717,NULL,'test test',1,0,0,0),(162,NULL,NULL,9,NULL,'',NULL,3,1458553517,NULL,'test test',1,0,0,0),(163,NULL,NULL,9,NULL,'',NULL,3,1458899117,NULL,'test test',1,0,0,0),(164,NULL,NULL,9,NULL,'',NULL,3,1458467117,NULL,'test test',1,0,0,0),(165,NULL,NULL,9,NULL,'',NULL,3,1458899117,NULL,'test test',1,0,0,0),(166,NULL,NULL,9,NULL,'',NULL,3,1458639917,NULL,'test test',1,0,0,0),(167,NULL,NULL,9,NULL,'',NULL,3,1458467117,NULL,'test test',1,0,0,0),(168,NULL,NULL,9,NULL,'',NULL,3,1458812717,NULL,'test test',1,0,0,0),(169,NULL,NULL,9,NULL,'',NULL,3,1458639917,NULL,'test test',1,0,0,0),(170,NULL,NULL,9,NULL,'',NULL,3,1458207917,NULL,'test test',1,0,0,0),(171,NULL,NULL,9,NULL,'',NULL,3,1458639917,NULL,'test test',1,0,0,0),(172,NULL,NULL,9,NULL,'',NULL,3,1458121517,NULL,'test test',1,0,0,0),(173,NULL,NULL,9,NULL,'',NULL,3,1458812717,NULL,'test test',1,0,0,0),(174,NULL,NULL,9,NULL,'',NULL,3,1458812717,NULL,'test test',1,0,0,0),(175,NULL,NULL,9,NULL,'',NULL,3,1458726317,NULL,'test test',1,0,0,0),(176,NULL,NULL,10,NULL,'',NULL,3,1458207917,NULL,'test test',1,0,0,0),(177,NULL,NULL,10,NULL,'',NULL,4,1458207917,NULL,'test test',1,0,0,0),(178,NULL,NULL,10,NULL,'',NULL,4,1458380717,NULL,'test test',1,0,0,0),(179,NULL,NULL,10,NULL,'',NULL,2,1458726317,NULL,'test test',1,0,0,0),(180,NULL,NULL,10,NULL,'',NULL,3,1458467117,NULL,'test test',1,0,0,0),(181,NULL,NULL,10,NULL,'',NULL,3,1458294317,NULL,'test test',1,0,0,0),(182,NULL,NULL,10,NULL,'',NULL,3,1458207917,NULL,'test test',1,0,0,0),(183,NULL,NULL,10,NULL,'',NULL,3,1458639917,NULL,'test test',1,0,0,0),(184,NULL,NULL,10,NULL,'',NULL,3,1458121517,NULL,'test test',1,0,0,0),(185,NULL,NULL,10,NULL,'',NULL,3,1458294317,NULL,'test test',1,0,0,0),(186,NULL,NULL,10,NULL,'',NULL,3,1458467117,NULL,'test test',1,0,0,0),(187,NULL,NULL,10,NULL,'',NULL,3,1458812717,NULL,'test test',1,0,0,0),(188,NULL,NULL,10,NULL,'',NULL,3,1458035117,NULL,'test test',1,0,0,0),(189,NULL,NULL,10,NULL,'',NULL,3,1458467117,NULL,'test test',1,0,0,0),(190,NULL,NULL,10,NULL,'',NULL,3,1458380717,NULL,'test test',1,0,0,0),(191,NULL,NULL,10,NULL,'',NULL,3,1458726317,NULL,'test test',1,0,0,0),(192,NULL,NULL,10,NULL,'',NULL,3,1458812717,NULL,'test test',1,0,0,0),(193,NULL,NULL,10,NULL,'',NULL,3,1458899117,NULL,'test test',1,0,0,0),(194,NULL,NULL,10,NULL,'',NULL,3,1458639917,NULL,'test test',1,0,0,0),(195,NULL,NULL,10,NULL,'',NULL,3,1458294317,NULL,'test test',1,0,0,0),(196,NULL,NULL,10,NULL,'',NULL,3,1458899117,NULL,'test test',1,0,0,0),(197,NULL,NULL,10,NULL,'',NULL,3,1458294317,NULL,'test test',1,0,0,0),(198,NULL,NULL,11,NULL,'',NULL,4,1458812717,NULL,'test test',1,0,0,0),(199,NULL,NULL,11,NULL,'',NULL,4,1458812717,NULL,'test test',1,0,0,0),(200,NULL,NULL,11,NULL,'',NULL,3,1458899117,NULL,'test test',1,0,0,0),(201,NULL,NULL,11,NULL,'',NULL,5,1458035117,NULL,'test test',1,0,0,0),(202,NULL,NULL,11,NULL,'',NULL,4,1458467117,NULL,'test test',1,0,0,0),(203,NULL,NULL,11,NULL,'',NULL,3,1458121517,NULL,'test test',1,0,0,0),(204,NULL,NULL,11,NULL,'',NULL,4,1458812717,NULL,'test test',1,0,0,0),(205,NULL,NULL,11,NULL,'',NULL,4,1458294317,NULL,'test test',1,0,0,0),(206,NULL,NULL,11,NULL,'',NULL,4,1458812717,NULL,'test test',1,0,0,0),(207,NULL,NULL,11,NULL,'',NULL,4,1458121517,NULL,'test test',1,0,0,0),(208,NULL,NULL,11,NULL,'',NULL,4,1458553517,NULL,'test test',1,0,0,0),(209,NULL,NULL,11,NULL,'',NULL,4,1458294317,NULL,'test test',1,0,0,0),(210,NULL,NULL,11,NULL,'',NULL,4,1458899117,NULL,'test test',1,0,0,0),(211,NULL,NULL,11,NULL,'',NULL,4,1458121517,NULL,'test test',1,0,0,0),(212,NULL,NULL,11,NULL,'',NULL,4,1458553517,NULL,'test test',1,0,0,0),(213,NULL,NULL,11,NULL,'',NULL,4,1458207917,NULL,'test test',1,0,0,0),(214,NULL,NULL,11,NULL,'',NULL,4,1458726317,NULL,'test test',1,0,0,0),(215,NULL,NULL,12,NULL,'',NULL,5,1458639917,NULL,'test test',1,0,0,0),(216,NULL,NULL,12,NULL,'',NULL,3,1458467117,NULL,'test test',1,0,0,0),(217,NULL,NULL,12,NULL,'',NULL,3,1458294317,NULL,'test test',1,0,0,0),(218,NULL,NULL,12,NULL,'',NULL,4,1458467117,NULL,'test test',1,0,0,0),(219,NULL,NULL,12,NULL,'',NULL,4,1458467117,NULL,'test test',1,0,0,0),(220,NULL,NULL,12,NULL,'',NULL,4,1458726317,NULL,'test test',1,0,0,0),(221,NULL,NULL,12,NULL,'',NULL,4,1458899117,NULL,'test test',1,0,0,0),(222,NULL,NULL,12,NULL,'',NULL,4,1458294317,NULL,'test test',1,0,0,0),(223,NULL,NULL,12,NULL,'',NULL,4,1458553517,NULL,'test test',1,0,0,0),(224,NULL,NULL,12,NULL,'',NULL,4,1458899117,NULL,'test test',1,0,0,0),(225,NULL,NULL,12,NULL,'',NULL,4,1458899117,NULL,'test test',1,0,0,0),(226,NULL,NULL,12,NULL,'',NULL,4,1458899117,NULL,'test test',1,0,0,0),(227,NULL,NULL,12,NULL,'',NULL,4,1458812717,NULL,'test test',1,0,0,0),(228,NULL,NULL,12,NULL,'',NULL,4,1458294317,NULL,'test test',1,0,0,0),(229,NULL,NULL,12,NULL,'',NULL,4,1458726317,NULL,'test test',1,0,0,0),(230,NULL,NULL,12,NULL,'',NULL,4,1458639917,NULL,'test test',1,0,0,0),(231,NULL,NULL,12,NULL,'',NULL,4,1458207917,NULL,'test test',1,0,0,0),(232,NULL,NULL,12,NULL,'',NULL,4,1458726317,NULL,'test test',1,0,0,0),(233,NULL,NULL,12,NULL,'',NULL,4,1458207917,NULL,'test test',1,0,0,0),(234,NULL,NULL,12,NULL,'',NULL,4,1458380717,NULL,'test test',1,0,0,0),(235,NULL,NULL,13,NULL,'',NULL,3,1458639917,NULL,'test test',1,0,0,0),(236,NULL,NULL,13,NULL,'',NULL,4,1458467117,NULL,'test test',1,0,0,0),(237,NULL,NULL,13,NULL,'',NULL,4,1458207917,NULL,'test test',1,0,0,0),(238,NULL,NULL,13,NULL,'',NULL,3,1458812717,NULL,'test test',1,0,0,0),(239,NULL,NULL,13,NULL,'',NULL,4,1458121517,NULL,'test test',1,0,0,0),(240,NULL,NULL,13,NULL,'',NULL,4,1458553517,NULL,'test test',1,0,0,0),(241,NULL,NULL,13,NULL,'',NULL,4,1458726317,NULL,'test test',1,0,0,0),(242,NULL,NULL,13,NULL,'',NULL,4,1458207917,NULL,'test test',1,0,0,0),(243,NULL,NULL,13,NULL,'',NULL,4,1458207917,NULL,'test test',1,0,0,0),(244,NULL,NULL,13,NULL,'',NULL,3,1458899117,NULL,'test test',1,0,0,0),(245,NULL,NULL,13,NULL,'',NULL,4,1458035117,NULL,'test test',1,0,0,0),(246,NULL,NULL,13,NULL,'',NULL,4,1458899117,NULL,'test test',1,0,0,0),(247,NULL,NULL,13,NULL,'',NULL,4,1458467117,NULL,'test test',1,0,0,0),(248,NULL,NULL,13,NULL,'',NULL,4,1458380717,NULL,'test test',1,0,0,0),(249,NULL,NULL,13,NULL,'',NULL,4,1458467117,NULL,'test test',1,0,0,0),(250,NULL,NULL,14,NULL,'',NULL,4,1458899117,NULL,'test test',1,0,0,0),(251,NULL,NULL,14,NULL,'',NULL,4,1458121517,NULL,'test test',1,0,0,0),(252,NULL,NULL,14,NULL,'',NULL,4,1458380717,NULL,'test test',1,0,0,0),(253,NULL,NULL,14,NULL,'',NULL,4,1458207917,NULL,'test test',1,0,0,0),(254,NULL,NULL,14,NULL,'',NULL,3,1458726317,NULL,'test test',1,0,0,0),(255,NULL,NULL,14,NULL,'',NULL,4,1458294317,NULL,'test test',1,0,0,0),(256,NULL,NULL,14,NULL,'',NULL,3,1458207917,NULL,'test test',1,0,0,0),(257,NULL,NULL,14,NULL,'',NULL,4,1458726317,NULL,'test test',1,0,0,0),(258,NULL,NULL,14,NULL,'',NULL,4,1458121517,NULL,'test test',1,0,0,0),(259,NULL,NULL,14,NULL,'',NULL,4,1458467117,NULL,'test test',1,0,0,0),(260,NULL,NULL,14,NULL,'',NULL,4,1458467117,NULL,'test test',1,0,0,0),(261,NULL,NULL,14,NULL,'',NULL,4,1458812717,NULL,'test test',1,0,0,0),(262,NULL,NULL,14,NULL,'',NULL,4,1458726317,NULL,'test test',1,0,0,0),(263,NULL,NULL,14,NULL,'',NULL,4,1458294317,NULL,'test test',1,0,0,0),(264,NULL,NULL,14,NULL,'',NULL,4,1458035117,NULL,'test test',1,0,0,0),(265,NULL,NULL,14,NULL,'',NULL,4,1458121517,NULL,'test test',1,0,0,0),(266,NULL,NULL,14,NULL,'',NULL,4,1458035117,NULL,'test test',1,0,0,0),(267,NULL,NULL,14,NULL,'',NULL,4,1458553517,NULL,'test test',1,0,0,0),(268,NULL,NULL,14,NULL,'',NULL,4,1458380717,NULL,'test test',1,0,0,0),(269,NULL,NULL,14,NULL,'',NULL,4,1458812717,NULL,'test test',1,0,0,0),(270,NULL,NULL,14,NULL,'',NULL,4,1458726317,NULL,'test test',1,0,0,0),(271,NULL,NULL,15,NULL,'',NULL,5,1458035117,NULL,'test test',1,0,0,0),(272,NULL,NULL,15,NULL,'',NULL,5,1458639917,NULL,'test test',1,0,0,0),(273,NULL,NULL,15,NULL,'',NULL,5,1458899117,NULL,'test test',1,0,0,0),(274,NULL,NULL,15,NULL,'',NULL,5,1458207917,NULL,'test test',1,0,0,0),(275,NULL,NULL,15,NULL,'',NULL,5,1458639917,NULL,'test test',1,0,0,0),(276,NULL,NULL,15,NULL,'',NULL,5,1458035117,NULL,'test test',1,0,0,0),(277,NULL,NULL,15,NULL,'',NULL,5,1458121517,NULL,'test test',1,0,0,0),(278,NULL,NULL,15,NULL,'',NULL,5,1458121517,NULL,'test test',1,0,0,0),(279,NULL,NULL,15,NULL,'',NULL,4,1458380717,NULL,'test test',1,0,0,0),(280,NULL,NULL,15,NULL,'',NULL,5,1458639917,NULL,'test test',1,0,0,0),(281,NULL,NULL,15,NULL,'',NULL,4,1458121517,NULL,'test test',1,0,0,0),(282,NULL,NULL,15,NULL,'',NULL,5,1458553517,NULL,'test test',1,0,0,0),(283,NULL,NULL,15,NULL,'',NULL,5,1458035117,NULL,'test test',1,0,0,0),(284,NULL,NULL,15,NULL,'',NULL,5,1458380717,NULL,'test test',1,0,0,0),(285,NULL,NULL,15,NULL,'',NULL,5,1458294317,NULL,'test test',1,0,0,0),(286,NULL,NULL,15,NULL,'',NULL,4,1458294317,NULL,'test test',1,0,0,0),(287,NULL,NULL,15,NULL,'',NULL,5,1458553517,NULL,'test test',1,0,0,0),(288,NULL,NULL,16,NULL,'',NULL,5,1458121517,NULL,'test test',1,0,0,0),(289,NULL,NULL,16,NULL,'',NULL,5,1458467117,NULL,'test test',1,0,0,0),(290,NULL,NULL,16,NULL,'',NULL,4,1458035117,NULL,'test test',1,0,0,0),(291,NULL,NULL,16,NULL,'',NULL,4,1458553517,NULL,'test test',1,0,0,0),(292,NULL,NULL,16,NULL,'',NULL,4,1458380717,NULL,'test test',1,0,0,0),(293,NULL,NULL,16,NULL,'',NULL,3,1458812717,NULL,'test test',1,0,0,0),(294,NULL,NULL,16,NULL,'',NULL,4,1458899117,NULL,'test test',1,0,0,0),(295,NULL,NULL,16,NULL,'',NULL,4,1458467117,NULL,'test test',1,0,0,0),(296,NULL,NULL,16,NULL,'',NULL,4,1458899117,NULL,'test test',1,0,0,0),(297,NULL,NULL,16,NULL,'',NULL,4,1458899117,NULL,'test test',1,0,0,0),(298,NULL,NULL,16,NULL,'',NULL,4,1458121517,NULL,'test test',1,0,0,0),(299,NULL,NULL,16,NULL,'',NULL,4,1458380717,NULL,'test test',1,0,0,0),(300,NULL,NULL,16,NULL,'',NULL,4,1458812717,NULL,'test test',1,0,0,0),(301,NULL,NULL,16,NULL,'',NULL,4,1458812717,NULL,'test test',1,0,0,0),(302,NULL,NULL,16,NULL,'',NULL,4,1458380717,NULL,'test test',1,0,0,0),(303,NULL,NULL,16,NULL,'',NULL,4,1458467117,NULL,'test test',1,0,0,0),(304,NULL,NULL,16,NULL,'',NULL,4,1458812717,NULL,'test test',1,0,0,0),(305,NULL,NULL,16,NULL,'',NULL,4,1458553517,NULL,'test test',1,0,0,0),(306,NULL,NULL,16,NULL,'',NULL,4,1458121517,NULL,'test test',1,0,0,0),(307,NULL,NULL,16,NULL,'',NULL,4,1458812717,NULL,'test test',1,0,0,0),(308,NULL,NULL,16,NULL,'',NULL,4,1458726317,NULL,'test test',1,0,0,0),(309,NULL,NULL,16,NULL,'',NULL,4,1458207917,NULL,'test test',1,0,0,0),(310,NULL,NULL,17,NULL,'',NULL,5,1458207917,NULL,'test test',1,0,0,0),(311,NULL,NULL,17,NULL,'',NULL,4,1458380717,NULL,'test test',1,0,0,0),(312,NULL,NULL,17,NULL,'',NULL,4,1458294317,NULL,'test test',1,0,0,0),(313,NULL,NULL,17,NULL,'',NULL,4,1458726317,NULL,'test test',1,0,0,0),(314,NULL,NULL,17,NULL,'',NULL,4,1458467117,NULL,'test test',1,0,0,0),(315,NULL,NULL,17,NULL,'',NULL,4,1458639917,NULL,'test test',1,0,0,0),(316,NULL,NULL,17,NULL,'',NULL,4,1458121517,NULL,'test test',1,0,0,0),(317,NULL,NULL,17,NULL,'',NULL,4,1458812717,NULL,'test test',1,0,0,0),(318,NULL,NULL,17,NULL,'',NULL,4,1458294317,NULL,'test test',1,0,0,0),(319,NULL,NULL,17,NULL,'',NULL,4,1458207917,NULL,'test test',1,0,0,0),(320,NULL,NULL,17,NULL,'',NULL,4,1458294317,NULL,'test test',1,0,0,0),(321,NULL,NULL,17,NULL,'',NULL,4,1458380717,NULL,'test test',1,0,0,0),(322,NULL,NULL,17,NULL,'',NULL,4,1458812717,NULL,'test test',1,0,0,0),(323,NULL,NULL,17,NULL,'',NULL,4,1458726317,NULL,'test test',1,0,0,0),(324,NULL,NULL,17,NULL,'',NULL,4,1458207917,NULL,'test test',1,0,0,0),(325,NULL,NULL,17,NULL,'',NULL,4,1458726317,NULL,'test test',1,0,0,0),(326,NULL,NULL,17,NULL,'',NULL,4,1458294317,NULL,'test test',1,0,0,0),(327,NULL,NULL,17,NULL,'',NULL,4,1458207917,NULL,'test test',1,0,0,0),(328,NULL,NULL,17,NULL,'',NULL,4,1458726317,NULL,'test test',1,0,0,0),(329,NULL,NULL,17,NULL,'',NULL,4,1458380717,NULL,'test test',1,0,0,0),(330,NULL,NULL,17,NULL,'',NULL,4,1458553517,NULL,'test test',1,0,0,0),(331,NULL,NULL,18,NULL,'',NULL,4,1458553517,NULL,'test test',1,0,0,0),(332,NULL,NULL,18,NULL,'',NULL,4,1458207917,NULL,'test test',1,0,0,0),(333,NULL,NULL,18,NULL,'',NULL,4,1458899117,NULL,'test test',1,0,0,0),(334,NULL,NULL,18,NULL,'',NULL,4,1458035117,NULL,'test test',1,0,0,0),(335,NULL,NULL,18,NULL,'',NULL,5,1458121517,NULL,'test test',1,0,0,0),(336,NULL,NULL,18,NULL,'',NULL,4,1458553517,NULL,'test test',1,0,0,0),(337,NULL,NULL,18,NULL,'',NULL,5,1458121517,NULL,'test test',1,0,0,0),(338,NULL,NULL,18,NULL,'',NULL,4,1458899117,NULL,'test test',1,0,0,0),(339,NULL,NULL,18,NULL,'',NULL,4,1458294317,NULL,'test test',1,0,0,0),(340,NULL,NULL,18,NULL,'',NULL,4,1458380717,NULL,'test test',1,0,0,0),(341,NULL,NULL,18,NULL,'',NULL,4,1458207917,NULL,'test test',1,0,0,0),(342,NULL,NULL,18,NULL,'',NULL,4,1458726317,NULL,'test test',1,0,0,0),(343,NULL,NULL,18,NULL,'',NULL,4,1458726317,NULL,'test test',1,0,0,0),(344,NULL,NULL,18,NULL,'',NULL,4,1458899117,NULL,'test test',1,0,0,0),(345,NULL,NULL,18,NULL,'',NULL,4,1458207917,NULL,'test test',1,0,0,0),(346,NULL,NULL,18,NULL,'',NULL,4,1458467117,NULL,'test test',1,0,0,0),(347,NULL,NULL,18,NULL,'',NULL,4,1458121517,NULL,'test test',1,0,0,0),(348,NULL,NULL,18,NULL,'',NULL,4,1458035117,NULL,'test test',1,0,0,0),(349,NULL,NULL,18,NULL,'',NULL,4,1458726317,NULL,'test test',1,0,0,0),(350,NULL,NULL,18,NULL,'',NULL,4,1458380717,NULL,'test test',1,0,0,0),(351,NULL,NULL,18,NULL,'',NULL,4,1458380717,NULL,'test test',1,0,0,0),(352,NULL,NULL,18,NULL,'',NULL,4,1458121517,NULL,'test test',1,0,0,0),(353,NULL,NULL,18,NULL,'',NULL,4,1458207917,NULL,'test test',1,0,0,0),(354,NULL,NULL,18,NULL,'',NULL,4,1458121517,NULL,'test test',1,0,0,0),(355,NULL,NULL,19,NULL,'',NULL,4,1458380717,NULL,'test test',1,0,0,0),(356,NULL,NULL,19,NULL,'',NULL,4,1458035117,NULL,'test test',1,0,0,0),(357,NULL,NULL,19,NULL,'',NULL,4,1458380717,NULL,'test test',1,0,0,0),(358,NULL,NULL,19,NULL,'',NULL,3,1458553517,NULL,'test test',1,0,0,0),(359,NULL,NULL,19,NULL,'',NULL,4,1458726317,NULL,'test test',1,0,0,0),(360,NULL,NULL,19,NULL,'',NULL,4,1458812717,NULL,'test test',1,0,0,0),(361,NULL,NULL,19,NULL,'',NULL,4,1458121517,NULL,'test test',1,0,0,0),(362,NULL,NULL,19,NULL,'',NULL,4,1458380717,NULL,'test test',1,0,0,0),(363,NULL,NULL,19,NULL,'',NULL,4,1458121517,NULL,'test test',1,0,0,0),(364,NULL,NULL,19,NULL,'',NULL,4,1458035117,NULL,'test test',1,0,0,0),(365,NULL,NULL,19,NULL,'',NULL,4,1458380717,NULL,'test test',1,0,0,0),(366,NULL,NULL,19,NULL,'',NULL,4,1458207917,NULL,'test test',1,0,0,0),(367,NULL,NULL,19,NULL,'',NULL,4,1458553517,NULL,'test test',1,0,0,0),(368,NULL,NULL,19,NULL,'',NULL,4,1458553517,NULL,'test test',1,0,0,0),(369,NULL,NULL,19,NULL,'',NULL,4,1458121517,NULL,'test test',1,0,0,0),(370,NULL,NULL,19,NULL,'',NULL,4,1458899117,NULL,'test test',1,0,0,0),(371,NULL,NULL,20,NULL,'',NULL,4,1458035117,NULL,'test test',1,0,0,0),(372,NULL,NULL,20,NULL,'',NULL,4,1458294317,NULL,'test test',1,0,0,0),(373,NULL,NULL,20,NULL,'',NULL,4,1458639917,NULL,'test test',1,0,0,0),(374,NULL,NULL,20,NULL,'',NULL,4,1458726317,NULL,'test test',1,0,0,0),(375,NULL,NULL,20,NULL,'',NULL,5,1458294317,NULL,'test test',1,0,0,0),(376,NULL,NULL,20,NULL,'',NULL,3,1458812717,NULL,'test test',1,0,0,0),(377,NULL,NULL,20,NULL,'',NULL,4,1458207917,NULL,'test test',1,0,0,0),(378,NULL,NULL,20,NULL,'',NULL,4,1458467117,NULL,'test test',1,0,0,0),(379,NULL,NULL,20,NULL,'',NULL,4,1458812717,NULL,'test test',1,0,0,0),(380,NULL,NULL,20,NULL,'',NULL,4,1458899117,NULL,'test test',1,0,0,0),(381,NULL,NULL,20,NULL,'',NULL,4,1458812717,NULL,'test test',1,0,0,0),(382,NULL,NULL,20,NULL,'',NULL,4,1458294317,NULL,'test test',1,0,0,0),(383,NULL,NULL,20,NULL,'',NULL,4,1458121517,NULL,'test test',1,0,0,0),(384,NULL,NULL,20,NULL,'',NULL,4,1458121517,NULL,'test test',1,0,0,0),(385,NULL,NULL,20,NULL,'',NULL,4,1458380717,NULL,'test test',1,0,0,0),(386,NULL,NULL,20,NULL,'',NULL,4,1458467117,NULL,'test test',1,0,0,0),(387,NULL,NULL,20,NULL,'',NULL,4,1458121517,NULL,'test test',1,0,0,0),(388,NULL,NULL,20,NULL,'',NULL,4,1458812717,NULL,'test test',1,0,0,0),(389,NULL,NULL,20,NULL,'',NULL,4,1458035117,NULL,'test test',1,0,0,0),(390,NULL,NULL,20,NULL,'',NULL,4,1458899117,NULL,'test test',1,0,0,0),(391,NULL,NULL,20,NULL,'',NULL,4,1458726317,NULL,'test test',1,0,0,0),(392,NULL,NULL,20,NULL,'',NULL,4,1458121517,NULL,'test test',1,0,0,0),(393,NULL,NULL,20,NULL,'',NULL,4,1458294317,NULL,'test test',1,0,0,0),(394,NULL,NULL,20,NULL,'',NULL,4,1458812717,NULL,'test test',1,0,0,0),(395,NULL,NULL,20,NULL,'',NULL,4,1458207917,NULL,'test test',1,0,0,0),(396,NULL,NULL,21,NULL,'',NULL,4,1458726317,NULL,'test test',1,0,0,0),(397,NULL,NULL,21,NULL,'',NULL,3,1458035117,NULL,'test test',1,0,0,0),(398,NULL,NULL,21,NULL,'',NULL,3,1458726317,NULL,'test test',1,0,0,0),(399,NULL,NULL,21,NULL,'',NULL,3,1458380717,NULL,'test test',1,0,0,0),(400,NULL,NULL,21,NULL,'',NULL,4,1458207917,NULL,'test test',1,0,0,0),(401,NULL,NULL,21,NULL,'',NULL,4,1458639917,NULL,'test test',1,0,0,0),(402,NULL,NULL,21,NULL,'',NULL,4,1458380717,NULL,'test test',1,0,0,0),(403,NULL,NULL,21,NULL,'',NULL,4,1458553517,NULL,'test test',1,0,0,0),(404,NULL,NULL,21,NULL,'',NULL,4,1458380717,NULL,'test test',1,0,0,0),(405,NULL,NULL,21,NULL,'',NULL,4,1458121517,NULL,'test test',1,0,0,0),(406,NULL,NULL,21,NULL,'',NULL,4,1458899117,NULL,'test test',1,0,0,0),(407,NULL,NULL,21,NULL,'',NULL,4,1458207917,NULL,'test test',1,0,0,0),(408,NULL,NULL,21,NULL,'',NULL,4,1458380717,NULL,'test test',1,0,0,0),(409,NULL,NULL,21,NULL,'',NULL,4,1458467117,NULL,'test test',1,0,0,0),(410,NULL,NULL,21,NULL,'',NULL,4,1458121517,NULL,'test test',1,0,0,0),(411,NULL,NULL,21,NULL,'',NULL,4,1458294317,NULL,'test test',1,0,0,0),(412,NULL,NULL,21,NULL,'',NULL,4,1458294317,NULL,'test test',1,0,0,0),(413,NULL,NULL,21,NULL,'',NULL,4,1458380717,NULL,'test test',1,0,0,0),(414,NULL,NULL,21,NULL,'',NULL,4,1458467117,NULL,'test test',1,0,0,0),(415,NULL,NULL,21,NULL,'',NULL,4,1458467117,NULL,'test test',1,0,0,0),(416,NULL,NULL,21,NULL,'',NULL,4,1458812717,NULL,'test test',1,0,0,0),(417,NULL,NULL,21,NULL,'',NULL,4,1458899117,NULL,'test test',1,0,0,0),(418,NULL,NULL,22,NULL,'',NULL,4,1458639917,NULL,'test test',1,0,0,0),(419,NULL,NULL,22,NULL,'',NULL,4,1458726317,NULL,'test test',1,0,0,0),(420,NULL,NULL,22,NULL,'',NULL,4,1458035117,NULL,'test test',1,0,0,0),(421,NULL,NULL,22,NULL,'',NULL,4,1458553517,NULL,'test test',1,0,0,0),(422,NULL,NULL,22,NULL,'',NULL,5,1458467117,NULL,'test test',1,0,0,0),(423,NULL,NULL,22,NULL,'',NULL,4,1458121517,NULL,'test test',1,0,0,0),(424,NULL,NULL,22,NULL,'',NULL,4,1458899117,NULL,'test test',1,0,0,0),(425,NULL,NULL,22,NULL,'',NULL,4,1458380717,NULL,'test test',1,0,0,0),(426,NULL,NULL,22,NULL,'',NULL,4,1458294317,NULL,'test test',1,0,0,0),(427,NULL,NULL,22,NULL,'',NULL,4,1458726317,NULL,'test test',1,0,0,0),(428,NULL,NULL,22,NULL,'',NULL,4,1458467117,NULL,'test test',1,0,0,0),(429,NULL,NULL,22,NULL,'',NULL,4,1458121517,NULL,'test test',1,0,0,0),(430,NULL,NULL,22,NULL,'',NULL,4,1458121517,NULL,'test test',1,0,0,0),(431,NULL,NULL,22,NULL,'',NULL,4,1458639917,NULL,'test test',1,0,0,0),(432,NULL,NULL,22,NULL,'',NULL,4,1458812717,NULL,'test test',1,0,0,0),(433,NULL,NULL,22,NULL,'',NULL,4,1458553517,NULL,'test test',1,0,0,0),(434,NULL,NULL,22,NULL,'',NULL,4,1458294317,NULL,'test test',1,0,0,0),(435,NULL,NULL,23,NULL,'',NULL,4,1458207917,NULL,'test test',1,0,0,0),(436,NULL,NULL,23,NULL,'',NULL,5,1458639917,NULL,'test test',1,0,0,0),(437,NULL,NULL,23,NULL,'',NULL,4,1458207917,NULL,'test test',1,0,0,0),(438,NULL,NULL,23,NULL,'',NULL,4,1458467117,NULL,'test test',1,0,0,0),(439,NULL,NULL,23,NULL,'',NULL,4,1458121517,NULL,'test test',1,0,0,0),(440,NULL,NULL,23,NULL,'',NULL,4,1458639917,NULL,'test test',1,0,0,0),(441,NULL,NULL,23,NULL,'',NULL,4,1458553517,NULL,'test test',1,0,0,0),(442,NULL,NULL,23,NULL,'',NULL,4,1458380717,NULL,'test test',1,0,0,0),(443,NULL,NULL,23,NULL,'',NULL,4,1458035117,NULL,'test test',1,0,0,0),(444,NULL,NULL,23,NULL,'',NULL,4,1458035117,NULL,'test test',1,0,0,0),(445,NULL,NULL,23,NULL,'',NULL,4,1458899117,NULL,'test test',1,0,0,0),(446,NULL,NULL,23,NULL,'',NULL,4,1458553517,NULL,'test test',1,0,0,0),(447,NULL,NULL,23,NULL,'',NULL,4,1458899117,NULL,'test test',1,0,0,0),(448,NULL,NULL,23,NULL,'',NULL,4,1458812717,NULL,'test test',1,0,0,0),(449,NULL,NULL,23,NULL,'',NULL,4,1458207917,NULL,'test test',1,0,0,0),(450,NULL,NULL,23,NULL,'',NULL,4,1458639917,NULL,'test test',1,0,0,0),(451,NULL,NULL,23,NULL,'',NULL,4,1458899117,NULL,'test test',1,0,0,0),(452,NULL,NULL,23,NULL,'',NULL,4,1458812717,NULL,'test test',1,0,0,0),(453,NULL,NULL,23,NULL,'',NULL,4,1458207917,NULL,'test test',1,0,0,0),(454,NULL,NULL,23,NULL,'',NULL,4,1458035117,NULL,'test test',1,0,0,0),(455,NULL,NULL,23,NULL,'',NULL,4,1458812717,NULL,'test test',1,0,0,0),(456,NULL,NULL,23,NULL,'',NULL,4,1458553517,NULL,'test test',1,0,0,0),(457,NULL,NULL,23,NULL,'',NULL,4,1458380717,NULL,'test test',1,0,0,0),(458,NULL,NULL,24,NULL,'',NULL,4,1458553517,NULL,'test test',1,0,0,0),(459,NULL,NULL,24,NULL,'',NULL,4,1458035117,NULL,'test test',1,0,0,0),(460,NULL,NULL,24,NULL,'',NULL,3,1458553517,NULL,'test test',1,0,0,0),(461,NULL,NULL,24,NULL,'',NULL,4,1458726317,NULL,'test test',1,0,0,0),(462,NULL,NULL,24,NULL,'',NULL,4,1458726317,NULL,'test test',1,0,0,0),(463,NULL,NULL,24,NULL,'',NULL,5,1458380717,NULL,'test test',1,0,0,0),(464,NULL,NULL,24,NULL,'',NULL,4,1458294317,NULL,'test test',1,0,0,0),(465,NULL,NULL,24,NULL,'',NULL,5,1458035117,NULL,'test test',1,0,0,0),(466,NULL,NULL,24,NULL,'',NULL,4,1458639917,NULL,'test test',1,0,0,0),(467,NULL,NULL,24,NULL,'',NULL,4,1458899117,NULL,'test test',1,0,0,0),(468,NULL,NULL,24,NULL,'',NULL,4,1458294317,NULL,'test test',1,0,0,0),(469,NULL,NULL,24,NULL,'',NULL,4,1458121517,NULL,'test test',1,0,0,0),(470,NULL,NULL,24,NULL,'',NULL,4,1458035117,NULL,'test test',1,0,0,0),(471,NULL,NULL,24,NULL,'',NULL,4,1458035117,NULL,'test test',1,0,0,0),(472,NULL,NULL,24,NULL,'',NULL,4,1458726317,NULL,'test test',1,0,0,0),(473,NULL,NULL,25,NULL,'',NULL,3,1458467117,NULL,'test test',1,0,0,0),(474,NULL,NULL,25,NULL,'',NULL,3,1458121517,NULL,'test test',1,0,0,0),(475,NULL,NULL,25,NULL,'',NULL,3,1458726317,NULL,'test test',1,0,0,0),(476,NULL,NULL,25,NULL,'',NULL,4,1458467117,NULL,'test test',1,0,0,0),(477,NULL,NULL,25,NULL,'',NULL,4,1458639917,NULL,'test test',1,0,0,0),(478,NULL,NULL,25,NULL,'',NULL,4,1458726317,NULL,'test test',1,0,0,0),(479,NULL,NULL,25,NULL,'',NULL,4,1458380717,NULL,'test test',1,0,0,0),(480,NULL,NULL,25,NULL,'',NULL,4,1458899117,NULL,'test test',1,0,0,0),(481,NULL,NULL,25,NULL,'',NULL,4,1458380717,NULL,'test test',1,0,0,0),(482,NULL,NULL,25,NULL,'',NULL,4,1458294317,NULL,'test test',1,0,0,0),(483,NULL,NULL,25,NULL,'',NULL,4,1458726317,NULL,'test test',1,0,0,0),(484,NULL,NULL,25,NULL,'',NULL,4,1458639917,NULL,'test test',1,0,0,0),(485,NULL,NULL,25,NULL,'',NULL,4,1458294317,NULL,'test test',1,0,0,0),(486,NULL,NULL,25,NULL,'',NULL,4,1458639917,NULL,'test test',1,0,0,0),(487,NULL,NULL,25,NULL,'',NULL,4,1458294317,NULL,'test test',1,0,0,0),(488,NULL,NULL,25,NULL,'',NULL,4,1458726317,NULL,'test test',1,0,0,0),(489,NULL,NULL,25,NULL,'',NULL,4,1458207917,NULL,'test test',1,0,0,0),(490,NULL,NULL,25,NULL,'',NULL,4,1458380717,NULL,'test test',1,0,0,0),(491,NULL,NULL,25,NULL,'',NULL,4,1458380717,NULL,'test test',1,0,0,0),(492,NULL,NULL,26,NULL,'',NULL,5,1458899117,NULL,'test test',1,0,0,0),(493,NULL,NULL,26,NULL,'',NULL,5,1458121517,NULL,'test test',1,0,0,0),(494,NULL,NULL,26,NULL,'',NULL,5,1458726317,NULL,'test test',1,0,0,0),(495,NULL,NULL,26,NULL,'',NULL,5,1458207917,NULL,'test test',1,0,0,0),(496,NULL,NULL,26,NULL,'',NULL,4,1458207917,NULL,'test test',1,0,0,0),(497,NULL,NULL,26,NULL,'',NULL,5,1458467117,NULL,'test test',1,0,0,0),(498,NULL,NULL,26,NULL,'',NULL,5,1458207917,NULL,'test test',1,0,0,0),(499,NULL,NULL,26,NULL,'',NULL,5,1458553517,NULL,'test test',1,0,0,0),(500,NULL,NULL,26,NULL,'',NULL,5,1458553517,NULL,'test test',1,0,0,0),(501,NULL,NULL,26,NULL,'',NULL,5,1458294317,NULL,'test test',1,0,0,0),(502,NULL,NULL,26,NULL,'',NULL,4,1458553517,NULL,'test test',1,0,0,0),(503,NULL,NULL,26,NULL,'',NULL,5,1458380717,NULL,'test test',1,0,0,0),(504,NULL,NULL,26,NULL,'',NULL,5,1458812717,NULL,'test test',1,0,0,0),(505,NULL,NULL,26,NULL,'',NULL,5,1458726317,NULL,'test test',1,0,0,0),(506,NULL,NULL,26,NULL,'',NULL,5,1458207917,NULL,'test test',1,0,0,0),(507,NULL,NULL,26,NULL,'',NULL,5,1458294317,NULL,'test test',1,0,0,0),(508,NULL,NULL,26,NULL,'',NULL,5,1458467117,NULL,'test test',1,0,0,0),(509,NULL,NULL,26,NULL,'',NULL,5,1458899117,NULL,'test test',1,0,0,0),(510,NULL,NULL,26,NULL,'',NULL,5,1458639917,NULL,'test test',1,0,0,0),(511,NULL,NULL,27,NULL,'',NULL,5,1458380717,NULL,'test test',1,0,0,0),(512,NULL,NULL,27,NULL,'',NULL,5,1458294317,NULL,'test test',1,0,0,0),(513,NULL,NULL,27,NULL,'',NULL,4,1458035117,NULL,'test test',1,0,0,0),(514,NULL,NULL,27,NULL,'',NULL,5,1458207917,NULL,'test test',1,0,0,0),(515,NULL,NULL,27,NULL,'',NULL,5,1458899117,NULL,'test test',1,0,0,0),(516,NULL,NULL,27,NULL,'',NULL,4,1458380717,NULL,'test test',1,0,0,0),(517,NULL,NULL,27,NULL,'',NULL,4,1458812717,NULL,'test test',1,0,0,0),(518,NULL,NULL,27,NULL,'',NULL,5,1458294317,NULL,'test test',1,0,0,0),(519,NULL,NULL,27,NULL,'',NULL,5,1458121517,NULL,'test test',1,0,0,0),(520,NULL,NULL,27,NULL,'',NULL,5,1458121517,NULL,'test test',1,0,0,0),(521,NULL,NULL,27,NULL,'',NULL,5,1458639917,NULL,'test test',1,0,0,0),(522,NULL,NULL,27,NULL,'',NULL,5,1458467117,NULL,'test test',1,0,0,0),(523,NULL,NULL,27,NULL,'',NULL,5,1458121517,NULL,'test test',1,0,0,0),(524,NULL,NULL,27,NULL,'',NULL,5,1458726317,NULL,'test test',1,0,0,0),(525,NULL,NULL,27,NULL,'',NULL,5,1458294317,NULL,'test test',1,0,0,0),(526,NULL,NULL,28,NULL,'',NULL,4,1458294317,NULL,'test test',1,0,0,0),(527,NULL,NULL,28,NULL,'',NULL,4,1458035117,NULL,'test test',1,0,0,0),(528,NULL,NULL,28,NULL,'',NULL,4,1458726317,NULL,'test test',1,0,0,0),(529,NULL,NULL,28,NULL,'',NULL,5,1458553517,NULL,'test test',1,0,0,0),(530,NULL,NULL,28,NULL,'',NULL,5,1458553517,NULL,'test test',1,0,0,0),(531,NULL,NULL,28,NULL,'',NULL,5,1458380717,NULL,'test test',1,0,0,0),(532,NULL,NULL,28,NULL,'',NULL,5,1458899117,NULL,'test test',1,0,0,0),(533,NULL,NULL,28,NULL,'',NULL,5,1458207917,NULL,'test test',1,0,0,0),(534,NULL,NULL,28,NULL,'',NULL,5,1458726317,NULL,'test test',1,0,0,0),(535,NULL,NULL,28,NULL,'',NULL,5,1458726317,NULL,'test test',1,0,0,0),(536,NULL,NULL,28,NULL,'',NULL,5,1458035117,NULL,'test test',1,0,0,0),(537,NULL,NULL,28,NULL,'',NULL,5,1458899117,NULL,'test test',1,0,0,0),(538,NULL,NULL,28,NULL,'',NULL,5,1458121517,NULL,'test test',1,0,0,0),(539,NULL,NULL,28,NULL,'',NULL,5,1458467117,NULL,'test test',1,0,0,0),(540,NULL,NULL,28,NULL,'',NULL,5,1458812717,NULL,'test test',1,0,0,0),(541,NULL,NULL,28,NULL,'',NULL,5,1458812717,NULL,'test test',1,0,0,0),(542,NULL,NULL,28,NULL,'',NULL,5,1458812717,NULL,'test test',1,0,0,0),(543,NULL,NULL,29,NULL,'',NULL,5,1458207917,NULL,'test test',1,0,0,0),(544,NULL,NULL,29,NULL,'',NULL,4,1458812717,NULL,'test test',1,0,0,0),(545,NULL,NULL,29,NULL,'',NULL,5,1458121517,NULL,'test test',1,0,0,0),(546,NULL,NULL,29,NULL,'',NULL,5,1458207917,NULL,'test test',1,0,0,0),(547,NULL,NULL,29,NULL,'',NULL,5,1458207917,NULL,'test test',1,0,0,0),(548,NULL,NULL,29,NULL,'',NULL,5,1458035117,NULL,'test test',1,0,0,0),(549,NULL,NULL,29,NULL,'',NULL,4,1458467117,NULL,'test test',1,0,0,0),(550,NULL,NULL,29,NULL,'',NULL,5,1458380717,NULL,'test test',1,0,0,0),(551,NULL,NULL,29,NULL,'',NULL,5,1458121517,NULL,'test test',1,0,0,0),(552,NULL,NULL,29,NULL,'',NULL,5,1458121517,NULL,'test test',1,0,0,0),(553,NULL,NULL,29,NULL,'',NULL,5,1458899117,NULL,'test test',1,0,0,0),(554,NULL,NULL,29,NULL,'',NULL,5,1458207917,NULL,'test test',1,0,0,0),(555,NULL,NULL,29,NULL,'',NULL,5,1458899117,NULL,'test test',1,0,0,0),(556,NULL,NULL,29,NULL,'',NULL,5,1458294317,NULL,'test test',1,0,0,0),(557,NULL,NULL,29,NULL,'',NULL,5,1458553517,NULL,'test test',1,0,0,0),(558,NULL,NULL,29,NULL,'',NULL,5,1458899117,NULL,'test test',1,0,0,0),(559,NULL,NULL,29,NULL,'',NULL,5,1458035117,NULL,'test test',1,0,0,0),(560,NULL,NULL,29,NULL,'',NULL,5,1458207917,NULL,'test test',1,0,0,0),(561,NULL,NULL,30,NULL,'',NULL,4,1458553517,NULL,'test test',1,0,0,0),(562,NULL,NULL,30,NULL,'',NULL,5,1458467117,NULL,'test test',1,0,0,0),(563,NULL,NULL,30,NULL,'',NULL,5,1458121517,NULL,'test test',1,0,0,0),(564,NULL,NULL,30,NULL,'',NULL,5,1458812717,NULL,'test test',1,0,0,0),(565,NULL,NULL,30,NULL,'',NULL,5,1458207917,NULL,'test test',1,0,0,0),(566,NULL,NULL,30,NULL,'',NULL,5,1458899117,NULL,'test test',1,0,0,0),(567,NULL,NULL,30,NULL,'',NULL,5,1458812717,NULL,'test test',1,0,0,0),(568,NULL,NULL,30,NULL,'',NULL,5,1458207917,NULL,'test test',1,0,0,0),(569,NULL,NULL,30,NULL,'',NULL,5,1458035117,NULL,'test test',1,0,0,0),(570,NULL,NULL,30,NULL,'',NULL,5,1458294317,NULL,'test test',1,0,0,0),(571,NULL,NULL,30,NULL,'',NULL,5,1458121517,NULL,'test test',1,0,0,0),(572,NULL,NULL,30,NULL,'',NULL,5,1458899117,NULL,'test test',1,0,0,0),(573,NULL,NULL,30,NULL,'',NULL,5,1458207917,NULL,'test test',1,0,0,0),(574,NULL,NULL,30,NULL,'',NULL,5,1458294317,NULL,'test test',1,0,0,0),(575,NULL,NULL,30,NULL,'',NULL,5,1458812717,NULL,'test test',1,0,0,0),(576,NULL,NULL,30,NULL,'',NULL,5,1458380717,NULL,'test test',1,0,0,0),(577,NULL,NULL,30,NULL,'',NULL,5,1458467117,NULL,'test test',1,0,0,0),(578,NULL,NULL,30,NULL,'',NULL,5,1458121517,NULL,'test test',1,0,0,0),(579,NULL,NULL,30,NULL,'',NULL,5,1458380717,NULL,'test test',1,0,0,0),(580,NULL,NULL,30,NULL,'',NULL,5,1458035117,NULL,'test test',1,0,0,0),(581,NULL,NULL,31,NULL,'',NULL,4,1458467117,NULL,'test test',1,0,0,0),(582,NULL,NULL,31,NULL,'',NULL,5,1458553517,NULL,'test test',1,0,0,0),(583,NULL,NULL,31,NULL,'',NULL,5,1458121517,NULL,'test test',1,0,0,0),(584,NULL,NULL,31,NULL,'',NULL,5,1458467117,NULL,'test test',1,0,0,0),(585,NULL,NULL,31,NULL,'',NULL,5,1458812717,NULL,'test test',1,0,0,0),(586,NULL,NULL,31,NULL,'',NULL,5,1458035117,NULL,'test test',1,0,0,0),(587,NULL,NULL,31,NULL,'',NULL,5,1458726317,NULL,'test test',1,0,0,0),(588,NULL,NULL,31,NULL,'',NULL,5,1458380717,NULL,'test test',1,0,0,0),(589,NULL,NULL,31,NULL,'',NULL,5,1458035117,NULL,'test test',1,0,0,0),(590,NULL,NULL,31,NULL,'',NULL,5,1458812717,NULL,'test test',1,0,0,0),(591,NULL,NULL,31,NULL,'',NULL,5,1458639917,NULL,'test test',1,0,0,0),(592,NULL,NULL,31,NULL,'',NULL,5,1458639917,NULL,'test test',1,0,0,0),(593,NULL,NULL,31,NULL,'',NULL,5,1458294317,NULL,'test test',1,0,0,0),(594,NULL,NULL,31,NULL,'',NULL,4,1458726317,NULL,'test test',1,0,0,0),(595,NULL,NULL,31,NULL,'',NULL,4,1458553517,NULL,'test test',1,0,0,0),(596,NULL,NULL,31,NULL,'',NULL,5,1458553517,NULL,'test test',1,0,0,0),(597,NULL,NULL,31,NULL,'',NULL,5,1458639917,NULL,'test test',1,0,0,0),(598,NULL,NULL,31,NULL,'',NULL,5,1458380717,NULL,'test test',1,0,0,0),(599,NULL,NULL,31,NULL,'',NULL,5,1458726317,NULL,'test test',1,0,0,0),(600,NULL,NULL,31,NULL,'',NULL,5,1458726317,NULL,'test test',1,0,0,0),(601,NULL,NULL,31,NULL,'',NULL,5,1458726317,NULL,'test test',1,0,0,0),(602,NULL,NULL,31,NULL,'',NULL,5,1458812717,NULL,'test test',1,0,0,0),(603,NULL,NULL,32,NULL,'',NULL,5,1458726317,NULL,'test test',1,0,0,0),(604,NULL,NULL,32,NULL,'',NULL,5,1458035117,NULL,'test test',1,0,0,0),(605,NULL,NULL,32,NULL,'',NULL,4,1458207917,NULL,'test test',1,0,0,0),(606,NULL,NULL,32,NULL,'',NULL,5,1458553517,NULL,'test test',1,0,0,0),(607,NULL,NULL,32,NULL,'',NULL,5,1458380717,NULL,'test test',1,0,0,0),(608,NULL,NULL,32,NULL,'',NULL,4,1458639917,NULL,'test test',1,0,0,0),(609,NULL,NULL,32,NULL,'',NULL,5,1458726317,NULL,'test test',1,0,0,0),(610,NULL,NULL,32,NULL,'',NULL,5,1458812717,NULL,'test test',1,0,0,0),(611,NULL,NULL,32,NULL,'',NULL,5,1458639917,NULL,'test test',1,0,0,0),(612,NULL,NULL,32,NULL,'',NULL,5,1458207917,NULL,'test test',1,0,0,0),(613,NULL,NULL,32,NULL,'',NULL,5,1458380717,NULL,'test test',1,0,0,0),(614,NULL,NULL,32,NULL,'',NULL,5,1458812717,NULL,'test test',1,0,0,0),(615,NULL,NULL,32,NULL,'',NULL,5,1458726317,NULL,'test test',1,0,0,0),(616,NULL,NULL,32,NULL,'',NULL,5,1458207917,NULL,'test test',1,0,0,0),(617,NULL,NULL,32,NULL,'',NULL,5,1458899117,NULL,'test test',1,0,0,0),(618,NULL,NULL,32,NULL,'',NULL,5,1458467117,NULL,'test test',1,0,0,0),(619,NULL,NULL,33,NULL,'',NULL,5,1458639917,NULL,'test test',1,0,0,0),(620,NULL,NULL,33,NULL,'',NULL,5,1458035117,NULL,'test test',1,0,0,0),(621,NULL,NULL,33,NULL,'',NULL,5,1458380717,NULL,'test test',1,0,0,0),(622,NULL,NULL,33,NULL,'',NULL,5,1458294317,NULL,'test test',1,0,0,0),(623,NULL,NULL,33,NULL,'',NULL,4,1458726317,NULL,'test test',1,0,0,0),(624,NULL,NULL,33,NULL,'',NULL,5,1458639917,NULL,'test test',1,0,0,0),(625,NULL,NULL,33,NULL,'',NULL,5,1458121517,NULL,'test test',1,0,0,0),(626,NULL,NULL,33,NULL,'',NULL,5,1458294317,NULL,'test test',1,0,0,0),(627,NULL,NULL,33,NULL,'',NULL,4,1458294317,NULL,'test test',1,0,0,0),(628,NULL,NULL,33,NULL,'',NULL,5,1458812717,NULL,'test test',1,0,0,0),(629,NULL,NULL,33,NULL,'',NULL,5,1458726317,NULL,'test test',1,0,0,0),(630,NULL,NULL,33,NULL,'',NULL,5,1458121517,NULL,'test test',1,0,0,0),(631,NULL,NULL,33,NULL,'',NULL,5,1458639917,NULL,'test test',1,0,0,0),(632,NULL,NULL,33,NULL,'',NULL,5,1458553517,NULL,'test test',1,0,0,0),(633,NULL,NULL,33,NULL,'',NULL,5,1458035117,NULL,'test test',1,0,0,0),(634,NULL,NULL,33,NULL,'',NULL,5,1458380717,NULL,'test test',1,0,0,0),(635,NULL,NULL,33,NULL,'',NULL,5,1458553517,NULL,'test test',1,0,0,0),(636,NULL,NULL,33,NULL,'',NULL,5,1458207917,NULL,'test test',1,0,0,0),(637,NULL,NULL,33,NULL,'',NULL,5,1458035117,NULL,'test test',1,0,0,0),(638,NULL,NULL,34,NULL,'',NULL,5,1458035117,NULL,'test test',1,0,0,0),(639,NULL,NULL,34,NULL,'',NULL,5,1458899117,NULL,'test test',1,0,0,0),(640,NULL,NULL,34,NULL,'',NULL,4,1458726317,NULL,'test test',1,0,0,0),(641,NULL,NULL,34,NULL,'',NULL,5,1458899117,NULL,'test test',1,0,0,0),(642,NULL,NULL,34,NULL,'',NULL,5,1458639917,NULL,'test test',1,0,0,0),(643,NULL,NULL,34,NULL,'',NULL,4,1458035117,NULL,'test test',1,0,0,0),(644,NULL,NULL,34,NULL,'',NULL,5,1458294317,NULL,'test test',1,0,0,0),(645,NULL,NULL,34,NULL,'',NULL,4,1458553517,NULL,'test test',1,0,0,0),(646,NULL,NULL,34,NULL,'',NULL,5,1458726317,NULL,'test test',1,0,0,0),(647,NULL,NULL,34,NULL,'',NULL,5,1458553517,NULL,'test test',1,0,0,0),(648,NULL,NULL,34,NULL,'',NULL,5,1458467117,NULL,'test test',1,0,0,0),(649,NULL,NULL,34,NULL,'',NULL,5,1458294317,NULL,'test test',1,0,0,0),(650,NULL,NULL,34,NULL,'',NULL,5,1458294317,NULL,'test test',1,0,0,0),(651,NULL,NULL,34,NULL,'',NULL,5,1458553517,NULL,'test test',1,0,0,0),(652,NULL,NULL,34,NULL,'',NULL,5,1458726317,NULL,'test test',1,0,0,0),(653,NULL,NULL,34,NULL,'',NULL,5,1458639917,NULL,'test test',1,0,0,0),(654,NULL,NULL,35,NULL,'',NULL,5,1458294317,NULL,'test test',1,0,0,0),(655,NULL,NULL,35,NULL,'',NULL,5,1458467117,NULL,'test test',1,0,0,0),(656,NULL,NULL,35,NULL,'',NULL,5,1458812717,NULL,'test test',1,0,0,0),(657,NULL,NULL,35,NULL,'',NULL,4,1458553517,NULL,'test test',1,0,0,0),(658,NULL,NULL,35,NULL,'',NULL,5,1458726317,NULL,'test test',1,0,0,0),(659,NULL,NULL,35,NULL,'',NULL,5,1458639917,NULL,'test test',1,0,0,0),(660,NULL,NULL,35,NULL,'',NULL,4,1458294317,NULL,'test test',1,0,0,0),(661,NULL,NULL,35,NULL,'',NULL,5,1458812717,NULL,'test test',1,0,0,0),(662,NULL,NULL,35,NULL,'',NULL,5,1458294317,NULL,'test test',1,0,0,0),(663,NULL,NULL,35,NULL,'',NULL,5,1458812717,NULL,'test test',1,0,0,0),(664,NULL,NULL,35,NULL,'',NULL,4,1458899117,NULL,'test test',1,0,0,0),(665,NULL,NULL,35,NULL,'',NULL,5,1458726317,NULL,'test test',1,0,0,0),(666,NULL,NULL,35,NULL,'',NULL,5,1458467117,NULL,'test test',1,0,0,0),(667,NULL,NULL,35,NULL,'',NULL,5,1458207917,NULL,'test test',1,0,0,0),(668,NULL,NULL,35,NULL,'',NULL,5,1458726317,NULL,'test test',1,0,0,0),(669,NULL,NULL,35,NULL,'',NULL,5,1458467117,NULL,'test test',1,0,0,0),(670,NULL,NULL,35,NULL,'',NULL,5,1458121517,NULL,'test test',1,0,0,0),(671,NULL,NULL,36,NULL,'',NULL,5,1458553517,NULL,'test test',1,0,0,0),(672,NULL,NULL,36,NULL,'',NULL,5,1458467117,NULL,'test test',1,0,0,0),(673,NULL,NULL,36,NULL,'',NULL,5,1458812717,NULL,'test test',1,0,0,0),(674,NULL,NULL,36,NULL,'',NULL,5,1458553517,NULL,'test test',1,0,0,0),(675,NULL,NULL,36,NULL,'',NULL,5,1458812717,NULL,'test test',1,0,0,0),(676,NULL,NULL,36,NULL,'',NULL,4,1458380717,NULL,'test test',1,0,0,0),(677,NULL,NULL,36,NULL,'',NULL,5,1458380717,NULL,'test test',1,0,0,0),(678,NULL,NULL,36,NULL,'',NULL,5,1458380717,NULL,'test test',1,0,0,0),(679,NULL,NULL,36,NULL,'',NULL,5,1458899117,NULL,'test test',1,0,0,0),(680,NULL,NULL,36,NULL,'',NULL,5,1458726317,NULL,'test test',1,0,0,0),(681,NULL,NULL,36,NULL,'',NULL,5,1458726317,NULL,'test test',1,0,0,0),(682,NULL,NULL,36,NULL,'',NULL,5,1458467117,NULL,'test test',1,0,0,0),(683,NULL,NULL,36,NULL,'',NULL,5,1458467117,NULL,'test test',1,0,0,0),(684,NULL,NULL,36,NULL,'',NULL,5,1458467117,NULL,'test test',1,0,0,0),(685,NULL,NULL,36,NULL,'',NULL,5,1458726317,NULL,'test test',1,0,0,0),(686,NULL,NULL,37,NULL,'',NULL,5,1458899117,NULL,'test test',1,0,0,0),(687,NULL,NULL,37,NULL,'',NULL,4,1458294317,NULL,'test test',1,0,0,0),(688,NULL,NULL,37,NULL,'',NULL,4,1458294317,NULL,'test test',1,0,0,0),(689,NULL,NULL,37,NULL,'',NULL,5,1458726317,NULL,'test test',1,0,0,0),(690,NULL,NULL,37,NULL,'',NULL,5,1458899117,NULL,'test test',1,0,0,0),(691,NULL,NULL,37,NULL,'',NULL,5,1458639917,NULL,'test test',1,0,0,0),(692,NULL,NULL,37,NULL,'',NULL,5,1458639917,NULL,'test test',1,0,0,0),(693,NULL,NULL,37,NULL,'',NULL,5,1458294317,NULL,'test test',1,0,0,0),(694,NULL,NULL,37,NULL,'',NULL,5,1458553517,NULL,'test test',1,0,0,0),(695,NULL,NULL,37,NULL,'',NULL,5,1458553517,NULL,'test test',1,0,0,0),(696,NULL,NULL,37,NULL,'',NULL,5,1458035117,NULL,'test test',1,0,0,0),(697,NULL,NULL,37,NULL,'',NULL,5,1458035117,NULL,'test test',1,0,0,0),(698,NULL,NULL,37,NULL,'',NULL,5,1458726317,NULL,'test test',1,0,0,0),(699,NULL,NULL,37,NULL,'',NULL,5,1458812717,NULL,'test test',1,0,0,0),(700,NULL,NULL,37,NULL,'',NULL,5,1458553517,NULL,'test test',1,0,0,0),(701,NULL,NULL,37,NULL,'',NULL,5,1458899117,NULL,'test test',1,0,0,0),(702,NULL,NULL,37,NULL,'',NULL,5,1458380717,NULL,'test test',1,0,0,0),(703,NULL,NULL,38,NULL,'',NULL,5,1458035117,NULL,'test test',1,0,0,0),(704,NULL,NULL,38,NULL,'',NULL,4,1458726317,NULL,'test test',1,0,0,0),(705,NULL,NULL,38,NULL,'',NULL,5,1458035117,NULL,'test test',1,0,0,0),(706,NULL,NULL,38,NULL,'',NULL,4,1458812717,NULL,'test test',1,0,0,0),(707,NULL,NULL,38,NULL,'',NULL,5,1458121517,NULL,'test test',1,0,0,0),(708,NULL,NULL,38,NULL,'',NULL,5,1458380717,NULL,'test test',1,0,0,0),(709,NULL,NULL,38,NULL,'',NULL,5,1458294317,NULL,'test test',1,0,0,0),(710,NULL,NULL,38,NULL,'',NULL,5,1458035117,NULL,'test test',1,0,0,0),(711,NULL,NULL,38,NULL,'',NULL,5,1458207917,NULL,'test test',1,0,0,0),(712,NULL,NULL,38,NULL,'',NULL,5,1458035117,NULL,'test test',1,0,0,0),(713,NULL,NULL,38,NULL,'',NULL,5,1458467117,NULL,'test test',1,0,0,0),(714,NULL,NULL,38,NULL,'',NULL,5,1458639917,NULL,'test test',1,0,0,0),(715,NULL,NULL,38,NULL,'',NULL,5,1458553517,NULL,'test test',1,0,0,0),(716,NULL,NULL,38,NULL,'',NULL,5,1458294317,NULL,'test test',1,0,0,0),(717,NULL,NULL,38,NULL,'',NULL,5,1458639917,NULL,'test test',1,0,0,0),(718,NULL,NULL,38,NULL,'',NULL,5,1458812717,NULL,'test test',1,0,0,0),(719,NULL,NULL,38,NULL,'',NULL,5,1458553517,NULL,'test test',1,0,0,0),(720,NULL,NULL,38,NULL,'',NULL,5,1458380717,NULL,'test test',1,0,0,0),(721,NULL,NULL,39,NULL,'',NULL,4,1458812717,NULL,'test test',1,0,0,0),(722,NULL,NULL,39,NULL,'',NULL,4,1458294317,NULL,'test test',1,0,0,0),(723,NULL,NULL,39,NULL,'',NULL,5,1458035117,NULL,'test test',1,0,0,0),(724,NULL,NULL,39,NULL,'',NULL,5,1458121517,NULL,'test test',1,0,0,0),(725,NULL,NULL,39,NULL,'',NULL,5,1458812717,NULL,'test test',1,0,0,0),(726,NULL,NULL,39,NULL,'',NULL,5,1458639917,NULL,'test test',1,0,0,0),(727,NULL,NULL,39,NULL,'',NULL,4,1458207917,NULL,'test test',1,0,0,0),(728,NULL,NULL,39,NULL,'',NULL,5,1458812717,NULL,'test test',1,0,0,0),(729,NULL,NULL,39,NULL,'',NULL,5,1458380717,NULL,'test test',1,0,0,0),(730,NULL,NULL,39,NULL,'',NULL,5,1458035117,NULL,'test test',1,0,0,0),(731,NULL,NULL,39,NULL,'',NULL,5,1458380717,NULL,'test test',1,0,0,0),(732,NULL,NULL,39,NULL,'',NULL,5,1458380717,NULL,'test test',1,0,0,0),(733,NULL,NULL,39,NULL,'',NULL,5,1458380717,NULL,'test test',1,0,0,0),(734,NULL,NULL,39,NULL,'',NULL,5,1458467117,NULL,'test test',1,0,0,0),(735,NULL,NULL,39,NULL,'',NULL,5,1458121517,NULL,'test test',1,0,0,0),(736,NULL,NULL,39,NULL,'',NULL,5,1458467117,NULL,'test test',1,0,0,0),(737,NULL,NULL,39,NULL,'',NULL,5,1458294317,NULL,'test test',1,0,0,0),(738,NULL,NULL,39,NULL,'',NULL,5,1458294317,NULL,'test test',1,0,0,0),(739,NULL,NULL,39,NULL,'',NULL,5,1458812717,NULL,'test test',1,0,0,0),(740,NULL,NULL,39,NULL,'',NULL,5,1458553517,NULL,'test test',1,0,0,0),(741,NULL,NULL,39,NULL,'',NULL,5,1458380717,NULL,'test test',1,0,0,0),(742,NULL,NULL,40,NULL,'',NULL,4,1458121517,NULL,'test test',1,0,0,0),(743,NULL,NULL,40,NULL,'',NULL,4,1458639917,NULL,'test test',1,0,0,0),(744,NULL,NULL,40,NULL,'',NULL,5,1458899117,NULL,'test test',1,0,0,0),(745,NULL,NULL,40,NULL,'',NULL,4,1458726317,NULL,'test test',1,0,0,0),(746,NULL,NULL,40,NULL,'',NULL,5,1458207917,NULL,'test test',1,0,0,0),(747,NULL,NULL,40,NULL,'',NULL,5,1458207917,NULL,'test test',1,0,0,0),(748,NULL,NULL,40,NULL,'',NULL,5,1458467117,NULL,'test test',1,0,0,0),(749,NULL,NULL,40,NULL,'',NULL,5,1458121517,NULL,'test test',1,0,0,0),(750,NULL,NULL,40,NULL,'',NULL,5,1458812717,NULL,'test test',1,0,0,0),(751,NULL,NULL,40,NULL,'',NULL,5,1458899117,NULL,'test test',1,0,0,0),(752,NULL,NULL,40,NULL,'',NULL,5,1458035117,NULL,'test test',1,0,0,0),(753,NULL,NULL,40,NULL,'',NULL,5,1458121517,NULL,'test test',1,0,0,0),(754,NULL,NULL,40,NULL,'',NULL,5,1458899117,NULL,'test test',1,0,0,0),(755,NULL,NULL,40,NULL,'',NULL,5,1458207917,NULL,'test test',1,0,0,0),(756,NULL,NULL,40,NULL,'',NULL,5,1458899117,NULL,'test test',1,0,0,0),(757,NULL,NULL,41,NULL,'',NULL,4,1458639917,NULL,'test test',1,0,0,0),(758,NULL,NULL,41,NULL,'',NULL,5,1458380717,NULL,'test test',1,0,0,0),(759,NULL,NULL,41,NULL,'',NULL,5,1458812717,NULL,'test test',1,0,0,0),(760,NULL,NULL,41,NULL,'',NULL,5,1458121517,NULL,'test test',1,0,0,0),(761,NULL,NULL,41,NULL,'',NULL,5,1458467117,NULL,'test test',1,0,0,0),(762,NULL,NULL,41,NULL,'',NULL,5,1458207917,NULL,'test test',1,0,0,0),(763,NULL,NULL,41,NULL,'',NULL,5,1458467117,NULL,'test test',1,0,0,0),(764,NULL,NULL,41,NULL,'',NULL,4,1458899117,NULL,'test test',1,0,0,0),(765,NULL,NULL,41,NULL,'',NULL,5,1458639917,NULL,'test test',1,0,0,0),(766,NULL,NULL,41,NULL,'',NULL,4,1458553517,NULL,'test test',1,0,0,0),(767,NULL,NULL,41,NULL,'',NULL,5,1458380717,NULL,'test test',1,0,0,0),(768,NULL,NULL,41,NULL,'',NULL,5,1458035117,NULL,'test test',1,0,0,0),(769,NULL,NULL,41,NULL,'',NULL,5,1458812717,NULL,'test test',1,0,0,0),(770,NULL,NULL,41,NULL,'',NULL,5,1458294317,NULL,'test test',1,0,0,0),(771,NULL,NULL,41,NULL,'',NULL,5,1458553517,NULL,'test test',1,0,0,0),(772,NULL,NULL,41,NULL,'',NULL,5,1458207917,NULL,'test test',1,0,0,0),(773,NULL,NULL,41,NULL,'',NULL,5,1458380717,NULL,'test test',1,0,0,0),(774,NULL,NULL,41,NULL,'',NULL,5,1458294317,NULL,'test test',1,0,0,0),(775,NULL,NULL,41,NULL,'',NULL,5,1458207917,NULL,'test test',1,0,0,0),(776,NULL,NULL,41,NULL,'',NULL,5,1458207917,NULL,'test test',1,0,0,0),(777,NULL,NULL,41,NULL,'',NULL,5,1458553517,NULL,'test test',1,0,0,0),(778,NULL,NULL,42,NULL,'',NULL,5,1458380717,NULL,'test test',1,0,0,0),(779,NULL,NULL,42,NULL,'',NULL,4,1458639917,NULL,'test test',1,0,0,0),(780,NULL,NULL,42,NULL,'',NULL,5,1458726317,NULL,'test test',1,0,0,0),(781,NULL,NULL,42,NULL,'',NULL,5,1458207917,NULL,'test test',1,0,0,0),(782,NULL,NULL,42,NULL,'',NULL,5,1458553517,NULL,'test test',1,0,0,0),(783,NULL,NULL,42,NULL,'',NULL,5,1458726317,NULL,'test test',1,0,0,0),(784,NULL,NULL,42,NULL,'',NULL,5,1458294317,NULL,'test test',1,0,0,0),(785,NULL,NULL,42,NULL,'',NULL,5,1458553517,NULL,'test test',1,0,0,0),(786,NULL,NULL,42,NULL,'',NULL,5,1458899117,NULL,'test test',1,0,0,0),(787,NULL,NULL,42,NULL,'',NULL,5,1458294317,NULL,'test test',1,0,0,0),(788,NULL,NULL,42,NULL,'',NULL,5,1458207917,NULL,'test test',1,0,0,0),(789,NULL,NULL,42,NULL,'',NULL,5,1458380717,NULL,'test test',1,0,0,0),(790,NULL,NULL,42,NULL,'',NULL,5,1458121517,NULL,'test test',1,0,0,0),(791,NULL,NULL,42,NULL,'',NULL,5,1458294317,NULL,'test test',1,0,0,0),(792,NULL,NULL,42,NULL,'',NULL,5,1458812717,NULL,'test test',1,0,0,0);
/*!40000 ALTER TABLE `xlite_reviews` ENABLE KEYS */;
UNLOCK TABLES;

--
-- Table structure for table `xlite_role_permissions`
--

DROP TABLE IF EXISTS `xlite_role_permissions`;
/*!40101 SET @saved_cs_client     = @@character_set_client */;
/*!40101 SET character_set_client = utf8 */;
CREATE TABLE `xlite_role_permissions` (
  `permission_id` int(10) unsigned NOT NULL,
  `role_id` int(10) unsigned NOT NULL,
  PRIMARY KEY (`permission_id`,`role_id`),
  KEY `IDX_94D50124FED90CCA` (`permission_id`),
  KEY `IDX_94D50124D60322AC` (`role_id`),
  CONSTRAINT `FK_94D50124D60322AC` FOREIGN KEY (`role_id`) REFERENCES `xlite_roles` (`id`) ON DELETE CASCADE,
  CONSTRAINT `FK_94D50124FED90CCA` FOREIGN KEY (`permission_id`) REFERENCES `xlite_permissions` (`id`) ON DELETE CASCADE
) ENGINE=InnoDB DEFAULT CHARSET=utf8 COLLATE=utf8_unicode_ci;
/*!40101 SET character_set_client = @saved_cs_client */;

--
-- Dumping data for table `xlite_role_permissions`
--

LOCK TABLES `xlite_role_permissions` WRITE;
/*!40000 ALTER TABLE `xlite_role_permissions` DISABLE KEYS */;
INSERT INTO `xlite_role_permissions` VALUES (1,1),(10,2),(11,3),(12,3),(13,4);
/*!40000 ALTER TABLE `xlite_role_permissions` ENABLE KEYS */;
UNLOCK TABLES;

--
-- Table structure for table `xlite_role_translations`
--

DROP TABLE IF EXISTS `xlite_role_translations`;
/*!40101 SET @saved_cs_client     = @@character_set_client */;
/*!40101 SET character_set_client = utf8 */;
CREATE TABLE `xlite_role_translations` (
  `label_id` int(11) NOT NULL AUTO_INCREMENT,
  `id` int(10) unsigned DEFAULT NULL,
  `name` varchar(255) COLLATE utf8_unicode_ci NOT NULL,
  `code` char(2) COLLATE utf8_unicode_ci NOT NULL,
  PRIMARY KEY (`label_id`),
  KEY `IDX_27007A52BF396750` (`id`),
  CONSTRAINT `FK_27007A52BF396750` FOREIGN KEY (`id`) REFERENCES `xlite_roles` (`id`) ON DELETE CASCADE
) ENGINE=InnoDB AUTO_INCREMENT=9 DEFAULT CHARSET=utf8 COLLATE=utf8_unicode_ci;
/*!40101 SET character_set_client = @saved_cs_client */;

--
-- Dumping data for table `xlite_role_translations`
--

LOCK TABLES `xlite_role_translations` WRITE;
/*!40000 ALTER TABLE `xlite_role_translations` DISABLE KEYS */;
INSERT INTO `xlite_role_translations` VALUES (1,1,'Administrator','en'),(2,1,'Administrator','ru'),(3,2,'Coupons management','en'),(4,2,'Управление купонами','ru'),(5,3,'Content management','en'),(6,3,'Управлением контентом','ru'),(7,4,'Volume discounts management','en'),(8,4,'Управление скидками','ru');
/*!40000 ALTER TABLE `xlite_role_translations` ENABLE KEYS */;
UNLOCK TABLES;

--
-- Table structure for table `xlite_roles`
--

DROP TABLE IF EXISTS `xlite_roles`;
/*!40101 SET @saved_cs_client     = @@character_set_client */;
/*!40101 SET character_set_client = utf8 */;
CREATE TABLE `xlite_roles` (
  `id` int(10) unsigned NOT NULL AUTO_INCREMENT,
  `enabled` tinyint(1) NOT NULL,
  PRIMARY KEY (`id`)
) ENGINE=InnoDB AUTO_INCREMENT=5 DEFAULT CHARSET=utf8 COLLATE=utf8_unicode_ci;
/*!40101 SET character_set_client = @saved_cs_client */;

--
-- Dumping data for table `xlite_roles`
--

LOCK TABLES `xlite_roles` WRITE;
/*!40000 ALTER TABLE `xlite_roles` DISABLE KEYS */;
INSERT INTO `xlite_roles` VALUES (1,1),(2,1),(3,1),(4,1);
/*!40000 ALTER TABLE `xlite_roles` ENABLE KEYS */;
UNLOCK TABLES;

--
-- Table structure for table `xlite_sales_tax_rates`
--

DROP TABLE IF EXISTS `xlite_sales_tax_rates`;
/*!40101 SET @saved_cs_client     = @@character_set_client */;
/*!40101 SET character_set_client = utf8 */;
CREATE TABLE `xlite_sales_tax_rates` (
  `id` int(10) unsigned NOT NULL AUTO_INCREMENT,
  `tax_id` int(10) unsigned DEFAULT NULL,
  `zone_id` int(11) DEFAULT NULL,
  `tax_class_id` int(10) unsigned DEFAULT NULL,
  `membership_id` int(10) unsigned DEFAULT NULL,
  `value` decimal(14,4) NOT NULL,
  `type` char(1) COLLATE utf8_unicode_ci NOT NULL,
  `position` int(11) NOT NULL,
  `noTaxClass` tinyint(1) NOT NULL,
  `taxableBase` varchar(16) COLLATE utf8_unicode_ci NOT NULL,
  PRIMARY KEY (`id`),
  KEY `IDX_1ACD2E0EB2A824D8` (`tax_id`),
  KEY `IDX_1ACD2E0E9F2C3FAB` (`zone_id`),
  KEY `IDX_1ACD2E0EA94AAAE` (`tax_class_id`),
  KEY `IDX_1ACD2E0E1FB354CD` (`membership_id`),
  CONSTRAINT `FK_1ACD2E0E1FB354CD` FOREIGN KEY (`membership_id`) REFERENCES `xlite_memberships` (`membership_id`) ON DELETE CASCADE,
  CONSTRAINT `FK_1ACD2E0E9F2C3FAB` FOREIGN KEY (`zone_id`) REFERENCES `xlite_zones` (`zone_id`) ON DELETE CASCADE,
  CONSTRAINT `FK_1ACD2E0EA94AAAE` FOREIGN KEY (`tax_class_id`) REFERENCES `xlite_tax_classes` (`id`) ON DELETE CASCADE,
  CONSTRAINT `FK_1ACD2E0EB2A824D8` FOREIGN KEY (`tax_id`) REFERENCES `xlite_sales_taxes` (`id`) ON DELETE CASCADE
) ENGINE=InnoDB DEFAULT CHARSET=utf8 COLLATE=utf8_unicode_ci;
/*!40101 SET character_set_client = @saved_cs_client */;

--
-- Dumping data for table `xlite_sales_tax_rates`
--

LOCK TABLES `xlite_sales_tax_rates` WRITE;
/*!40000 ALTER TABLE `xlite_sales_tax_rates` DISABLE KEYS */;
/*!40000 ALTER TABLE `xlite_sales_tax_rates` ENABLE KEYS */;
UNLOCK TABLES;

--
-- Table structure for table `xlite_sales_tax_translations`
--

DROP TABLE IF EXISTS `xlite_sales_tax_translations`;
/*!40101 SET @saved_cs_client     = @@character_set_client */;
/*!40101 SET character_set_client = utf8 */;
CREATE TABLE `xlite_sales_tax_translations` (
  `label_id` int(11) NOT NULL AUTO_INCREMENT,
  `id` int(10) unsigned DEFAULT NULL,
  `name` varchar(255) COLLATE utf8_unicode_ci NOT NULL,
  `code` char(2) COLLATE utf8_unicode_ci NOT NULL,
  PRIMARY KEY (`label_id`),
  KEY `ci` (`code`,`id`),
  KEY `id` (`id`),
  CONSTRAINT `FK_F11466F5BF396750` FOREIGN KEY (`id`) REFERENCES `xlite_sales_taxes` (`id`) ON DELETE CASCADE
) ENGINE=InnoDB DEFAULT CHARSET=utf8 COLLATE=utf8_unicode_ci;
/*!40101 SET character_set_client = @saved_cs_client */;

--
-- Dumping data for table `xlite_sales_tax_translations`
--

LOCK TABLES `xlite_sales_tax_translations` WRITE;
/*!40000 ALTER TABLE `xlite_sales_tax_translations` DISABLE KEYS */;
/*!40000 ALTER TABLE `xlite_sales_tax_translations` ENABLE KEYS */;
UNLOCK TABLES;

--
-- Table structure for table `xlite_sales_taxes`
--

DROP TABLE IF EXISTS `xlite_sales_taxes`;
/*!40101 SET @saved_cs_client     = @@character_set_client */;
/*!40101 SET character_set_client = utf8 */;
CREATE TABLE `xlite_sales_taxes` (
  `id` int(10) unsigned NOT NULL AUTO_INCREMENT,
  `enabled` tinyint(1) NOT NULL,
  PRIMARY KEY (`id`)
) ENGINE=InnoDB DEFAULT CHARSET=utf8 COLLATE=utf8_unicode_ci;
/*!40101 SET character_set_client = @saved_cs_client */;

--
-- Dumping data for table `xlite_sales_taxes`
--

LOCK TABLES `xlite_sales_taxes` WRITE;
/*!40000 ALTER TABLE `xlite_sales_taxes` DISABLE KEYS */;
/*!40000 ALTER TABLE `xlite_sales_taxes` ENABLE KEYS */;
UNLOCK TABLES;

--
-- Table structure for table `xlite_search_filter_translations`
--

DROP TABLE IF EXISTS `xlite_search_filter_translations`;
/*!40101 SET @saved_cs_client     = @@character_set_client */;
/*!40101 SET character_set_client = utf8 */;
CREATE TABLE `xlite_search_filter_translations` (
  `label_id` int(11) NOT NULL AUTO_INCREMENT,
  `id` int(11) DEFAULT NULL,
  `name` varchar(255) COLLATE utf8_unicode_ci NOT NULL,
  `code` char(2) COLLATE utf8_unicode_ci NOT NULL,
  PRIMARY KEY (`label_id`),
  KEY `IDX_5D64D191BF396750` (`id`),
  KEY `name` (`name`),
  CONSTRAINT `FK_5D64D191BF396750` FOREIGN KEY (`id`) REFERENCES `xlite_search_filters` (`id`) ON DELETE CASCADE
) ENGINE=InnoDB AUTO_INCREMENT=7 DEFAULT CHARSET=utf8 COLLATE=utf8_unicode_ci;
/*!40101 SET character_set_client = @saved_cs_client */;

--
-- Dumping data for table `xlite_search_filter_translations`
--

LOCK TABLES `xlite_search_filter_translations` WRITE;
/*!40000 ALTER TABLE `xlite_search_filter_translations` DISABLE KEYS */;
INSERT INTO `xlite_search_filter_translations` VALUES (1,1,'Unpaid','en'),(2,1,'Не оплаченные','ru'),(3,2,'Paid but not shipped','en'),(4,2,'Оплаченные, но не отправленные','ru'),(5,3,'Not finished','en'),(6,3,'Незавершенные','ru');
/*!40000 ALTER TABLE `xlite_search_filter_translations` ENABLE KEYS */;
UNLOCK TABLES;

--
-- Table structure for table `xlite_search_filters`
--

DROP TABLE IF EXISTS `xlite_search_filters`;
/*!40101 SET @saved_cs_client     = @@character_set_client */;
/*!40101 SET character_set_client = utf8 */;
CREATE TABLE `xlite_search_filters` (
  `id` int(11) NOT NULL AUTO_INCREMENT,
  `filterKey` varchar(255) COLLATE utf8_unicode_ci NOT NULL,
  `parameters` longtext COLLATE utf8_unicode_ci NOT NULL COMMENT '(DC2Type:array)',
  PRIMARY KEY (`id`),
  KEY `filterKey` (`filterKey`)
) ENGINE=InnoDB AUTO_INCREMENT=4 DEFAULT CHARSET=utf8 COLLATE=utf8_unicode_ci;
/*!40101 SET character_set_client = @saved_cs_client */;

--
-- Dumping data for table `xlite_search_filters`
--

LOCK TABLES `xlite_search_filters` WRITE;
/*!40000 ALTER TABLE `xlite_search_filters` DISABLE KEYS */;
INSERT INTO `xlite_search_filters` VALUES (1,'search-filter-order_list','a:2:{s:13:\"paymentStatus\";a:3:{i:0;i:1;i:1;i:2;i:2;i:3;}s:14:\"shippingStatus\";a:0:{}}'),(2,'search-filter-order_list','a:2:{s:13:\"paymentStatus\";a:1:{i:0;i:4;}s:14:\"shippingStatus\";a:2:{i:0;i:1;i:1;i:2;}}'),(3,'search-filter-order_list','a:2:{s:13:\"paymentStatus\";a:0:{}s:14:\"shippingStatus\";a:1:{i:0;s:2:\"NF\";}}');
/*!40000 ALTER TABLE `xlite_search_filters` ENABLE KEYS */;
UNLOCK TABLES;

--
-- Table structure for table `xlite_segment_membership`
--

DROP TABLE IF EXISTS `xlite_segment_membership`;
/*!40101 SET @saved_cs_client     = @@character_set_client */;
/*!40101 SET character_set_client = utf8 */;
CREATE TABLE `xlite_segment_membership` (
  `segment_id` varchar(32) COLLATE utf8_unicode_ci NOT NULL,
  `membership_id` int(10) unsigned NOT NULL,
  PRIMARY KEY (`segment_id`,`membership_id`),
  KEY `IDX_958B38A0DB296AAD` (`segment_id`),
  KEY `IDX_958B38A01FB354CD` (`membership_id`),
  CONSTRAINT `FK_958B38A01FB354CD` FOREIGN KEY (`membership_id`) REFERENCES `xlite_memberships` (`membership_id`) ON DELETE CASCADE,
  CONSTRAINT `FK_958B38A0DB296AAD` FOREIGN KEY (`segment_id`) REFERENCES `xlite_mailchimp_list_segments` (`id`) ON DELETE CASCADE
) ENGINE=InnoDB DEFAULT CHARSET=utf8 COLLATE=utf8_unicode_ci;
/*!40101 SET character_set_client = @saved_cs_client */;

--
-- Dumping data for table `xlite_segment_membership`
--

LOCK TABLES `xlite_segment_membership` WRITE;
/*!40000 ALTER TABLE `xlite_segment_membership` DISABLE KEYS */;
/*!40000 ALTER TABLE `xlite_segment_membership` ENABLE KEYS */;
UNLOCK TABLES;

--
-- Table structure for table `xlite_segment_products`
--

DROP TABLE IF EXISTS `xlite_segment_products`;
/*!40101 SET @saved_cs_client     = @@character_set_client */;
/*!40101 SET character_set_client = utf8 */;
CREATE TABLE `xlite_segment_products` (
  `segment_id` varchar(32) COLLATE utf8_unicode_ci NOT NULL,
  `product_id` int(10) unsigned NOT NULL,
  PRIMARY KEY (`segment_id`,`product_id`),
  KEY `IDX_768E358DDB296AAD` (`segment_id`),
  KEY `IDX_768E358D4584665A` (`product_id`),
  CONSTRAINT `FK_768E358D4584665A` FOREIGN KEY (`product_id`) REFERENCES `xlite_products` (`product_id`) ON DELETE CASCADE,
  CONSTRAINT `FK_768E358DDB296AAD` FOREIGN KEY (`segment_id`) REFERENCES `xlite_mailchimp_list_segments` (`id`) ON DELETE CASCADE
) ENGINE=InnoDB DEFAULT CHARSET=utf8 COLLATE=utf8_unicode_ci;
/*!40101 SET character_set_client = @saved_cs_client */;

--
-- Dumping data for table `xlite_segment_products`
--

LOCK TABLES `xlite_segment_products` WRITE;
/*!40000 ALTER TABLE `xlite_segment_products` DISABLE KEYS */;
/*!40000 ALTER TABLE `xlite_segment_products` ENABLE KEYS */;
UNLOCK TABLES;

--
-- Table structure for table `xlite_session_cells`
--

DROP TABLE IF EXISTS `xlite_session_cells`;
/*!40101 SET @saved_cs_client     = @@character_set_client */;
/*!40101 SET character_set_client = utf8 */;
CREATE TABLE `xlite_session_cells` (
  `cell_id` int(11) NOT NULL AUTO_INCREMENT,
  `id` int(11) DEFAULT NULL,
  `name` varchar(255) COLLATE utf8_unicode_ci NOT NULL,
  `value` longtext COLLATE utf8_unicode_ci NOT NULL,
  `type` varchar(16) COLLATE utf8_unicode_ci NOT NULL,
  PRIMARY KEY (`cell_id`),
  UNIQUE KEY `iname` (`id`,`name`),
  KEY `id` (`id`),
  CONSTRAINT `FK_C8BF5944BF396750` FOREIGN KEY (`id`) REFERENCES `xlite_sessions` (`id`) ON DELETE CASCADE
) ENGINE=InnoDB AUTO_INCREMENT=7 DEFAULT CHARSET=utf8 COLLATE=utf8_unicode_ci;
/*!40101 SET character_set_client = @saved_cs_client */;

--
-- Dumping data for table `xlite_session_cells`
--

LOCK TABLES `xlite_session_cells` WRITE;
/*!40000 ALTER TABLE `xlite_session_cells` DISABLE KEYS */;
/*!40000 ALTER TABLE `xlite_session_cells` ENABLE KEYS */;
UNLOCK TABLES;

--
-- Table structure for table `xlite_sessions`
--

DROP TABLE IF EXISTS `xlite_sessions`;
/*!40101 SET @saved_cs_client     = @@character_set_client */;
/*!40101 SET character_set_client = utf8 */;
CREATE TABLE `xlite_sessions` (
  `id` int(11) NOT NULL AUTO_INCREMENT,
  `sid` char(32) COLLATE utf8_unicode_ci NOT NULL,
  `expiry` int(10) unsigned NOT NULL,
  PRIMARY KEY (`id`),
  UNIQUE KEY `sid` (`sid`),
  KEY `expiry` (`expiry`)
) ENGINE=InnoDB AUTO_INCREMENT=7 DEFAULT CHARSET=utf8 COLLATE=utf8_unicode_ci;
/*!40101 SET character_set_client = @saved_cs_client */;

--
-- Dumping data for table `xlite_sessions`
--

LOCK TABLES `xlite_sessions` WRITE;
/*!40000 ALTER TABLE `xlite_sessions` DISABLE KEYS */;
/*!40000 ALTER TABLE `xlite_sessions` ENABLE KEYS */;
UNLOCK TABLES;

--
-- Table structure for table `xlite_shipping_markups`
--

DROP TABLE IF EXISTS `xlite_shipping_markups`;
/*!40101 SET @saved_cs_client     = @@character_set_client */;
/*!40101 SET character_set_client = utf8 */;
CREATE TABLE `xlite_shipping_markups` (
  `markup_id` int(11) NOT NULL AUTO_INCREMENT,
  `method_id` int(11) DEFAULT NULL,
  `zone_id` int(11) DEFAULT NULL,
  `min_weight` decimal(14,2) NOT NULL,
  `max_weight` decimal(14,2) NOT NULL,
  `min_total` decimal(14,2) NOT NULL,
  `max_total` decimal(14,2) NOT NULL,
  `min_discounted_total` decimal(14,2) NOT NULL,
  `max_discounted_total` decimal(14,2) NOT NULL,
  `min_items` decimal(14,0) NOT NULL,
  `max_items` decimal(14,0) NOT NULL,
  `markup_flat` decimal(14,2) NOT NULL,
  `markup_percent` decimal(14,2) NOT NULL,
  `markup_per_item` decimal(14,2) NOT NULL,
  `markup_per_weight` decimal(14,2) NOT NULL,
  PRIMARY KEY (`markup_id`),
  KEY `IDX_2BE8DC419883967` (`method_id`),
  KEY `IDX_2BE8DC49F2C3FAB` (`zone_id`),
  KEY `rate` (`method_id`,`zone_id`,`min_weight`,`min_total`,`min_discounted_total`,`min_items`),
  KEY `max_weight` (`max_weight`),
  KEY `max_total` (`max_total`),
  KEY `max_discounted_total` (`max_discounted_total`),
  KEY `max_items` (`max_items`),
  KEY `markup_flat` (`markup_flat`),
  KEY `markup_per_item` (`markup_per_item`),
  KEY `markup_percent` (`markup_percent`),
  KEY `markup_per_weight` (`markup_per_weight`),
  CONSTRAINT `FK_2BE8DC419883967` FOREIGN KEY (`method_id`) REFERENCES `xlite_shipping_methods` (`method_id`) ON DELETE CASCADE,
  CONSTRAINT `FK_2BE8DC49F2C3FAB` FOREIGN KEY (`zone_id`) REFERENCES `xlite_zones` (`zone_id`) ON DELETE CASCADE
) ENGINE=InnoDB AUTO_INCREMENT=12 DEFAULT CHARSET=utf8 COLLATE=utf8_unicode_ci;
/*!40101 SET character_set_client = @saved_cs_client */;

--
-- Dumping data for table `xlite_shipping_markups`
--

LOCK TABLES `xlite_shipping_markups` WRITE;
/*!40000 ALTER TABLE `xlite_shipping_markups` DISABLE KEYS */;
INSERT INTO `xlite_shipping_markups` VALUES (1,89,2,0.00,999999999.00,0.00,999999999.00,0.00,999999999.00,0,999999999,2.45,1.50,0.00,0.00),(2,89,3,0.00,999999999.00,0.00,999999999.00,0.00,999999999.00,0,999999999,2.50,1.50,0.00,0.00),(3,89,1,0.00,999999999.00,0.00,999999999.00,0.00,999999999.00,0,999999999,5.50,1.75,0.00,0.00),(4,90,2,0.00,999999999.00,0.00,999999999.00,0.00,999999999.00,0,999999999,3.45,1.75,0.00,0.00),(5,90,3,0.00,999999999.00,0.00,999999999.00,0.00,999999999.00,0,999999999,3.50,1.75,0.00,0.00),(6,90,1,0.00,999999999.00,0.00,999999999.00,0.00,999999999.00,0,999999999,6.50,1.85,0.00,0.00),(7,91,2,0.00,999999999.00,0.00,999999999.00,0.00,999999999.00,0,999999999,100.00,10.00,0.00,0.00),(8,92,1,0.00,999999999.00,0.00,999999999.00,0.00,999999999.00,0,999999999,0.00,0.00,0.00,0.00),(9,93,1,0.00,999999999.00,50.00,999999999.00,0.00,999999999.00,0,999999999,0.00,0.00,0.00,0.00),(10,94,1,0.00,999999999.00,0.00,999999999.00,0.00,999999999.00,0,999999999,0.00,0.00,0.00,0.00),(11,95,1,0.00,999999999.00,0.00,999999999.00,0.00,999999999.00,0,999999999,0.00,0.00,0.00,0.00);
/*!40000 ALTER TABLE `xlite_shipping_markups` ENABLE KEYS */;
UNLOCK TABLES;

--
-- Table structure for table `xlite_shipping_method_translations`
--

DROP TABLE IF EXISTS `xlite_shipping_method_translations`;
/*!40101 SET @saved_cs_client     = @@character_set_client */;
/*!40101 SET character_set_client = utf8 */;
CREATE TABLE `xlite_shipping_method_translations` (
  `label_id` int(11) NOT NULL AUTO_INCREMENT,
  `id` int(11) DEFAULT NULL,
  `name` varchar(255) COLLATE utf8_unicode_ci NOT NULL,
  `deliveryTime` varchar(255) COLLATE utf8_unicode_ci DEFAULT NULL,
  `code` char(2) COLLATE utf8_unicode_ci NOT NULL,
  PRIMARY KEY (`label_id`),
  KEY `IDX_674AA5A0BF396750` (`id`),
  CONSTRAINT `FK_674AA5A0BF396750` FOREIGN KEY (`id`) REFERENCES `xlite_shipping_methods` (`method_id`) ON DELETE CASCADE
) ENGINE=InnoDB AUTO_INCREMENT=103 DEFAULT CHARSET=utf8 COLLATE=utf8_unicode_ci;
/*!40101 SET character_set_client = @saved_cs_client */;

--
-- Dumping data for table `xlite_shipping_method_translations`
--

LOCK TABLES `xlite_shipping_method_translations` WRITE;
/*!40000 ALTER TABLE `xlite_shipping_method_translations` DISABLE KEYS */;
INSERT INTO `xlite_shipping_method_translations` VALUES (1,1,'Australia Post','','en'),(2,2,'FedEx','','en'),(3,3,'FedEx Europe First International Priority','','en'),(4,4,'FedEx 1Day<sup>&reg;</sup> Freight','','en'),(5,5,'FedEx 2Day<sup>&reg;</sup>','','en'),(6,6,'FedEx 2Day AM<sup>&reg;</sup>','','en'),(7,7,'FedEx 2Day<sup>&reg;</sup> Freight','','en'),(8,8,'FedEx 3Day<sup>&reg;</sup> Freight','','en'),(9,9,'FedEx Express Saver<sup>&reg;</sup>','','en'),(10,10,'FedEx First Freight<sup>&reg;</sup>','','en'),(11,11,'FedEx Ground<sup>&reg;</sup>','','en'),(12,12,'FedEx First Overnight<sup>&reg;</sup>','','en'),(13,13,'FedEx Home Delivery<sup>&reg;</sup>','','en'),(14,14,'FedEx International Distribution<sup>&reg;</sup> Freight','','en'),(15,15,'FedEx International Economy<sup>&reg;</sup>','','en'),(16,16,'FedEx International Economy Distribution<sup>&reg;</sup>','','en'),(17,17,'FedEx International Economy<sup>&reg;</sup> Freight','','en'),(18,18,'FedEx International First<sup>&reg;</sup>','','en'),(19,19,'FedEx International Priority<sup>&reg;</sup>','','en'),(20,20,'FedEx International Priority<sup>&reg;</sup> Distribution','','en'),(21,21,'FedEx International Priority Freight<sup>&reg;</sup>','','en'),(22,22,'FedEx Priority Overnight<sup>&reg;</sup>','','en'),(23,23,'FedEx SmartPost<sup>&reg;</sup>/FedEx SmartPost<sup>&reg;</sup> International','','en'),(24,24,'FedEx Standard Overnight<sup>&reg;</sup>','','en'),(25,25,'U.S.P.S','','en'),(26,26,'U.S.P.S. First Class Mail','','en'),(27,27,'U.S.P.S. Priority Mail','','en'),(28,28,'U.S.P.S. Priority Mail Express','','en'),(29,29,'U.S.P.S. Standard Post','','en'),(30,30,'U.S.P.S. Parcel Select','','en'),(31,31,'U.S.P.S. Media Mail','','en'),(32,32,'U.S.P.S. Library Mail','','en'),(33,33,'U.S.P.S. First Class International','','en'),(34,34,'U.S.P.S. First Class Package International Service','','en'),(35,35,'U.S.P.S. Priority Mail Express International','','en'),(36,36,'U.S.P.S. Priority Mail International','','en'),(37,37,'Canada Post','','en'),(38,38,'Regular Parcel','','en'),(39,39,'Expedited Parcel','','en'),(40,40,'Xpresspost','','en'),(41,41,'Xpresspost Certified','','en'),(42,42,'Priority','','en'),(43,43,'Library Books','','en'),(44,44,'Expedited Parcel USA','','en'),(45,45,'Priority Worldwide Envelope USA','','en'),(46,46,'Priority Worldwide pak USA','','en'),(47,47,'Priority Worldwide Parcel USA','','en'),(48,48,'Small Packet USA Air','','en'),(49,49,'Tracked Packet – USA','','en'),(50,50,'Tracked Packet – USA (LVM)','','en'),(51,51,'Xpresspost USA','','en'),(52,52,'Xpresspost International','','en'),(53,53,'International Parcel Air','','en'),(54,54,'International Parcel Surface','','en'),(55,55,'Priority Worldwide Envelope International','','en'),(56,56,'Priority Worldwide pak International','','en'),(57,57,'Priority Worldwide parcel International','','en'),(58,58,'Small Packet International Air','','en'),(59,59,'Small Packet International Surface','','en'),(60,60,'Tracked Packet – International','','en'),(61,61,'UPS','','en'),(62,62,'UPS Next Day Air&reg;','','en'),(63,63,'UPS 2nd Day Air&reg;','','en'),(64,64,'UPS Ground','','en'),(65,65,'UPS Worldwide Express','','en'),(66,66,'UPS Worldwide Expedited','','en'),(67,67,'UPS Standard','','en'),(68,68,'UPS 3 Day Select&reg;','','en'),(69,69,'UPS Next Day Air Saver&reg;','','en'),(70,70,'UPS Next Day Air&reg; Early A.M.','','en'),(71,71,'UPS Worldwide Express Plus','','en'),(72,72,'UPS 2nd Day Air A.M.&reg;','','en'),(73,73,'UPS Saver','','en'),(74,74,'UPS Today StandardSM','','en'),(75,75,'UPS Today Dedicated CourrierSM','','en'),(76,76,'UPS Today Intercity','','en'),(77,77,'UPS Today Express','','en'),(78,78,'UPS Today Express Saver','','en'),(79,79,'UPS WorldWide Express Freight','','en'),(80,80,'UPS Express','','en'),(81,81,'UPS Express Plus','','en'),(82,82,'UPS ExpeditedSM','','en'),(83,83,'UPS Worldwide ExpeditedSM','','en'),(84,84,'UPS Worldwide ExpressSM','','en'),(85,85,'UPS SaverSM','','en'),(86,86,'UPS Express Early A.M. SM','','en'),(87,87,'UPS Next Day Air&reg; Early A.M. SM','','en'),(88,88,'UPS Worldwide Express PlusSM','','en'),(89,89,'Courier','2 - 4 days','en'),(90,89,'Доставка курьером','2 - 4 дня','ru'),(91,90,'Local shipping','up to one week','en'),(92,90,'Местная доставка','до одной недели','ru'),(93,91,'One day shipping','1 day','en'),(94,91,'Экспресс доставка','1 день','ru'),(95,92,'Local pickup','','en'),(96,92,'Самовывоз','','ru'),(97,93,'Free shipping on orders over $50','','en'),(98,93,'Бесплатная доставка при заказе от $50','','ru'),(99,94,'Free shipping','5 - 7 days','en'),(100,94,'Бесплатная доставка','5 - 7 дней','ru'),(101,95,'Fixed rate shipping','5 - 7 days','en'),(102,95,'Фиксированная стоимость доставки','5 - 7 дней','ru');
/*!40000 ALTER TABLE `xlite_shipping_method_translations` ENABLE KEYS */;
UNLOCK TABLES;

--
-- Table structure for table `xlite_shipping_methods`
--

DROP TABLE IF EXISTS `xlite_shipping_methods`;
/*!40101 SET @saved_cs_client     = @@character_set_client */;
/*!40101 SET character_set_client = utf8 */;
CREATE TABLE `xlite_shipping_methods` (
  `method_id` int(11) NOT NULL AUTO_INCREMENT,
  `tax_class_id` int(10) unsigned DEFAULT NULL,
  `free` tinyint(1) NOT NULL,
  `processor` varchar(255) COLLATE utf8_unicode_ci NOT NULL,
  `carrier` varchar(255) COLLATE utf8_unicode_ci NOT NULL,
  `code` varchar(255) COLLATE utf8_unicode_ci NOT NULL,
  `enabled` tinyint(1) NOT NULL,
  `position` int(11) NOT NULL,
  `added` tinyint(1) NOT NULL,
  `moduleName` varchar(255) COLLATE utf8_unicode_ci NOT NULL,
  `fromMarketplace` tinyint(1) NOT NULL,
  `iconURL` varchar(255) COLLATE utf8_unicode_ci DEFAULT NULL,
  `tableType` char(3) COLLATE utf8_unicode_ci DEFAULT NULL,
  `handlingFee` decimal(14,4) NOT NULL,
  `handlingFeeType` varchar(1) COLLATE utf8_unicode_ci NOT NULL,
  PRIMARY KEY (`method_id`),
  KEY `IDX_3BC5646FA94AAAE` (`tax_class_id`),
  KEY `processor` (`processor`),
  KEY `carrier` (`carrier`),
  KEY `enabled` (`enabled`),
  KEY `position` (`position`),
  CONSTRAINT `FK_3BC5646FA94AAAE` FOREIGN KEY (`tax_class_id`) REFERENCES `xlite_tax_classes` (`id`) ON DELETE SET NULL
) ENGINE=InnoDB AUTO_INCREMENT=96 DEFAULT CHARSET=utf8 COLLATE=utf8_unicode_ci;
/*!40101 SET character_set_client = @saved_cs_client */;

--
-- Dumping data for table `xlite_shipping_methods`
--

LOCK TABLES `xlite_shipping_methods` WRITE;
/*!40000 ALTER TABLE `xlite_shipping_methods` DISABLE KEYS */;
INSERT INTO `xlite_shipping_methods` VALUES (1,NULL,0,'aupost','','',0,0,0,'CDev_AustraliaPost',0,NULL,NULL,0.0000,'a'),(2,NULL,0,'fedex','','',0,0,0,'CDev_FedEx',0,NULL,NULL,0.0000,'a'),(3,NULL,0,'fedex','fedex','EUROPE_FIRST_INTERNATIONAL_PRIORITY',1,10,0,'',0,NULL,NULL,0.0000,'a'),(4,NULL,0,'fedex','fedex','FEDEX_1_DAY_FREIGHT',1,20,0,'',0,NULL,NULL,0.0000,'a'),(5,NULL,0,'fedex','fedex','FEDEX_2_DAY',1,30,0,'',0,NULL,NULL,0.0000,'a'),(6,NULL,0,'fedex','fedex','FEDEX_2_DAY_AM',1,40,0,'',0,NULL,NULL,0.0000,'a'),(7,NULL,0,'fedex','fedex','FEDEX_2_DAY_FREIGHT',1,50,0,'',0,NULL,NULL,0.0000,'a'),(8,NULL,0,'fedex','fedex','FEDEX_3_DAY_FREIGHT',1,60,0,'',0,NULL,NULL,0.0000,'a'),(9,NULL,0,'fedex','fedex','FEDEX_EXPRESS_SAVER',1,70,0,'',0,NULL,NULL,0.0000,'a'),(10,NULL,0,'fedex','fedex','FEDEX_FIRST_FREIGHT',1,80,0,'',0,NULL,NULL,0.0000,'a'),(11,NULL,0,'fedex','fedex','FEDEX_GROUND',1,90,0,'',0,NULL,NULL,0.0000,'a'),(12,NULL,0,'fedex','fedex','FIRST_OVERNIGHT',1,100,0,'',0,NULL,NULL,0.0000,'a'),(13,NULL,0,'fedex','fedex','GROUND_HOME_DELIVERY',1,110,0,'',0,NULL,NULL,0.0000,'a'),(14,NULL,0,'fedex','fedex','INTERNATIONAL_DISTRIBUTION_FREIGHT',1,120,0,'',0,NULL,NULL,0.0000,'a'),(15,NULL,0,'fedex','fedex','INTERNATIONAL_ECONOMY',1,130,0,'',0,NULL,NULL,0.0000,'a'),(16,NULL,0,'fedex','fedex','INTERNATIONAL_ECONOMY_DISTRIBUTION',1,140,0,'',0,NULL,NULL,0.0000,'a'),(17,NULL,0,'fedex','fedex','INTERNATIONAL_ECONOMY_FREIGHT',1,150,0,'',0,NULL,NULL,0.0000,'a'),(18,NULL,0,'fedex','fedex','INTERNATIONAL_FIRST',1,160,0,'',0,NULL,NULL,0.0000,'a'),(19,NULL,0,'fedex','fedex','INTERNATIONAL_PRIORITY',1,170,0,'',0,NULL,NULL,0.0000,'a'),(20,NULL,0,'fedex','fedex','INTERNATIONAL_PRIORITY_DISTRIBUTION',1,180,0,'',0,NULL,NULL,0.0000,'a'),(21,NULL,0,'fedex','fedex','INTERNATIONAL_PRIORITY_FREIGHT',1,190,0,'',0,NULL,NULL,0.0000,'a'),(22,NULL,0,'fedex','fedex','PRIORITY_OVERNIGHT',1,200,0,'',0,NULL,NULL,0.0000,'a'),(23,NULL,0,'fedex','fedex','SMART_POST',1,210,0,'',0,NULL,NULL,0.0000,'a'),(24,NULL,0,'fedex','fedex','STANDARD_OVERNIGHT',1,220,0,'',0,NULL,NULL,0.0000,'a'),(25,NULL,0,'usps','','',0,0,0,'CDev_USPS',0,NULL,NULL,0.0000,'a'),(26,NULL,0,'usps','pb_usps','FCM',1,10,0,'',0,NULL,NULL,0.0000,'a'),(27,NULL,0,'usps','pb_usps','PM',1,20,0,'',0,NULL,NULL,0.0000,'a'),(28,NULL,0,'usps','pb_usps','EM',1,30,0,'',0,NULL,NULL,0.0000,'a'),(29,NULL,0,'usps','pb_usps','STDPOST',1,40,0,'',0,NULL,NULL,0.0000,'a'),(30,NULL,0,'usps','pb_usps','PRCLSEL',1,50,0,'',0,NULL,NULL,0.0000,'a'),(31,NULL,0,'usps','pb_usps','MEDIA',1,60,0,'',0,NULL,NULL,0.0000,'a'),(32,NULL,0,'usps','pb_usps','LIB',1,70,0,'',0,NULL,NULL,0.0000,'a'),(33,NULL,0,'usps','pb_usps','FCMI',1,80,0,'',0,NULL,NULL,0.0000,'a'),(34,NULL,0,'usps','pb_usps','FCPIS',1,90,0,'',0,NULL,NULL,0.0000,'a'),(35,NULL,0,'usps','pb_usps','EMI',1,100,0,'',0,NULL,NULL,0.0000,'a'),(36,NULL,0,'usps','pb_usps','PMI',1,110,0,'',0,NULL,NULL,0.0000,'a'),(37,NULL,0,'capost','','',0,0,0,'XC_CanadaPost',0,NULL,NULL,0.0000,'a'),(38,NULL,0,'capost','capost','DOM.RP',1,10,0,'',0,NULL,NULL,0.0000,'a'),(39,NULL,0,'capost','capost','DOM.EP',1,20,0,'',0,NULL,NULL,0.0000,'a'),(40,NULL,0,'capost','capost','DOM.XP',1,30,0,'',0,NULL,NULL,0.0000,'a'),(41,NULL,0,'capost','capost','DOM.XP.CERT',1,40,0,'',0,NULL,NULL,0.0000,'a'),(42,NULL,0,'capost','capost','DOM.PC',1,50,0,'',0,NULL,NULL,0.0000,'a'),(43,NULL,0,'capost','capost','DOM.LIB',1,60,0,'',0,NULL,NULL,0.0000,'a'),(44,NULL,0,'capost','capost','USA.EP',1,70,0,'',0,NULL,NULL,0.0000,'a'),(45,NULL,0,'capost','capost','USA.PW.ENV',1,80,0,'',0,NULL,NULL,0.0000,'a'),(46,NULL,0,'capost','capost','USA.PW.PAK',1,90,0,'',0,NULL,NULL,0.0000,'a'),(47,NULL,0,'capost','capost','USA.PW.PARCEL',1,100,0,'',0,NULL,NULL,0.0000,'a'),(48,NULL,0,'capost','capost','USA.SP.AIR',1,110,0,'',0,NULL,NULL,0.0000,'a'),(49,NULL,0,'capost','capost','USA.TP',1,120,0,'',0,NULL,NULL,0.0000,'a'),(50,NULL,0,'capost','capost','USA.TP.LVM',1,130,0,'',0,NULL,NULL,0.0000,'a'),(51,NULL,0,'capost','capost','USA.XP',1,140,0,'',0,NULL,NULL,0.0000,'a'),(52,NULL,0,'capost','capost','INT.XP',1,150,0,'',0,NULL,NULL,0.0000,'a'),(53,NULL,0,'capost','capost','INT.IP.AIR',1,160,0,'',0,NULL,NULL,0.0000,'a'),(54,NULL,0,'capost','capost','INT.IP.SURF',1,170,0,'',0,NULL,NULL,0.0000,'a'),(55,NULL,0,'capost','capost','INT.PW.ENV',1,180,0,'',0,NULL,NULL,0.0000,'a'),(56,NULL,0,'capost','capost','INT.PW.PAK',1,190,0,'',0,NULL,NULL,0.0000,'a'),(57,NULL,0,'capost','capost','INT.PW.PARCEL',1,200,0,'',0,NULL,NULL,0.0000,'a'),(58,NULL,0,'capost','capost','INT.SP.AIR',1,210,0,'',0,NULL,NULL,0.0000,'a'),(59,NULL,0,'capost','capost','INT.SP.SURF',1,220,0,'',0,NULL,NULL,0.0000,'a'),(60,NULL,0,'capost','capost','INT.TP',1,230,0,'',0,NULL,NULL,0.0000,'a'),(61,NULL,0,'ups','','',0,0,0,'XC_UPS',0,NULL,NULL,0.0000,'a'),(62,NULL,0,'ups','ups','NDA',1,10,0,'',0,NULL,NULL,0.0000,'a'),(63,NULL,0,'ups','ups','2DA',1,20,0,'',0,NULL,NULL,0.0000,'a'),(64,NULL,0,'ups','ups','GND',1,30,0,'',0,NULL,NULL,0.0000,'a'),(65,NULL,0,'ups','ups','WEXP',1,40,0,'',0,NULL,NULL,0.0000,'a'),(66,NULL,0,'ups','ups','WEXD',1,50,0,'',0,NULL,NULL,0.0000,'a'),(67,NULL,0,'ups','ups','STD',1,60,0,'',0,NULL,NULL,0.0000,'a'),(68,NULL,0,'ups','ups','3DS',1,70,0,'',0,NULL,NULL,0.0000,'a'),(69,NULL,0,'ups','ups','NDAS',1,80,0,'',0,NULL,NULL,0.0000,'a'),(70,NULL,0,'ups','ups','NDAE',1,90,0,'',0,NULL,NULL,0.0000,'a'),(71,NULL,0,'ups','ups','WEXPP',1,100,0,'',0,NULL,NULL,0.0000,'a'),(72,NULL,0,'ups','ups','2DAAM',1,110,0,'',0,NULL,NULL,0.0000,'a'),(73,NULL,0,'ups','ups','SAV',1,120,0,'',0,NULL,NULL,0.0000,'a'),(74,NULL,0,'ups','ups','TSTD',1,130,0,'',0,NULL,NULL,0.0000,'a'),(75,NULL,0,'ups','ups','TDC',1,140,0,'',0,NULL,NULL,0.0000,'a'),(76,NULL,0,'ups','ups','TI',1,150,0,'',0,NULL,NULL,0.0000,'a'),(77,NULL,0,'ups','ups','TEXP',1,160,0,'',0,NULL,NULL,0.0000,'a'),(78,NULL,0,'ups','ups','TEXPS',1,170,0,'',0,NULL,NULL,0.0000,'a'),(79,NULL,0,'ups','ups','WEXPF',1,180,0,'',0,NULL,NULL,0.0000,'a'),(80,NULL,0,'ups','ups','EXP',1,190,0,'',0,NULL,NULL,0.0000,'a'),(81,NULL,0,'ups','ups','EXPP',1,200,0,'',0,NULL,NULL,0.0000,'a'),(82,NULL,0,'ups','ups','EXDSM',1,210,0,'',0,NULL,NULL,0.0000,'a'),(83,NULL,0,'ups','ups','WEXDSM',1,220,0,'',0,NULL,NULL,0.0000,'a'),(84,NULL,0,'ups','ups','WEXPSM',1,230,0,'',0,NULL,NULL,0.0000,'a'),(85,NULL,0,'ups','ups','SAVSM',1,240,0,'',0,NULL,NULL,0.0000,'a'),(86,NULL,0,'ups','ups','EXPEAMSM',1,250,0,'',0,NULL,NULL,0.0000,'a'),(87,NULL,0,'ups','ups','NDAEAMSM',1,260,0,'',0,NULL,NULL,0.0000,'a'),(88,NULL,0,'ups','ups','WEXPPSM',1,270,0,'',0,NULL,NULL,0.0000,'a'),(89,NULL,0,'offline','','courier',1,10,1,'',0,NULL,'S',0.0000,'a'),(90,NULL,0,'offline','','',1,20,1,'',0,NULL,'S',0.0000,'a'),(91,NULL,0,'offline','','',1,30,1,'',0,NULL,'S',0.0000,'a'),(92,NULL,0,'offline','','',1,40,1,'',0,NULL,'S',0.0000,'a'),(93,NULL,0,'offline','','',1,50,1,'',0,NULL,'S',0.0000,'a'),(94,NULL,1,'offline','','FREESHIP',1,30,1,'',0,NULL,'S',0.0000,'a'),(95,NULL,0,'offline','','FIXEDFEE',1,40,1,'',0,NULL,'S',0.0000,'a');
/*!40000 ALTER TABLE `xlite_shipping_methods` ENABLE KEYS */;
UNLOCK TABLES;

--
-- Table structure for table `xlite_states`
--

DROP TABLE IF EXISTS `xlite_states`;
/*!40101 SET @saved_cs_client     = @@character_set_client */;
/*!40101 SET character_set_client = utf8 */;
CREATE TABLE `xlite_states` (
  `state_id` int(11) NOT NULL AUTO_INCREMENT,
  `country_code` char(2) COLLATE utf8_unicode_ci DEFAULT NULL,
  `region_code` varchar(10) COLLATE utf8_unicode_ci DEFAULT NULL,
  `state` varchar(64) COLLATE utf8_unicode_ci NOT NULL,
  `code` varchar(64) COLLATE utf8_unicode_ci NOT NULL,
  PRIMARY KEY (`state_id`),
  UNIQUE KEY `code` (`code`,`country_code`),
  KEY `IDX_4E766996F026BB7C` (`country_code`),
  KEY `IDX_4E766996AEB327AF` (`region_code`),
  KEY `state` (`state`),
  CONSTRAINT `FK_4E766996AEB327AF` FOREIGN KEY (`region_code`) REFERENCES `xlite_regions` (`code`) ON DELETE CASCADE,
  CONSTRAINT `FK_4E766996F026BB7C` FOREIGN KEY (`country_code`) REFERENCES `xlite_countries` (`code`) ON DELETE CASCADE
) ENGINE=InnoDB AUTO_INCREMENT=612 DEFAULT CHARSET=utf8 COLLATE=utf8_unicode_ci;
/*!40101 SET character_set_client = @saved_cs_client */;

--
-- Dumping data for table `xlite_states`
--

LOCK TABLES `xlite_states` WRITE;
/*!40000 ALTER TABLE `xlite_states` DISABLE KEYS */;
INSERT INTO `xlite_states` VALUES (1,'AR',NULL,'Buenos Aires','B'),(2,'AR',NULL,'Catamarca','K'),(3,'AR',NULL,'Chaco','H'),(4,'AR',NULL,'Chubut','U'),(5,'AR',NULL,'Ciudad de Buenos Aires','C'),(6,'AR',NULL,'Córdoba','X'),(7,'AR',NULL,'Corrientes','W'),(8,'AR',NULL,'Entre Ríos','E'),(9,'AR',NULL,'Formosa','P'),(10,'AR',NULL,'Jujuy','Y'),(11,'AR',NULL,'La Pampa','L'),(12,'AR',NULL,'La Rioja','F'),(13,'AR',NULL,'Mendoza','M'),(14,'AR',NULL,'Misiones','N'),(15,'AR',NULL,'Neuquén','Q'),(16,'AR',NULL,'Río Negro','R'),(17,'AR',NULL,'Salta','A'),(18,'AR',NULL,'San Juan','J'),(19,'AR',NULL,'San Luis','D'),(20,'AR',NULL,'Santa Cruz','Z'),(21,'AR',NULL,'Santa Fe','S'),(22,'AR',NULL,'Santiago del Estero','G'),(23,'AR',NULL,'Tierra del Fuego','V'),(24,'AR',NULL,'Tucumán','T'),(25,'BR',NULL,'Distrito Federal','DF'),(26,'BR',NULL,'Acre','AC'),(27,'BR',NULL,'Alagoas','AL'),(28,'BR',NULL,'Amapá','AP'),(29,'BR',NULL,'Amazonas','AM'),(30,'BR',NULL,'Bahia','BA'),(31,'BR',NULL,'Ceará','CE'),(32,'BR',NULL,'Espírito Santo','ES'),(33,'BR',NULL,'Goiás','GO'),(34,'BR',NULL,'Maranhão','MA'),(35,'BR',NULL,'Mato Grosso','MT'),(36,'BR',NULL,'Mato Grosso do Sul','MS'),(37,'BR',NULL,'Minas Gerais','MG'),(38,'BR',NULL,'Pará','PA'),(39,'BR',NULL,'Paraíba','PB'),(40,'BR',NULL,'Paraná','PR'),(41,'BR',NULL,'Pernambuco','PE'),(42,'BR',NULL,'Piauí','PI'),(43,'BR',NULL,'Rio de Janeiro','RJ'),(44,'BR',NULL,'Rio Grande do Norte','RN'),(45,'BR',NULL,'Rio Grande do Sul','RS'),(46,'BR',NULL,'Rondônia','RO'),(47,'BR',NULL,'Roraima','RR'),(48,'BR',NULL,'Santa Catarina','SC'),(49,'BR',NULL,'São Paulo','SP'),(50,'BR',NULL,'Sergipe','SE'),(51,'BR',NULL,'Tocantins','TO'),(52,'CA',NULL,'Alberta','AB'),(53,'CA',NULL,'British Columbia','BC'),(54,'CA',NULL,'Manitoba','MB'),(55,'CA',NULL,'New Brunswick','NB'),(56,'CA',NULL,'Newfoundland and Labrador','NL'),(57,'CA',NULL,'Nova Scotia','NS'),(58,'CA',NULL,'Northwest Territories','NT'),(59,'CA',NULL,'Nunavut','NU'),(60,'CA',NULL,'Ontario','ON'),(61,'CA',NULL,'Prince Edward Island','PE'),(62,'CA',NULL,'Quebec','QC'),(63,'CA',NULL,'Saskatchewan','SK'),(64,'CA',NULL,'Yukon','YT'),(65,'CN',NULL,'Anhui','34'),(66,'CN',NULL,'Beijing','11'),(67,'CN',NULL,'Chongqing','50'),(68,'CN',NULL,'Fujian','35'),(69,'CN',NULL,'Gansu','62'),(70,'CN',NULL,'Guangdong','44'),(71,'CN',NULL,'Guangxi','45'),(72,'CN',NULL,'Guizhou','52'),(73,'CN',NULL,'Hainan','46'),(74,'CN',NULL,'Hebei','13'),(75,'CN',NULL,'Heilongjiang','23'),(76,'CN',NULL,'Henan','41'),(77,'CN',NULL,'Hong Kong','91'),(78,'CN',NULL,'Hubei','42'),(79,'CN',NULL,'Hunan','43'),(80,'CN',NULL,'Jiangsu','32'),(81,'CN',NULL,'Jiangxi','36'),(82,'CN',NULL,'Jilin','22'),(83,'CN',NULL,'Liaoning','21'),(84,'CN',NULL,'Macao','92'),(85,'CN',NULL,'Nei Mongol','15'),(86,'CN',NULL,'Ningxia','64'),(87,'CN',NULL,'Qinghai','63'),(88,'CN',NULL,'Shaanxi','61'),(89,'CN',NULL,'Shandong','37'),(90,'CN',NULL,'Shanghai','31'),(91,'CN',NULL,'Shanxi','14'),(92,'CN',NULL,'Sichuan','51'),(93,'CN',NULL,'Taiwan','71'),(94,'CN',NULL,'Tianjin','12'),(95,'CN',NULL,'Xinjiang','65'),(96,'CN',NULL,'Xizang','54'),(97,'CN',NULL,'Yunnan','53'),(98,'CN',NULL,'Zhejiang','33'),(99,'IN',NULL,'Andaman and Nicobar Islands','AN'),(100,'IN',NULL,'Andhra Pradesh','AP'),(101,'IN',NULL,'Arunachal Pradesh','AR'),(102,'IN',NULL,'Assam','AS'),(103,'IN',NULL,'Bihar','BR'),(104,'IN',NULL,'Chandigarh','CH'),(105,'IN',NULL,'Chhattisgar','CT'),(106,'IN',NULL,'Dadra and Nagar Haveli','DN'),(107,'IN',NULL,'Daman and Diu','DD'),(108,'IN',NULL,'Delhi','DL'),(109,'IN',NULL,'Goa','GA'),(110,'IN',NULL,'Gujarat','GJ'),(111,'IN',NULL,'Haryana','HR'),(112,'IN',NULL,'Himachal Pradesh','HP'),(113,'IN',NULL,'Jammu and Kashmir','JK'),(114,'IN',NULL,'Jharkhand','JH'),(115,'IN',NULL,'Karnataka','KA'),(116,'IN',NULL,'Kerala','KL'),(117,'IN',NULL,'Lakshadweep','LD'),(118,'IN',NULL,'Madhya Pradesh','MP'),(119,'IN',NULL,'Maharashtra','MH'),(120,'IN',NULL,'Manipur','MN'),(121,'IN',NULL,'Meghalaya','ML'),(122,'IN',NULL,'Mizoram','MZ'),(123,'IN',NULL,'Nagaland','NL'),(124,'IN',NULL,'Odish','OR'),(125,'IN',NULL,'Puducherry','PY'),(126,'IN',NULL,'Punjab','PB'),(127,'IN',NULL,'Rajasthan','RJ'),(128,'IN',NULL,'Sikkim','SK'),(129,'IN',NULL,'Tamil Nadu','TN'),(130,'IN',NULL,'Telangan','TG'),(131,'IN',NULL,'Tripura','TR'),(132,'IN',NULL,'Uttarakhan','UT'),(133,'IN',NULL,'Uttar Pradesh','UP'),(134,'IN',NULL,'West Bengal','WB'),(135,'ID',NULL,'Aceh','AC'),(136,'ID',NULL,'Bali','BA'),(137,'ID',NULL,'Bangka–Belitung Islands','BB'),(138,'ID',NULL,'Banten','BT'),(139,'ID',NULL,'Bengkulu','BE'),(140,'ID',NULL,'Central Java','JT'),(141,'ID',NULL,'Central Kalimantan','KT'),(142,'ID',NULL,'Central Sulawesi','ST'),(143,'ID',NULL,'East Java','JI'),(144,'ID',NULL,'East Kalimantan','KI'),(145,'ID',NULL,'East Nusa Tenggara','NT'),(146,'ID',NULL,'Gorontalo','GO'),(147,'ID',NULL,'Jakarta','JK'),(148,'ID',NULL,'Jambi','JA'),(149,'ID',NULL,'Lampung','LA'),(150,'ID',NULL,'Maluku','MA'),(151,'ID',NULL,'North Kalimantan','KU'),(152,'ID',NULL,'North Maluku','MU'),(153,'ID',NULL,'North Sulawesi','SA'),(154,'ID',NULL,'North Sumatra','SU'),(155,'ID',NULL,'Papua','PA'),(156,'ID',NULL,'Riau','RI'),(157,'ID',NULL,'Riau Islands','KR'),(158,'ID',NULL,'South Kalimantan','KS'),(159,'ID',NULL,'South Sulawesi','SN'),(160,'ID',NULL,'South Sumatra','SS'),(161,'ID',NULL,'Southeast Sulawesi','SG'),(162,'ID',NULL,'West Java','JB'),(163,'ID',NULL,'West Kalimantan','KB'),(164,'ID',NULL,'West Nusa Tenggara','NB'),(165,'ID',NULL,'West Papua','PB'),(166,'ID',NULL,'West Sulawesi','SR'),(167,'ID',NULL,'West Sumatra','SB'),(168,'ID',NULL,'Yogyakarta','YO'),(169,'JP',NULL,'Aichi','23'),(170,'JP',NULL,'Akita','05'),(171,'JP',NULL,'Aomori','02'),(172,'JP',NULL,'Chiba','12'),(173,'JP',NULL,'Ehime','38'),(174,'JP',NULL,'Fukui','18'),(175,'JP',NULL,'Fukuoka','40'),(176,'JP',NULL,'Fukushima','07'),(177,'JP',NULL,'Gifu','21'),(178,'JP',NULL,'Gumma','10'),(179,'JP',NULL,'Hiroshima','34'),(180,'JP',NULL,'Hokkaido','01'),(181,'JP',NULL,'Hyogo','28'),(182,'JP',NULL,'Ibaraki','08'),(183,'JP',NULL,'Ishikawa','17'),(184,'JP',NULL,'Iwate','03'),(185,'JP',NULL,'Kagawa','37'),(186,'JP',NULL,'Kagoshima','46'),(187,'JP',NULL,'Kanagawa','14'),(188,'JP',NULL,'Kochi','39'),(189,'JP',NULL,'Kumamoto','43'),(190,'JP',NULL,'Kyoto','26'),(191,'JP',NULL,'Mie','24'),(192,'JP',NULL,'Miyagi','04'),(193,'JP',NULL,'Miyazaki','45'),(194,'JP',NULL,'Nagano','20'),(195,'JP',NULL,'Nagasaki','42'),(196,'JP',NULL,'Nara','29'),(197,'JP',NULL,'Niigata','15'),(198,'JP',NULL,'Oita','44'),(199,'JP',NULL,'Okayama','33'),(200,'JP',NULL,'Okinawa','47'),(201,'JP',NULL,'Osaka','27'),(202,'JP',NULL,'Saga','41'),(203,'JP',NULL,'Saitama','11'),(204,'JP',NULL,'Shiga','25'),(205,'JP',NULL,'Shimane','32'),(206,'JP',NULL,'Shizuoka','22'),(207,'JP',NULL,'Tochigi','09'),(208,'JP',NULL,'Tokushima','36'),(209,'JP',NULL,'Tokyo','13'),(210,'JP',NULL,'Tottori','31'),(211,'JP',NULL,'Toyama','16'),(212,'JP',NULL,'Wakayama','30'),(213,'JP',NULL,'Yamagata','06'),(214,'JP',NULL,'Yamaguchi','35'),(215,'JP',NULL,'Yamanashi','19'),(216,'MX',NULL,'Aguascalientes','AG'),(217,'MX',NULL,'Baja California','BN'),(218,'MX',NULL,'Baja California Sur','BS'),(219,'MX',NULL,'Campeche','CM'),(220,'MX',NULL,'Coahuila','CA'),(221,'MX',NULL,'Colima','CL'),(222,'MX',NULL,'Chiapas','CP'),(223,'MX',NULL,'Chihuahua','CH'),(224,'MX',NULL,'Distrito Federal','DF'),(225,'MX',NULL,'Durango','DU'),(226,'MX',NULL,'Guanajuato','GT'),(227,'MX',NULL,'Guerrero','GR'),(228,'MX',NULL,'Hidalgo','HI'),(229,'MX',NULL,'Jalisco','JA'),(230,'MX',NULL,'México','MX'),(231,'MX',NULL,'Michoacán','MC'),(232,'MX',NULL,'Morelos','MR'),(233,'MX',NULL,'Nayarit','NA'),(234,'MX',NULL,'Nuevo León','NL'),(235,'MX',NULL,'Oaxaca','OA'),(236,'MX',NULL,'Puebla','PU'),(237,'MX',NULL,'Querétaro','QE'),(238,'MX',NULL,'Quintana Roo','QR'),(239,'MX',NULL,'San Luis Potosí','SL'),(240,'MX',NULL,'Sinaloa','SI'),(241,'MX',NULL,'Sonora','SO'),(242,'MX',NULL,'Tabasco','TB'),(243,'MX',NULL,'Tamaulipas','TM'),(244,'MX',NULL,'Tlaxcala','TL'),(245,'MX',NULL,'Veracruz','VE'),(246,'MX',NULL,'Yucatán','YU'),(247,'MX',NULL,'Zacatecas','ZA'),(248,'TH',NULL,'Amnat Charoen','37'),(249,'TH',NULL,'Ang Thong','15'),(250,'TH',NULL,'Bueng Kan','38'),(251,'TH',NULL,'Buri Ram','31'),(252,'TH',NULL,'Chachoengsao','24'),(253,'TH',NULL,'Chai Nat','18'),(254,'TH',NULL,'Chaiyaphum','36'),(255,'TH',NULL,'Chanthaburi','22'),(256,'TH',NULL,'Chiang Mai','50'),(257,'TH',NULL,'Chiang Rai','57'),(258,'TH',NULL,'Chon Buri','20'),(259,'TH',NULL,'Chumphon','86'),(260,'TH',NULL,'Kalasin','46'),(261,'TH',NULL,'Kamphaeng Phet','62'),(262,'TH',NULL,'Kanchanaburi','71'),(263,'TH',NULL,'Khon Kaen','40'),(264,'TH',NULL,'Krabi','81'),(265,'TH',NULL,'Krung Thep Maha Nakhon (Bangkok)','10'),(266,'TH',NULL,'Lampang','52'),(267,'TH',NULL,'Lamphun','51'),(268,'TH',NULL,'Loei','42'),(269,'TH',NULL,'Lop Buri','16'),(270,'TH',NULL,'Mae Hong Son','58'),(271,'TH',NULL,'Maha Sarakham','44'),(272,'TH',NULL,'Mukdahan','49'),(273,'TH',NULL,'Nakhon Nayok','26'),(274,'TH',NULL,'Nakhon Pathom','73'),(275,'TH',NULL,'Nakhon Phanom','48'),(276,'TH',NULL,'Nakhon Ratchasima','30'),(277,'TH',NULL,'Nakhon Sawan','60'),(278,'TH',NULL,'Nakhon Si Thammarat','80'),(279,'TH',NULL,'Nan','55'),(280,'TH',NULL,'Narathiwat','96'),(281,'TH',NULL,'Nong Bua Lam Phu','39'),(282,'TH',NULL,'Nong Khai','43'),(283,'TH',NULL,'Nonthaburi','12'),(284,'TH',NULL,'Pathum Thani','13'),(285,'TH',NULL,'Pattani','94'),(286,'TH',NULL,'Phangnga','82'),(287,'TH',NULL,'Phatthalung','93'),(288,'TH',NULL,'Phatthaya','S'),(289,'TH',NULL,'Phayao','56'),(290,'TH',NULL,'Phetchabun','67'),(291,'TH',NULL,'Phetchaburi','76'),(292,'TH',NULL,'Phichit','66'),(293,'TH',NULL,'Phitsanulok','65'),(294,'TH',NULL,'Phrae','54'),(295,'TH',NULL,'Phra Nakhon Si Ayutthaya','14'),(296,'TH',NULL,'Phuket','83'),(297,'TH',NULL,'Prachin Buri','25'),(298,'TH',NULL,'Prachuap Khiri Khan','77'),(299,'TH',NULL,'Ranong','85'),(300,'TH',NULL,'Ratchaburi','70'),(301,'TH',NULL,'Rayong','21'),(302,'TH',NULL,'Roi Et','45'),(303,'TH',NULL,'Sa Kaeo','27'),(304,'TH',NULL,'Sakon Nakhon','47'),(305,'TH',NULL,'Samut Prakan','11'),(306,'TH',NULL,'Samut Sakhon','74'),(307,'TH',NULL,'Samut Songkhram','75'),(308,'TH',NULL,'Saraburi','19'),(309,'TH',NULL,'Satun','91'),(310,'TH',NULL,'Sing Buri','17'),(311,'TH',NULL,'Si Sa Ket','33'),(312,'TH',NULL,'Songkhla','90'),(313,'TH',NULL,'Sukhothai','64'),(314,'TH',NULL,'Suphan Buri','72'),(315,'TH',NULL,'Surat Thani','84'),(316,'TH',NULL,'Surin','32'),(317,'TH',NULL,'Tak','63'),(318,'TH',NULL,'Trang','92'),(319,'TH',NULL,'Trat','23'),(320,'TH',NULL,'Ubon Ratchathani','34'),(321,'TH',NULL,'Udon Thani','41'),(322,'TH',NULL,'Uthai Thani','61'),(323,'TH',NULL,'Uttaradit','53'),(324,'TH',NULL,'Yala','95'),(325,'TH',NULL,'Yasothon','35'),(326,'GB','GB-SCT','Aberdeen City','ABE'),(327,'GB','GB-SCT','Aberdeenshire','ABD'),(328,'GB','GB-SCT','Angus','ANS'),(329,'GB','GB-NIR','Antrim','ANT'),(330,'GB','GB-NIR','Ards','ARD'),(331,'GB','GB-SCT','Argyll and Bute','AGB'),(332,'GB','GB-NIR','Armagh','ARM'),(333,'GB','GB-NIR','Ballymena','BLA'),(334,'GB','GB-NIR','Ballymoney','BLY'),(335,'GB','GB-NIR','Banbridge','BNB'),(336,'GB','GB-ENG','Barking and Dagenham','BDG'),(337,'GB','GB-ENG','Barnet','BNE'),(338,'GB','GB-ENG','Barnsley','BNS'),(339,'GB','GB-ENG','Bath and North East Somerset','BAS'),(340,'GB','GB-ENG','Bedford','BDF'),(341,'GB','GB-NIR','Belfast','BFS'),(342,'GB','GB-ENG','Bexley','BEX'),(343,'GB','GB-ENG','Birmingham','BIR'),(344,'GB','GB-ENG','Blackburn with Darwen','BBD'),(345,'GB','GB-ENG','Blackpool','BPL'),(346,'GB','GB-WLS','Blaenau Gwent','BGW'),(347,'GB','GB-ENG','Bolton','BOL'),(348,'GB','GB-ENG','Bournemouth','BMH'),(349,'GB','GB-ENG','Bracknell Forest','BRC'),(350,'GB','GB-ENG','Bradford','BRD'),(351,'GB','GB-ENG','Brent','BEN'),(352,'GB','GB-WLS','Bridgend','BGE'),(353,'GB','GB-ENG','Brighton and Hove','BNH'),(354,'GB','GB-ENG','Bristol, City of','BST'),(355,'GB','GB-ENG','Bromley','BRY'),(356,'GB','GB-ENG','Buckinghamshire','BKM'),(357,'GB','GB-ENG','Bury','BUR'),(358,'GB','GB-WLS','Caerphilly','CAY'),(359,'GB','GB-ENG','Calderdale','CLD'),(360,'GB','GB-ENG','Cambridgeshire','CAM'),(361,'GB','GB-ENG','Camden','CMD'),(362,'GB','GB-WLS','Cardiff','CRF'),(363,'GB','GB-WLS','Carmarthenshire','CMN'),(364,'GB','GB-NIR','Carrickfergus','CKF'),(365,'GB','GB-NIR','Castlereagh','CSR'),(366,'GB','GB-ENG','Central Bedfordshire','CBF'),(367,'GB','GB-WLS','Ceredigion','CGN'),(368,'GB','GB-ENG','Cheshire East','CHE'),(369,'GB','GB-ENG','Cheshire West and Chester','CHW'),(370,'GB','GB-SCT','Clackmannanshire','CLK'),(371,'GB','GB-NIR','Coleraine','CLR'),(372,'GB','GB-WLS','Conwy','CWY'),(373,'GB','GB-NIR','Cookstown','CKT'),(374,'GB','GB-ENG','Cornwall','CON'),(375,'GB','GB-ENG','Coventry','COV'),(376,'GB','GB-NIR','Craigavon','CGV'),(377,'GB','GB-ENG','Croydon','CRY'),(378,'GB','GB-ENG','Cumbria','CMA'),(379,'GB','GB-ENG','Darlington','DAL'),(380,'GB','GB-WLS','Denbighshire','DEN'),(381,'GB','GB-ENG','Derby','DER'),(382,'GB','GB-ENG','Derbyshire','DBY'),(383,'GB','GB-NIR','Derry','DRY'),(384,'GB','GB-ENG','Devon','DEV'),(385,'GB','GB-ENG','Doncaster','DNC'),(386,'GB','GB-ENG','Dorset','DOR'),(387,'GB','GB-NIR','Down','DOW'),(388,'GB','GB-ENG','Dudley','DUD'),(389,'GB','GB-SCT','Dumfries and Galloway','DGY'),(390,'GB','GB-SCT','Dundee City','DND'),(391,'GB','GB-NIR','Dungannon and South Tyrone','DGN'),(392,'GB','GB-ENG','Durham, County','DUR'),(393,'GB','GB-ENG','Ealing','EAL'),(394,'GB','GB-SCT','East Ayrshire','EAY'),(395,'GB','GB-SCT','East Dunbartonshire','EDU'),(396,'GB','GB-SCT','East Lothian','ELN'),(397,'GB','GB-SCT','East Renfrewshire','ERW'),(398,'GB','GB-ENG','East Riding of Yorkshire','ERY'),(399,'GB','GB-ENG','East Sussex','ESX'),(400,'GB','GB-SCT','Edinburgh, City of','EDH'),(401,'GB','GB-SCT','Eilean Siar','ELS'),(402,'GB','GB-ENG','Enfield','ENF'),(403,'GB','GB-ENG','Essex','ESS'),(404,'GB','GB-SCT','Falkirk','FAL'),(405,'GB','GB-NIR','Fermanagh','FER'),(406,'GB','GB-SCT','Fife','FIF'),(407,'GB','GB-WLS','Flintshire','FLN'),(408,'GB','GB-ENG','Gateshead','GAT'),(409,'GB','GB-SCT','Glasgow City','GLG'),(410,'GB','GB-ENG','Gloucestershire','GLS'),(411,'GB','GB-ENG','Greenwich','GRE'),(412,'GB','GB-WLS','Gwynedd','GWN'),(413,'GB','GB-ENG','Hackney','HCK'),(414,'GB','GB-ENG','Halton','HAL'),(415,'GB','GB-ENG','Hammersmith and Fulham','HMF'),(416,'GB','GB-ENG','Hampshire','HAM'),(417,'GB','GB-ENG','Haringey','HRY'),(418,'GB','GB-ENG','Harrow','HRW'),(419,'GB','GB-ENG','Hartlepool','HPL'),(420,'GB','GB-ENG','Havering','HAV'),(421,'GB','GB-ENG','Herefordshire','HEF'),(422,'GB','GB-ENG','Hertfordshire','HRT'),(423,'GB','GB-SCT','Highland','HLD'),(424,'GB','GB-ENG','Hillingdon','HIL'),(425,'GB','GB-ENG','Hounslow','HNS'),(426,'GB','GB-SCT','Inverclyde','IVC'),(427,'GB','GB-WLS','Isle of Anglesey','AGY'),(428,'GB','GB-ENG','Isle of Wight','IOW'),(429,'GB','GB-ENG','Isles of Scilly','IOS'),(430,'GB','GB-ENG','Islington','ISL'),(431,'GB','GB-ENG','Kensington and Chelsea','KEC'),(432,'GB','GB-ENG','Kent','KEN'),(433,'GB','GB-ENG','Kingston upon Hull','KHL'),(434,'GB','GB-ENG','Kingston upon Thames','KTT'),(435,'GB','GB-ENG','Kirklees','KIR'),(436,'GB','GB-ENG','Knowsley','KWL'),(437,'GB','GB-ENG','Lambeth','LBH'),(438,'GB','GB-ENG','Lancashire','LAN'),(439,'GB','GB-NIR','Larne','LRN'),(440,'GB','GB-ENG','Leeds','LDS'),(441,'GB','GB-ENG','Leicester','LCE'),(442,'GB','GB-ENG','Leicestershire','LEC'),(443,'GB','GB-ENG','Lewisham','LEW'),(444,'GB','GB-NIR','Limavady','LMV'),(445,'GB','GB-ENG','Lincolnshire','LIN'),(446,'GB','GB-NIR','Lisburn','LSB'),(447,'GB','GB-ENG','Liverpool','LIV'),(448,'GB','GB-ENG','London, City of','LND'),(449,'GB','GB-ENG','Luton','LUT'),(450,'GB','GB-NIR','Magherafelt','MFT'),(451,'GB','GB-ENG','Manchester','MAN'),(452,'GB','GB-ENG','Medway','MDW'),(453,'GB','GB-WLS','Merthyr Tydfil','MTY'),(454,'GB','GB-ENG','Merton','MRT'),(455,'GB','GB-ENG','Middlesbrough','MDB'),(456,'GB','GB-SCT','Midlothian','MLN'),(457,'GB','GB-ENG','Milton Keynes','MIK'),(458,'GB','GB-WLS','Monmouthshire','MON'),(459,'GB','GB-SCT','Moray','MRY'),(460,'GB','GB-NIR','Moyle','MYL'),(461,'GB','GB-WLS','Neath Port Talbot','NTL'),(462,'GB','GB-ENG','Newcastle upon Tyne','NET'),(463,'GB','GB-ENG','Newham','NWM'),(464,'GB','GB-WLS','Newport','NWP'),(465,'GB','GB-NIR','Newry and Mourne District','NYM'),(466,'GB','GB-NIR','Newtownabbey','NTA'),(467,'GB','GB-ENG','Norfolk','NFK'),(468,'GB','GB-SCT','North Ayrshire','NAY'),(469,'GB','GB-NIR','North Down','NDN'),(470,'GB','GB-ENG','North East Lincolnshire','NEL'),(471,'GB','GB-SCT','North Lanarkshire','NLK'),(472,'GB','GB-ENG','North Lincolnshire','NLN'),(473,'GB','GB-ENG','North Somerset','NSM'),(474,'GB','GB-ENG','North Tyneside','NTY'),(475,'GB','GB-ENG','North Yorkshire','NYK'),(476,'GB','GB-ENG','Northamptonshire','NTH'),(477,'GB','GB-ENG','Northumberland','NBL'),(478,'GB','GB-ENG','Nottingham','NGM'),(479,'GB','GB-ENG','Nottinghamshire','NTT'),(480,'GB','GB-ENG','Oldham','OLD'),(481,'GB','GB-NIR','Omagh','OMH'),(482,'GB','GB-SCT','Orkney Islands','ORK'),(483,'GB','GB-ENG','Oxfordshire','OXF'),(484,'GB','GB-WLS','Pembrokeshire','PEM'),(485,'GB','GB-SCT','Perth and Kinross','PKN'),(486,'GB','GB-ENG','Peterborough','PTE'),(487,'GB','GB-ENG','Plymouth','PLY'),(488,'GB','GB-ENG','Poole','POL'),(489,'GB','GB-ENG','Portsmouth','POR'),(490,'GB','GB-WLS','Powys','POW'),(491,'GB','GB-ENG','Reading','RDG'),(492,'GB','GB-ENG','Redbridge','RDB'),(493,'GB','GB-ENG','Redcar and Cleveland','RCC'),(494,'GB','GB-SCT','Renfrewshire','RFW'),(495,'GB','GB-WLS','Rhondda, Cynon, Taff','RCT'),(496,'GB','GB-ENG','Richmond upon Thames','RIC'),(497,'GB','GB-ENG','Rochdale','RCH'),(498,'GB','GB-ENG','Rotherham','ROT'),(499,'GB','GB-ENG','Rutland','RUT'),(500,'GB','GB-ENG','St. Helens','SHN'),(501,'GB','GB-ENG','Salford','SLF'),(502,'GB','GB-ENG','Sandwell','SAW'),(503,'GB','GB-SCT','Scottish Borders, The','SCB'),(504,'GB','GB-ENG','Sefton','SFT'),(505,'GB','GB-ENG','Sheffield','SHF'),(506,'GB','GB-SCT','Shetland Islands','ZET'),(507,'GB','GB-ENG','Shropshire','SHR'),(508,'GB','GB-ENG','Slough','SLG'),(509,'GB','GB-ENG','Solihull','SOL'),(510,'GB','GB-ENG','Somerset','SOM'),(511,'GB','GB-SCT','South Ayrshire','SAY'),(512,'GB','GB-ENG','South Gloucestershire','SGC'),(513,'GB','GB-SCT','South Lanarkshire','SLK'),(514,'GB','GB-ENG','South Tyneside','STY'),(515,'GB','GB-ENG','Southampton','STH'),(516,'GB','GB-ENG','Southend-on-Sea','SOS'),(517,'GB','GB-ENG','Southwark','SWK'),(518,'GB','GB-ENG','Staffordshire','STS'),(519,'GB','GB-SCT','Stirling','STG'),(520,'GB','GB-ENG','Stockport','SKP'),(521,'GB','GB-ENG','Stockton-on-Tees','STT'),(522,'GB','GB-ENG','Stoke-on-Trent','STE'),(523,'GB','GB-NIR','Strabane','STB'),(524,'GB','GB-ENG','Suffolk','SFK'),(525,'GB','GB-ENG','Sunderland','SND'),(526,'GB','GB-ENG','Surrey','SRY'),(527,'GB','GB-ENG','Sutton','STN'),(528,'GB','GB-WLS','Swansea','SWA'),(529,'GB','GB-ENG','Swindon','SWD'),(530,'GB','GB-ENG','Tameside','TAM'),(531,'GB','GB-ENG','Telford and Wrekin','TFW'),(532,'GB','GB-ENG','Thurrock','THR'),(533,'GB','GB-ENG','Torbay','TOB'),(534,'GB','GB-WLS','Torfaen','TOF'),(535,'GB','GB-ENG','Tower Hamlets','TWH'),(536,'GB','GB-ENG','Trafford','TRF'),(537,'GB','GB-WLS','Vale of Glamorgan, The','VGL'),(538,'GB','GB-ENG','Wakefield','WKF'),(539,'GB','GB-ENG','Walsall','WLL'),(540,'GB','GB-ENG','Waltham Forest','WFT'),(541,'GB','GB-ENG','Wandsworth','WND'),(542,'GB','GB-ENG','Warrington','WRT'),(543,'GB','GB-ENG','Warwickshire','WAR'),(544,'GB','GB-ENG','West Berkshire','WBK'),(545,'GB','GB-SCT','West Dunbartonshire','WDU'),(546,'GB','GB-SCT','West Lothian','WLN'),(547,'GB','GB-ENG','West Sussex','WSX'),(548,'GB','GB-ENG','Westminster','WSM'),(549,'GB','GB-ENG','Wigan','WGN'),(550,'GB','GB-ENG','Wiltshire','WIL'),(551,'GB','GB-ENG','Windsor and Maidenhead','WNM'),(552,'GB','GB-ENG','Wirral','WRL'),(553,'GB','GB-ENG','Wokingham','WOK'),(554,'GB','GB-ENG','Wolverhampton','WLV'),(555,'GB','GB-ENG','Worcestershire','WOR'),(556,'GB','GB-WLS','Wrexham','WRX'),(557,'GB','GB-ENG','York','YOR'),(558,'US',NULL,'Alabama','AL'),(559,'US',NULL,'Alaska','AK'),(560,'US',NULL,'Arizona','AZ'),(561,'US',NULL,'Arkansas','AR'),(562,'US',NULL,'California','CA'),(563,'US',NULL,'Colorado','CO'),(564,'US',NULL,'Connecticut','CT'),(565,'US',NULL,'Delaware','DE'),(566,'US',NULL,'District of Columbia','DC'),(567,'US',NULL,'Florida','FL'),(568,'US',NULL,'Georgia','GA'),(569,'US',NULL,'Guam','GU'),(570,'US',NULL,'Hawaii','HI'),(571,'US',NULL,'Idaho','ID'),(572,'US',NULL,'Illinois','IL'),(573,'US',NULL,'Indiana','IN'),(574,'US',NULL,'Iowa','IA'),(575,'US',NULL,'Kansas','KS'),(576,'US',NULL,'Kentucky','KY'),(577,'US',NULL,'Louisiana','LA'),(578,'US',NULL,'Maine','ME'),(579,'US',NULL,'Maryland','MD'),(580,'US',NULL,'Massachusetts','MA'),(581,'US',NULL,'Michigan','MI'),(582,'US',NULL,'Minnesota','MN'),(583,'US',NULL,'Mississippi','MS'),(584,'US',NULL,'Missouri','MO'),(585,'US',NULL,'Montana','MT'),(586,'US',NULL,'Nebraska','NE'),(587,'US',NULL,'Nevada','NV'),(588,'US',NULL,'New Hampshire','NH'),(589,'US',NULL,'New Jersey','NJ'),(590,'US',NULL,'New Mexico','NM'),(591,'US',NULL,'New York','NY'),(592,'US',NULL,'North Carolina','NC'),(593,'US',NULL,'North Dakota','ND'),(594,'US',NULL,'Ohio','OH'),(595,'US',NULL,'Oklahoma','OK'),(596,'US',NULL,'Oregon','OR'),(597,'US',NULL,'Pennsylvania','PA'),(598,'US',NULL,'Puerto Rico','PR'),(599,'US',NULL,'Rhode Island','RI'),(600,'US',NULL,'South Carolina','SC'),(601,'US',NULL,'South Dakota','SD'),(602,'US',NULL,'Tennessee','TN'),(603,'US',NULL,'Texas','TX'),(604,'US',NULL,'Utah','UT'),(605,'US',NULL,'Vermont','VT'),(606,'US',NULL,'Virgin Islands','VI'),(607,'US',NULL,'Virginia','VA'),(608,'US',NULL,'Washington','WA'),(609,'US',NULL,'West Virginia','WV'),(610,'US',NULL,'Wisconsin','WI'),(611,'US',NULL,'Wyoming','WY');
/*!40000 ALTER TABLE `xlite_states` ENABLE KEYS */;
UNLOCK TABLES;

--
-- Table structure for table `xlite_tag_translations`
--

DROP TABLE IF EXISTS `xlite_tag_translations`;
/*!40101 SET @saved_cs_client     = @@character_set_client */;
/*!40101 SET character_set_client = utf8 */;
CREATE TABLE `xlite_tag_translations` (
  `label_id` int(11) NOT NULL AUTO_INCREMENT,
  `id` int(10) unsigned DEFAULT NULL,
  `name` varchar(128) COLLATE utf8_unicode_ci NOT NULL,
  `code` char(2) COLLATE utf8_unicode_ci NOT NULL,
  PRIMARY KEY (`label_id`),
  KEY `ci` (`code`,`id`),
  KEY `id` (`id`),
  CONSTRAINT `FK_EDCE6447BF396750` FOREIGN KEY (`id`) REFERENCES `xlite_tags` (`id`) ON DELETE CASCADE
) ENGINE=InnoDB DEFAULT CHARSET=utf8 COLLATE=utf8_unicode_ci;
/*!40101 SET character_set_client = @saved_cs_client */;

--
-- Dumping data for table `xlite_tag_translations`
--

LOCK TABLES `xlite_tag_translations` WRITE;
/*!40000 ALTER TABLE `xlite_tag_translations` DISABLE KEYS */;
/*!40000 ALTER TABLE `xlite_tag_translations` ENABLE KEYS */;
UNLOCK TABLES;

--
-- Table structure for table `xlite_tags`
--

DROP TABLE IF EXISTS `xlite_tags`;
/*!40101 SET @saved_cs_client     = @@character_set_client */;
/*!40101 SET character_set_client = utf8 */;
CREATE TABLE `xlite_tags` (
  `id` int(10) unsigned NOT NULL AUTO_INCREMENT,
  `position` int(11) NOT NULL,
  PRIMARY KEY (`id`)
) ENGINE=InnoDB DEFAULT CHARSET=utf8 COLLATE=utf8_unicode_ci;
/*!40101 SET character_set_client = @saved_cs_client */;

--
-- Dumping data for table `xlite_tags`
--

LOCK TABLES `xlite_tags` WRITE;
/*!40000 ALTER TABLE `xlite_tags` DISABLE KEYS */;
/*!40000 ALTER TABLE `xlite_tags` ENABLE KEYS */;
UNLOCK TABLES;

--
-- Table structure for table `xlite_tasks`
--

DROP TABLE IF EXISTS `xlite_tasks`;
/*!40101 SET @saved_cs_client     = @@character_set_client */;
/*!40101 SET character_set_client = utf8 */;
CREATE TABLE `xlite_tasks` (
  `id` int(10) unsigned NOT NULL AUTO_INCREMENT,
  `owner` varchar(128) COLLATE utf8_unicode_ci NOT NULL,
  `triggerTime` int(11) NOT NULL,
  `data` longtext COLLATE utf8_unicode_ci NOT NULL COMMENT '(DC2Type:array)',
  PRIMARY KEY (`id`)
) ENGINE=InnoDB AUTO_INCREMENT=11 DEFAULT CHARSET=utf8 COLLATE=utf8_unicode_ci;
/*!40101 SET character_set_client = @saved_cs_client */;

--
-- Dumping data for table `xlite_tasks`
--

LOCK TABLES `xlite_tasks` WRITE;
/*!40000 ALTER TABLE `xlite_tasks` DISABLE KEYS */;
INSERT INTO `xlite_tasks` VALUES (1,'XLite\\Core\\Task\\EventListener',0,'a:0:{}'),(2,'XLite\\Core\\Task\\OrdersGarbageCleaner',0,'a:0:{}'),(3,'XLite\\Core\\Task\\JobQueueCronRunner',0,'a:0:{}'),(4,'XLite\\Core\\Task\\SessionsGarbageCleaner',0,'a:0:{}'),(5,'XLite\\Core\\Task\\DataCacheGarbageCleaner',0,'a:0:{}'),(6,'XLite\\Module\\CDev\\XMLSitemap\\Core\\Task\\GenerateSitemap',0,'a:0:{}'),(7,'XLite\\Module\\XC\\FacebookMarketing\\Core\\Task\\GenerateProductFeed',0,'a:0:{}'),(8,'XLite\\Module\\XC\\GoogleFeed\\Core\\Task\\FeedUpdater',0,'a:0:{}'),(9,'XLite\\Module\\XC\\MailChimp\\Core\\Task\\UpdateLists',0,'a:0:{}'),(10,'XLite\\Module\\XC\\Reviews\\Core\\Task\\SendReviewKeys',0,'a:0:{}');
/*!40000 ALTER TABLE `xlite_tasks` ENABLE KEYS */;
UNLOCK TABLES;

--
-- Table structure for table `xlite_tax_class_translations`
--

DROP TABLE IF EXISTS `xlite_tax_class_translations`;
/*!40101 SET @saved_cs_client     = @@character_set_client */;
/*!40101 SET character_set_client = utf8 */;
CREATE TABLE `xlite_tax_class_translations` (
  `label_id` int(11) NOT NULL AUTO_INCREMENT,
  `id` int(10) unsigned DEFAULT NULL,
  `name` varchar(255) COLLATE utf8_unicode_ci NOT NULL,
  `code` char(2) COLLATE utf8_unicode_ci NOT NULL,
  PRIMARY KEY (`label_id`),
  KEY `ci` (`code`,`id`),
  KEY `id` (`id`),
  CONSTRAINT `FK_95C1403BF396750` FOREIGN KEY (`id`) REFERENCES `xlite_tax_classes` (`id`) ON DELETE CASCADE
) ENGINE=InnoDB DEFAULT CHARSET=utf8 COLLATE=utf8_unicode_ci;
/*!40101 SET character_set_client = @saved_cs_client */;

--
-- Dumping data for table `xlite_tax_class_translations`
--

LOCK TABLES `xlite_tax_class_translations` WRITE;
/*!40000 ALTER TABLE `xlite_tax_class_translations` DISABLE KEYS */;
/*!40000 ALTER TABLE `xlite_tax_class_translations` ENABLE KEYS */;
UNLOCK TABLES;

--
-- Table structure for table `xlite_tax_classes`
--

DROP TABLE IF EXISTS `xlite_tax_classes`;
/*!40101 SET @saved_cs_client     = @@character_set_client */;
/*!40101 SET character_set_client = utf8 */;
CREATE TABLE `xlite_tax_classes` (
  `id` int(10) unsigned NOT NULL AUTO_INCREMENT,
  `position` int(11) NOT NULL,
  PRIMARY KEY (`id`)
) ENGINE=InnoDB DEFAULT CHARSET=utf8 COLLATE=utf8_unicode_ci;
/*!40101 SET character_set_client = @saved_cs_client */;

--
-- Dumping data for table `xlite_tax_classes`
--

LOCK TABLES `xlite_tax_classes` WRITE;
/*!40000 ALTER TABLE `xlite_tax_classes` DISABLE KEYS */;
/*!40000 ALTER TABLE `xlite_tax_classes` ENABLE KEYS */;
UNLOCK TABLES;

--
-- Table structure for table `xlite_temporary_files`
--

DROP TABLE IF EXISTS `xlite_temporary_files`;
/*!40101 SET @saved_cs_client     = @@character_set_client */;
/*!40101 SET character_set_client = utf8 */;
CREATE TABLE `xlite_temporary_files` (
  `id` int(10) unsigned NOT NULL AUTO_INCREMENT,
  `width` int(11) NOT NULL,
  `height` int(11) NOT NULL,
  `hash` char(32) COLLATE utf8_unicode_ci DEFAULT NULL,
  `needProcess` tinyint(1) NOT NULL,
  `path` varchar(512) COLLATE utf8_unicode_ci NOT NULL,
  `fileName` varchar(255) COLLATE utf8_unicode_ci NOT NULL,
  `mime` varchar(128) COLLATE utf8_unicode_ci NOT NULL,
  `storageType` varchar(1) COLLATE utf8_unicode_ci NOT NULL,
  `size` int(10) unsigned NOT NULL,
  `date` int(10) unsigned NOT NULL,
  PRIMARY KEY (`id`)
) ENGINE=InnoDB DEFAULT CHARSET=utf8 COLLATE=utf8_unicode_ci;
/*!40101 SET character_set_client = @saved_cs_client */;

--
-- Dumping data for table `xlite_temporary_files`
--

LOCK TABLES `xlite_temporary_files` WRITE;
/*!40000 ALTER TABLE `xlite_temporary_files` DISABLE KEYS */;
/*!40000 ALTER TABLE `xlite_temporary_files` ENABLE KEYS */;
UNLOCK TABLES;

--
-- Table structure for table `xlite_temporary_videos`
--

DROP TABLE IF EXISTS `xlite_temporary_videos`;
/*!40101 SET @saved_cs_client     = @@character_set_client */;
/*!40101 SET character_set_client = utf8 */;
CREATE TABLE `xlite_temporary_videos` (
  `id` int(10) unsigned NOT NULL AUTO_INCREMENT,
  `path` varchar(512) COLLATE utf8_unicode_ci NOT NULL,
  `fileName` varchar(255) COLLATE utf8_unicode_ci NOT NULL,
  `mime` varchar(128) COLLATE utf8_unicode_ci NOT NULL,
  `storageType` varchar(1) COLLATE utf8_unicode_ci NOT NULL,
  `size` int(10) unsigned NOT NULL,
  `date` int(10) unsigned NOT NULL,
  PRIMARY KEY (`id`)
) ENGINE=InnoDB DEFAULT CHARSET=utf8 COLLATE=utf8_unicode_ci;
/*!40101 SET character_set_client = @saved_cs_client */;

--
-- Dumping data for table `xlite_temporary_videos`
--

LOCK TABLES `xlite_temporary_videos` WRITE;
/*!40000 ALTER TABLE `xlite_temporary_videos` DISABLE KEYS */;
/*!40000 ALTER TABLE `xlite_temporary_videos` ENABLE KEYS */;
UNLOCK TABLES;

--
-- Table structure for table `xlite_theme_tweaker_template`
--

DROP TABLE IF EXISTS `xlite_theme_tweaker_template`;
/*!40101 SET @saved_cs_client     = @@character_set_client */;
/*!40101 SET character_set_client = utf8 */;
CREATE TABLE `xlite_theme_tweaker_template` (
  `id` int(11) NOT NULL AUTO_INCREMENT,
  `enabled` tinyint(1) NOT NULL DEFAULT '1',
  `template` varchar(255) COLLATE utf8_unicode_ci NOT NULL,
  `date` int(11) NOT NULL,
  PRIMARY KEY (`id`)
) ENGINE=InnoDB DEFAULT CHARSET=utf8 COLLATE=utf8_unicode_ci;
/*!40101 SET character_set_client = @saved_cs_client */;

--
-- Dumping data for table `xlite_theme_tweaker_template`
--

LOCK TABLES `xlite_theme_tweaker_template` WRITE;
/*!40000 ALTER TABLE `xlite_theme_tweaker_template` DISABLE KEYS */;
/*!40000 ALTER TABLE `xlite_theme_tweaker_template` ENABLE KEYS */;
UNLOCK TABLES;

--
-- Table structure for table `xlite_tmp_vars`
--

DROP TABLE IF EXISTS `xlite_tmp_vars`;
/*!40101 SET @saved_cs_client     = @@character_set_client */;
/*!40101 SET character_set_client = utf8 */;
CREATE TABLE `xlite_tmp_vars` (
  `id` int(11) NOT NULL AUTO_INCREMENT,
  `name` varchar(128) COLLATE utf8_unicode_ci NOT NULL,
  `value` longtext COLLATE utf8_unicode_ci NOT NULL,
  PRIMARY KEY (`id`),
  UNIQUE KEY `name` (`name`)
) ENGINE=InnoDB AUTO_INCREMENT=2 DEFAULT CHARSET=utf8 COLLATE=utf8_unicode_ci;
/*!40101 SET character_set_client = @saved_cs_client */;

--
-- Dumping data for table `xlite_tmp_vars`
--

LOCK TABLES `xlite_tmp_vars` WRITE;
/*!40000 ALTER TABLE `xlite_tmp_vars` DISABLE KEYS */;
INSERT INTO `xlite_tmp_vars` VALUES (1,'cache_build_timestamp','i:1562239090;');
/*!40000 ALTER TABLE `xlite_tmp_vars` ENABLE KEYS */;
UNLOCK TABLES;

--
-- Table structure for table `xlite_upselling_products`
--

DROP TABLE IF EXISTS `xlite_upselling_products`;
/*!40101 SET @saved_cs_client     = @@character_set_client */;
/*!40101 SET character_set_client = utf8 */;
CREATE TABLE `xlite_upselling_products` (
  `id` int(11) NOT NULL AUTO_INCREMENT,
  `product_id` int(10) unsigned DEFAULT NULL,
  `parent_product_id` int(10) unsigned DEFAULT NULL,
  `orderBy` int(11) NOT NULL,
  PRIMARY KEY (`id`),
  KEY `IDX_1DF3D3E14584665A` (`product_id`),
  KEY `parent_product_index` (`parent_product_id`),
  CONSTRAINT `FK_1DF3D3E12C7E20A` FOREIGN KEY (`parent_product_id`) REFERENCES `xlite_products` (`product_id`) ON DELETE CASCADE,
  CONSTRAINT `FK_1DF3D3E14584665A` FOREIGN KEY (`product_id`) REFERENCES `xlite_products` (`product_id`) ON DELETE CASCADE
) ENGINE=InnoDB AUTO_INCREMENT=55 DEFAULT CHARSET=utf8 COLLATE=utf8_unicode_ci;
/*!40101 SET character_set_client = @saved_cs_client */;

--
-- Dumping data for table `xlite_upselling_products`
--

LOCK TABLES `xlite_upselling_products` WRITE;
/*!40000 ALTER TABLE `xlite_upselling_products` DISABLE KEYS */;
INSERT INTO `xlite_upselling_products` VALUES (1,12,16,0),(2,16,12,0),(3,13,16,0),(4,16,13,0),(5,14,16,0),(6,16,14,0),(7,17,16,0),(8,16,17,0),(9,13,12,0),(10,12,13,0),(11,14,12,0),(12,12,14,0),(13,17,12,0),(14,12,17,0),(15,14,13,0),(16,13,14,0),(17,17,13,0),(18,13,17,0),(19,14,17,0),(20,17,14,0),(27,28,41,0),(29,30,41,0),(31,39,41,0),(33,40,37,0),(35,40,41,0),(37,28,37,0),(39,30,37,0),(41,39,37,0),(43,28,42,0),(45,30,42,0),(47,39,42,0),(49,40,42,0),(50,43,25,0),(51,42,25,0),(52,50,25,0),(53,46,25,0),(54,49,25,0);
/*!40000 ALTER TABLE `xlite_upselling_products` ENABLE KEYS */;
UNLOCK TABLES;

--
-- Table structure for table `xlite_usps_shipment`
--

DROP TABLE IF EXISTS `xlite_usps_shipment`;
/*!40101 SET @saved_cs_client     = @@character_set_client */;
/*!40101 SET character_set_client = utf8 */;
CREATE TABLE `xlite_usps_shipment` (
  `id` int(10) unsigned NOT NULL AUTO_INCREMENT,
  `order_id` int(11) DEFAULT NULL,
  `transactionId` varchar(255) COLLATE utf8_unicode_ci NOT NULL,
  `requestData` longtext COLLATE utf8_unicode_ci NOT NULL COMMENT '(DC2Type:array)',
  `responseData` longtext COLLATE utf8_unicode_ci NOT NULL COMMENT '(DC2Type:array)',
  `printDate` int(11) NOT NULL,
  `price` decimal(14,4) NOT NULL,
  `shipmentId` varchar(32) COLLATE utf8_unicode_ci NOT NULL,
  `trackingNumber` varchar(32) COLLATE utf8_unicode_ci NOT NULL,
  `trackingData` longtext COLLATE utf8_unicode_ci NOT NULL COMMENT '(DC2Type:array)',
  `labelURL` varchar(255) COLLATE utf8_unicode_ci NOT NULL,
  `labelContent` longtext COLLATE utf8_unicode_ci NOT NULL COMMENT '(DC2Type:array)',
  PRIMARY KEY (`id`),
  KEY `IDX_9426ED218D9F6D38` (`order_id`),
  CONSTRAINT `FK_9426ED218D9F6D38` FOREIGN KEY (`order_id`) REFERENCES `xlite_orders` (`order_id`) ON DELETE CASCADE
) ENGINE=InnoDB DEFAULT CHARSET=utf8 COLLATE=utf8_unicode_ci;
/*!40101 SET character_set_client = @saved_cs_client */;

--
-- Dumping data for table `xlite_usps_shipment`
--

LOCK TABLES `xlite_usps_shipment` WRITE;
/*!40000 ALTER TABLE `xlite_usps_shipment` DISABLE KEYS */;
/*!40000 ALTER TABLE `xlite_usps_shipment` ENABLE KEYS */;
UNLOCK TABLES;

--
-- Table structure for table `xlite_vendor_convo_message_reads`
--

DROP TABLE IF EXISTS `xlite_vendor_convo_message_reads`;
/*!40101 SET @saved_cs_client     = @@character_set_client */;
/*!40101 SET character_set_client = utf8 */;
CREATE TABLE `xlite_vendor_convo_message_reads` (
  `id` int(10) unsigned NOT NULL AUTO_INCREMENT,
  `message_id` int(10) unsigned DEFAULT NULL,
  `profile_id` int(11) DEFAULT NULL,
  `date` int(10) unsigned NOT NULL,
  PRIMARY KEY (`id`),
  UNIQUE KEY `id` (`message_id`,`profile_id`),
  KEY `IDX_25816BBA537A1329` (`message_id`),
  KEY `IDX_25816BBACCFA12B8` (`profile_id`),
  CONSTRAINT `FK_25816BBA537A1329` FOREIGN KEY (`message_id`) REFERENCES `xlite_vendor_convo_messages` (`id`) ON DELETE CASCADE,
  CONSTRAINT `FK_25816BBACCFA12B8` FOREIGN KEY (`profile_id`) REFERENCES `xlite_profiles` (`profile_id`) ON DELETE CASCADE
) ENGINE=InnoDB DEFAULT CHARSET=utf8 COLLATE=utf8_unicode_ci;
/*!40101 SET character_set_client = @saved_cs_client */;

--
-- Dumping data for table `xlite_vendor_convo_message_reads`
--

LOCK TABLES `xlite_vendor_convo_message_reads` WRITE;
/*!40000 ALTER TABLE `xlite_vendor_convo_message_reads` DISABLE KEYS */;
/*!40000 ALTER TABLE `xlite_vendor_convo_message_reads` ENABLE KEYS */;
UNLOCK TABLES;

--
-- Table structure for table `xlite_vendor_convo_messages`
--

DROP TABLE IF EXISTS `xlite_vendor_convo_messages`;
/*!40101 SET @saved_cs_client     = @@character_set_client */;
/*!40101 SET character_set_client = utf8 */;
CREATE TABLE `xlite_vendor_convo_messages` (
  `id` int(10) unsigned NOT NULL AUTO_INCREMENT,
  `conversation_id` int(10) unsigned DEFAULT NULL,
  `profile_id` int(11) DEFAULT NULL,
  `date` int(10) unsigned NOT NULL,
  `body` longtext COLLATE utf8_unicode_ci NOT NULL,
  `type` varchar(255) COLLATE utf8_unicode_ci NOT NULL,
  PRIMARY KEY (`id`),
  KEY `IDX_329529AC0396` (`conversation_id`),
  KEY `IDX_32952CCFA12B8` (`profile_id`),
  CONSTRAINT `FK_329529AC0396` FOREIGN KEY (`conversation_id`) REFERENCES `xlite_conversations` (`id`) ON DELETE CASCADE,
  CONSTRAINT `FK_32952CCFA12B8` FOREIGN KEY (`profile_id`) REFERENCES `xlite_profiles` (`profile_id`) ON DELETE CASCADE
) ENGINE=InnoDB DEFAULT CHARSET=utf8 COLLATE=utf8_unicode_ci;
/*!40101 SET character_set_client = @saved_cs_client */;

--
-- Dumping data for table `xlite_vendor_convo_messages`
--

LOCK TABLES `xlite_vendor_convo_messages` WRITE;
/*!40000 ALTER TABLE `xlite_vendor_convo_messages` DISABLE KEYS */;
/*!40000 ALTER TABLE `xlite_vendor_convo_messages` ENABLE KEYS */;
UNLOCK TABLES;

--
-- Table structure for table `xlite_view_lists`
--

DROP TABLE IF EXISTS `xlite_view_lists`;
/*!40101 SET @saved_cs_client     = @@character_set_client */;
/*!40101 SET character_set_client = utf8 */;
CREATE TABLE `xlite_view_lists` (
  `list_id` int(11) NOT NULL AUTO_INCREMENT,
  `parent_id` int(11) DEFAULT NULL,
  `list` varchar(255) CHARACTER SET latin1 NOT NULL,
  `zone` varchar(16) CHARACTER SET latin1 NOT NULL,
  `child` varchar(512) CHARACTER SET latin1 NOT NULL,
  `weight` int(11) NOT NULL,
  `tpl` varchar(512) CHARACTER SET latin1 NOT NULL,
  `version` varchar(32) COLLATE utf8_unicode_ci DEFAULT NULL,
  `preset` varchar(32) COLLATE utf8_unicode_ci DEFAULT NULL,
  `list_override` varchar(255) COLLATE utf8_unicode_ci NOT NULL,
  `weight_override` int(11) NOT NULL,
  `override_mode` int(11) NOT NULL,
  PRIMARY KEY (`list_id`),
  KEY `IDX_CDFB8F45727ACA70` (`parent_id`),
  KEY `tl` (`tpl`,`list`),
  KEY `lzv` (`list`,`zone`,`version`),
  KEY `tclz` (`tpl`,`child`,`list`,`zone`),
  CONSTRAINT `FK_CDFB8F45727ACA70` FOREIGN KEY (`parent_id`) REFERENCES `xlite_view_lists` (`list_id`) ON DELETE CASCADE
) ENGINE=InnoDB AUTO_INCREMENT=1403 DEFAULT CHARSET=utf8 COLLATE=utf8_unicode_ci;
/*!40101 SET character_set_client = @saved_cs_client */;

--
-- Dumping data for table `xlite_view_lists`
--

LOCK TABLES `xlite_view_lists` WRITE;
/*!40000 ALTER TABLE `xlite_view_lists` DISABLE KEYS */;
INSERT INTO `xlite_view_lists` VALUES (1,NULL,'admin.center','admin','XLite\\View\\FileSelectorDialog',16777215,'',NULL,NULL,'',0,0),(2,NULL,'admin.main.page.header.left','admin','XLite\\View\\CoreVersion',200,'',NULL,NULL,'',0,0),(3,NULL,'center','customer','XLite\\View\\ShippingEstimator\\ShippingEstimate',16777215,'',NULL,NULL,'',0,0),(5,NULL,'page.tabs.after','admin','XLite\\View\\Button\\PrintInvoice',200,'',NULL,NULL,'',0,0),(6,NULL,'page.tabs.after','admin','XLite\\View\\Button\\PrintPackingSlip',100,'',NULL,NULL,'',0,0),(7,NULL,'marketplace.addons-filters','admin','XLite\\View\\Button\\Addon\\EnterLicenseKey',300,'',NULL,NULL,'',0,0),(8,NULL,'marketplace.addons-filters','admin','XLite\\View\\Button\\Addon\\ActivateLicenseKey',300,'',NULL,NULL,'',0,0),(9,NULL,'modules.pager.buttons','admin','XLite\\View\\Button\\AllAddons',100,'',NULL,NULL,'',0,0),(10,NULL,'center','customer','XLite\\View\\CheckoutCanceled',16777215,'',NULL,NULL,'',0,0),(11,NULL,'layout.slidebar','customer','XLite\\View\\Slidebar',10,'',NULL,NULL,'',0,0),(12,NULL,'admin.main.page.header','admin','XLite\\View\\QueryMarketplace',0,'',NULL,NULL,'',0,0),(13,NULL,'admin.main.page.header_wrapper','admin','XLite\\View\\UpgradeTopBox',1000,'',NULL,NULL,'',0,0),(14,NULL,'center','customer','XLite\\View\\InvoicePage',16777215,'',NULL,NULL,'',0,0),(15,NULL,'order','admin','XLite\\View\\OrderHistory',150,'',NULL,NULL,'',0,0),(16,NULL,'admin.main.page.header','admin','XLite\\View\\HeaderSearch',500,'',NULL,NULL,'',0,0),(17,NULL,'admin.main.page.header_wrapper','admin','XLite\\View\\ActivateTopBox',500,'',NULL,NULL,'',0,0),(19,NULL,'layout.header.right','customer','XLite\\View\\Minicart',100,'',NULL,NULL,'',0,0),(20,NULL,'admin.center','admin','XLite\\View\\RemoveData',16777215,'',NULL,NULL,'',0,0),(21,NULL,'admin.center','admin','XLite\\View\\Tabber',1000,'',NULL,NULL,'',0,0),(22,NULL,'checkout.review.surcharge.info','customer','XLite\\View\\SurchargeInfo\\CODSurchargeInfo',10,'',NULL,NULL,'',0,0),(23,NULL,'center','customer','XLite\\View\\BackToTop',16777215,'',NULL,NULL,'',0,0),(24,NULL,'dashboard-center','admin','XLite\\View\\WelcomeBlock\\RootAdmin',50,'',NULL,NULL,'',0,0),(25,NULL,'dashboard-center','admin','XLite\\View\\WelcomeBlock\\Admin',50,'',NULL,NULL,'',0,0),(26,NULL,'center.bottom','customer','XLite\\View\\Search',100,'',NULL,NULL,'',0,0),(27,NULL,'center','customer','XLite\\View\\AccessDenied',16777215,'',NULL,NULL,'',0,0),(28,NULL,'invoice.item.name','customer','XLite\\View\\InvoiceAttributeValues',50,'',NULL,NULL,'',0,0),(29,NULL,'invoice.item.name','admin','XLite\\View\\InvoiceAttributeValues',20,'',NULL,NULL,'',0,0),(30,NULL,'invoice.item.name','mail','XLite\\View\\InvoiceAttributeValues',50,'',NULL,NULL,'',0,0),(31,NULL,'invoice.item.name','pdf','XLite\\View\\InvoiceAttributeValues',20,'',NULL,NULL,'',0,0),(32,NULL,'order.items.item.name','admin','XLite\\View\\InvoiceAttributeValues',20,'',NULL,NULL,'',0,0),(33,NULL,'admin.center','admin','XLite\\View\\Accounting',16777215,'',NULL,NULL,'',0,0),(34,NULL,'admin.center','admin','XLite\\View\\ProductClass',16777215,'',NULL,NULL,'',0,0),(35,NULL,'center','customer','XLite\\View\\AccessControl',16777215,'',NULL,NULL,'',0,0),(36,NULL,'admin.center','admin','XLite\\View\\AttributeGroup',16777215,'',NULL,NULL,'',0,0),(37,NULL,'checkout.main','customer','XLite\\View\\AllInOneSolutions',1,'',NULL,NULL,'',0,0),(38,NULL,'center','customer','XLite\\View\\Terms',16777215,'',NULL,NULL,'',0,0),(39,NULL,'admin.center','admin','XLite\\View\\AttributeOption',16777215,'',NULL,NULL,'',0,0),(40,NULL,'body','customer','XLite\\View\\Content',100,'',NULL,NULL,'',0,0),(41,NULL,'body','admin','XLite\\View\\Content',100,'',NULL,NULL,'',0,0),(42,NULL,'center','customer','XLite\\View\\Welcome',16777215,'',NULL,NULL,'',0,0),(43,NULL,'layout.main','customer','XLite\\View\\CategoryBanner',350,'',NULL,NULL,'',0,0),(44,NULL,'admin.center','admin','XLite\\View\\Attribute',16777215,'',NULL,NULL,'',0,0),(45,NULL,'admin.main.page.header','admin','XLite\\View\\Menu\\Admin\\Marketplace\\TopMenuNode',300,'',NULL,NULL,'',0,0),(46,NULL,'admin.main.page.header','admin','XLite\\View\\Menu\\Admin\\Info\\TopMenuNode',200,'',NULL,NULL,'',0,0),(47,NULL,'admin.main.page.content.left','admin','XLite\\View\\Menu\\Admin\\LeftMenu',100,'',NULL,NULL,'',0,0),(48,NULL,'admin.main.page.header','admin','XLite\\View\\Menu\\Admin\\QuickMenu\\TopMenuNode',400,'',NULL,NULL,'',0,0),(49,NULL,'admin.main.page.header.right','admin','XLite\\View\\Menu\\Admin\\LanguageSelector\\TopMenuNode',200,'',NULL,NULL,'',0,0),(50,NULL,'admin.main.page.header.right','admin','XLite\\View\\Menu\\Admin\\Account\\TopMenuNode',300,'',NULL,NULL,'',0,0),(51,NULL,'slidebar.menu','customer','XLite\\View\\Menu\\Customer\\Top',50,'',NULL,NULL,'',0,0),(52,NULL,'header.menu','customer','XLite\\View\\Menu\\Customer\\Top',50,'',NULL,NULL,'',0,0),(53,NULL,'layout.main.footer','customer','XLite\\View\\Menu\\Customer\\Footer',100,'',NULL,NULL,'',0,0),(54,NULL,'admin.center','admin','XLite\\View\\CacheManagement',16777215,'',NULL,NULL,'',0,0),(55,NULL,'center','customer','XLite\\View\\Order',16777215,'',NULL,NULL,'',0,0),(56,NULL,'dashboard-sidebar','admin','XLite\\View\\RSS\\RSSLazyLoad',400,'',NULL,NULL,'',0,0),(57,NULL,'admin.center','admin','XLite\\View\\CommonResources',16777215,'',NULL,NULL,'',0,0),(58,NULL,'layout.main','customer','XLite\\View\\CommonResources',16777215,'',NULL,NULL,'',0,0),(59,NULL,'checkout.shipping.selected.sub.payment','customer','XLite\\View\\Checkout\\PaymentMethodsList',300,'',NULL,NULL,'',0,0),(60,NULL,'checkout.main','customer','XLite\\View\\Checkout\\Steps',200,'',NULL,NULL,'',0,0),(61,NULL,'checkout.review.selected.placeOrder','customer','XLite\\View\\Checkout\\Payment',100,'',NULL,NULL,'',0,0),(62,NULL,'checkout.review.selected','customer','XLite\\View\\Checkout\\CartItems',10,'',NULL,NULL,'',0,0),(63,NULL,'admin.center','admin','XLite\\View\\Login',16777215,'',NULL,NULL,'',0,0),(64,NULL,'layout.main.breadcrumb','admin','XLite\\View\\AdminLocation',100,'',NULL,NULL,'',0,0),(65,NULL,'admin.center','admin','XLite\\View\\ProductSelections',16777215,'',NULL,NULL,'',0,0),(66,NULL,'order.children','customer','XLite\\View\\Invoice',30,'',NULL,NULL,'',0,0),(67,NULL,'center','customer','XLite\\View\\Category',16777215,'',NULL,NULL,'',0,0),(69,NULL,'minicart.vertical.item','customer','XLite\\View\\MinicartAttributeValues',30,'',NULL,NULL,'',0,0),(70,NULL,'body','customer','XLite\\View\\JSContainer',999999,'',NULL,NULL,'',0,0),(71,NULL,'body','admin','XLite\\View\\JSContainer',10,'',NULL,NULL,'',0,0),(72,NULL,'admin.center','admin','XLite\\View\\MembershipsQuickData\\Main',16777215,'',NULL,NULL,'',0,0),(73,NULL,'center.bottom','customer','XLite\\View\\Subcategories',100,'',NULL,NULL,'',0,0),(75,NULL,'center','customer','XLite\\View\\CheckoutSuccess',16777215,'',NULL,NULL,'',0,0),(76,NULL,'center','customer','XLite\\View\\SelectAddress',16777215,'',NULL,NULL,'',0,0),(77,NULL,'admin.center','admin','XLite\\View\\ModulesManager\\KeysNotice',0,'',NULL,NULL,'',0,0),(78,NULL,'admin.center','admin','XLite\\View\\ModulesManager\\TrialNotice',0,'',NULL,NULL,'',0,0),(79,NULL,'admin.center','admin','XLite\\View\\ModulesManager\\LicenseKey',16777215,'',NULL,NULL,'',0,0),(80,NULL,'center','customer','XLite\\View\\BackFromPayment',16777215,'',NULL,NULL,'',0,0),(81,NULL,'center','customer','XLite\\View\\Checkout',16777215,'',NULL,NULL,'',0,0),(82,NULL,'admin.center','admin','XLite\\View\\RecentLogin',16777215,'',NULL,NULL,'',0,0),(83,NULL,'admin.center','admin','XLite\\View\\LanguagesModify\\LanguageImport',16777215,'',NULL,NULL,'',0,0),(84,NULL,'admin.center','admin','XLite\\View\\RecoverPasswordAdmin',16777215,'',NULL,NULL,'',0,0),(85,NULL,'center','customer','XLite\\View\\Authorization',16777215,'',NULL,NULL,'',0,0),(86,NULL,'admin.center','admin','XLite\\View\\Promotions',16777215,'',NULL,NULL,'',0,0),(87,NULL,'layout.header.categories','customer','XLite\\View\\TopCategoriesSlidebar',10,'',NULL,NULL,'',0,0),(88,NULL,'admin.center','admin','XLite\\View\\Model\\Profile\\ForceChangePassword',16777215,'',NULL,NULL,'',0,0),(89,NULL,'layout.main','customer','XLite\\View\\TopMessage',100,'',NULL,NULL,'',0,0),(90,NULL,'crud.settings.header','admin','XLite\\View\\Promo\\SMTP',100,'',NULL,NULL,'',0,0),(91,NULL,'carriers.before','admin','XLite\\View\\Promo\\FreeShippingHowTo',16777215,'',NULL,NULL,'',0,0),(92,NULL,'taxes.top.section','admin','XLite\\View\\TaxBannerAlert',10,'',NULL,NULL,'',0,0),(93,NULL,'admin.center','admin','XLite\\View\\ConsistencyCheck\\Page',16777215,'',NULL,NULL,'',0,0),(94,NULL,'admin.center','admin','XLite\\View\\Dashboard',16777215,'',NULL,NULL,'',0,0),(95,NULL,'layout.header.mobile','customer','XLite\\View\\MobileHeader',100,'',NULL,NULL,'',0,0),(96,NULL,'environment.before','admin','XLite\\View\\Page\\Admin\\OldPhpVersionWarning',16777215,'',NULL,NULL,'',0,0),(97,NULL,'admin.center','admin','XLite\\View\\Page\\Admin\\Export',16777215,'',NULL,NULL,'',0,0),(98,NULL,'admin.center','admin','XLite\\View\\Page\\Admin\\Import',16777215,'',NULL,NULL,'',0,0),(99,NULL,'admin.center','admin','XLite\\View\\Page\\PaymentTransaction',16777215,'',NULL,NULL,'',0,0),(100,NULL,'admin.center','admin','XLite\\View\\Page\\Logs',16777215,'',NULL,NULL,'',0,0),(101,NULL,'admin.center','admin','XLite\\View\\Page\\Images',16777215,'',NULL,NULL,'',0,0),(102,NULL,'admin.center','admin','XLite\\View\\Page\\Performance',16777215,'',NULL,NULL,'',0,0),(103,NULL,'admin.center','admin','XLite\\View\\Page\\Layout',16777215,'',NULL,NULL,'',0,0),(106,NULL,'header.language.menu','customer','XLite\\View\\LanguageSelector\\Customer',100,'',NULL,NULL,'',0,0),(107,NULL,'center','customer','XLite\\View\\PageNotFound',16777215,'',NULL,NULL,'',0,0),(108,NULL,'admin.center','admin','XLite\\View\\PageNotFound',16777215,'',NULL,NULL,'',0,0),(109,NULL,'admin.center','admin','XLite\\View\\Shipping\\EditMethod',16777215,'',NULL,NULL,'',0,0),(110,NULL,'admin.center','admin','XLite\\View\\Shipping\\AddMethod',16777215,'',NULL,NULL,'',0,0),(111,NULL,'import.completed.content','admin','XLite\\View\\Import\\Warnings',1000,'',NULL,NULL,'',0,0),(112,NULL,'product.details.page.image.photo','customer','XLite\\View\\Product\\Details\\Customer\\Image',10,'',NULL,NULL,'',0,0),(113,NULL,'product.details.quicklook.image','customer','XLite\\View\\Product\\Details\\Customer\\Image',10,'',NULL,NULL,'',0,0),(115,NULL,'center','customer','XLite\\View\\Product\\Details\\Customer\\Page\\Main',16777215,'',NULL,NULL,'',0,0),(116,NULL,'center','customer','XLite\\View\\Product\\Details\\Customer\\Page\\QuickLook',16777215,'',NULL,NULL,'',0,0),(118,NULL,'sidebar.footer','customer','XLite\\View\\PoweredBy',16777215,'',NULL,NULL,'',0,0),(119,NULL,'admin.main.page.header.right','admin','XLite\\View\\Job\\HeaderJobsState',90,'',NULL,NULL,'',0,0),(120,NULL,'admin.center','admin','XLite\\View\\BrowseServer',16777215,'',NULL,NULL,'',0,0),(121,NULL,'center','customer','XLite\\View\\RecoverPassword',16777215,'',NULL,NULL,'',0,0),(122,NULL,'center','customer','XLite\\View\\Cart',16777215,'',NULL,NULL,'',0,0),(123,NULL,'taxes.help.section','admin','XLite\\View\\TaxBanner',10,'',NULL,NULL,'',0,0),(124,NULL,'dashboard-sidebar','admin','XLite\\View\\Order\\Statistics\\MiniInformer',100,'',NULL,NULL,'',0,0),(125,NULL,'admin.center','admin','XLite\\View\\Order\\Search\\Search',16777215,'',NULL,NULL,'',0,0),(126,NULL,'order.details.payment_actions','admin','XLite\\View\\Order\\Details\\Admin\\PaymentActionsUnit',16777215,'',NULL,NULL,'',0,0),(127,NULL,'page.tabs.after','admin','XLite\\View\\Order\\Details\\Admin\\NextPrevious',200,'',NULL,NULL,'',0,0),(128,NULL,'order.actions','admin','XLite\\View\\Order\\Actions',200,'',NULL,NULL,'',0,0),(129,NULL,'center','customer','XLite\\View\\CheckoutFailed',16777215,'',NULL,NULL,'',0,0),(130,NULL,'sidebar.first','customer','XLite\\View\\TopCategories',100,'',NULL,NULL,'',0,0),(131,NULL,'cart.item.info','customer','XLite\\View\\SelectedAttributeValues',20,'',NULL,NULL,'',0,0),(132,NULL,'layout.main.breadcrumb','customer','XLite\\View\\Location',100,'',NULL,NULL,'',0,0),(133,NULL,'orders.panel','customer','XLite\\View\\Sort\\Order',20,'',NULL,NULL,'',0,0),(134,NULL,'admin.main.page.header.left','admin','XLite\\View\\CoreVersionPlacer',200,'',NULL,NULL,'',0,0),(135,NULL,'admin.main.page.header.right','admin','XLite\\View\\StorefrontStatus',100,'',NULL,NULL,'',0,0),(136,NULL,'add_payment','admin','XLite\\View\\Tabs\\OnlinePaymentType',10,'',NULL,NULL,'',0,0),(137,NULL,'admin.center','admin','XLite\\View\\Tabs\\CartCheckout',16777215,'',NULL,NULL,'',0,0),(138,NULL,'center','customer','XLite\\View\\Tabs\\Account',16777215,'',NULL,NULL,'',0,0),(139,NULL,'admin.center','admin','XLite\\View\\Tabs\\AdminProfile',16777215,'',NULL,NULL,'',0,0),(140,NULL,'admin.center','admin','XLite\\View\\Tabs\\Localization',16777215,'',NULL,NULL,'',0,0),(141,NULL,'admin.center','admin','XLite\\View\\Tabs\\Countries',16777215,'',NULL,NULL,'',0,0),(142,NULL,'admin.center','admin','XLite\\View\\Tabs\\ShippingSettings',16777215,'',NULL,NULL,'',0,0),(143,NULL,'admin.center','admin','XLite\\View\\Tabs\\FrontPage',16777215,'',NULL,NULL,'',0,0),(144,NULL,'admin.center','admin','XLite\\View\\Tabs\\Category',16777215,'',NULL,NULL,'',0,0),(145,NULL,'add_shipping','admin','XLite\\View\\Tabs\\ShippingType',10,'',NULL,NULL,'',0,0),(146,NULL,'admin.center','admin','XLite\\View\\Tabs\\Shipping',16777215,'',NULL,NULL,'',0,0),(147,NULL,'admin.center','admin','XLite\\View\\Tabs\\PaymentSettings',16777215,'',NULL,NULL,'',0,0),(148,NULL,'admin.center','admin','XLite\\View\\Tabs\\Taxes',20,'',NULL,NULL,'',0,0),(149,NULL,'admin.center','admin','XLite\\View\\Tabs\\BackupRestore',16777215,'',NULL,NULL,'',0,0),(150,NULL,'admin.center','admin','XLite\\View\\Tabs\\Translations',16777215,'',NULL,NULL,'',0,0),(151,NULL,'admin.center','admin','XLite\\View\\Tabs\\Statistics',16777215,'',NULL,NULL,'',0,0),(152,NULL,'admin.center','admin','XLite\\View\\Tabs\\Notifications',16777215,'',NULL,NULL,'',0,0),(153,NULL,'admin.center','admin','XLite\\View\\Tabs\\Notification',16777215,'',NULL,NULL,'',0,0),(154,NULL,'center','customer','XLite\\View\\Payment\\Iframe',16777215,'',NULL,NULL,'',0,0),(155,NULL,'admin.center','admin','XLite\\View\\Payment\\AddMethod',16777215,'',NULL,NULL,'',0,0),(156,NULL,'admin.center','admin','XLite\\View\\Payment\\Method',16777215,'',NULL,NULL,'',0,0),(157,NULL,'layout.main','customer','XLite\\View\\OperateAsUserNotification',0,'',NULL,NULL,'',0,0),(158,NULL,'order.children','admin','XLite\\View\\PackingSlip',30,'',NULL,NULL,'',0,0),(159,NULL,'admin.center','admin','XLite\\View\\ItemsList\\Model\\ProductClass',16777215,'',NULL,NULL,'',0,0),(160,NULL,'admin.center','admin','XLite\\View\\ItemsList\\Model\\AttributeGroup',16777215,'',NULL,NULL,'',0,0),(161,NULL,'admin.center','admin','XLite\\View\\ItemsList\\Model\\AttributeOption',16777215,'',NULL,NULL,'',0,0),(162,NULL,'admin.center','admin','XLite\\View\\ItemsList\\Model\\Profile',16777215,'',NULL,NULL,'',0,0),(163,NULL,'admin.center','admin','XLite\\View\\ItemsList\\Model\\Membership',16777215,'',NULL,NULL,'',0,0),(164,NULL,'admin.center','admin','XLite\\View\\ItemsList\\Model\\Product\\Admin\\Search',16777215,'',NULL,NULL,'',0,0),(165,NULL,'admin.center','admin','XLite\\View\\ItemsList\\Model\\Product\\Admin\\Cloned',16777215,'',NULL,NULL,'',0,0),(166,NULL,'pager.admin.model.table.right','admin','XLite\\View\\ItemsList\\Model\\Order\\Admin\\SearchTotal',100,'',NULL,NULL,'',0,0),(167,NULL,'admin.center','admin','XLite\\View\\ItemsList\\Model\\Order\\Admin\\Recent',16777215,'',NULL,NULL,'',0,0),(168,NULL,'dashboard-center','admin','XLite\\View\\ItemsList\\Model\\Order\\Admin\\RecentBlock',100,'',NULL,NULL,'',0,0),(169,NULL,'admin.center','admin','XLite\\View\\ItemsList\\Model\\Payment\\Transaction',16777215,'',NULL,NULL,'',0,0),(170,NULL,'order.actions','admin','XLite\\View\\ItemsList\\Model\\OrderTrackingNumber',9999,'',NULL,NULL,'',0,0),(171,NULL,'center.bottom','customer','XLite\\View\\ItemsList\\Product\\Customer\\Category\\Main',200,'',NULL,NULL,'',0,0),(172,NULL,'admin.center','admin','XLite\\View\\Attributes',16777215,'',NULL,NULL,'',0,0),(173,NULL,'cli.center','console','XLite\\View\\Console\\Main',16777215,'',NULL,NULL,'',0,0),(174,NULL,'cli.center','console','XLite\\View\\Console\\Error',16777215,'',NULL,NULL,'',0,0),(175,NULL,'cli.center','console','XLite\\View\\Console\\Db',16777215,'',NULL,NULL,'',0,0),(176,NULL,'admin.center','admin','XLite\\View\\HttpsSettings',16777215,'',NULL,NULL,'',0,0),(177,NULL,'center','customer','XLite\\View\\ChangeAttributeValues',16777215,'',NULL,NULL,'',0,0),(178,NULL,'center.top','customer','XLite\\Module\\Amazon\\PayWithAmazon\\View\\CheckoutButton',100,'',NULL,NULL,'',0,0),(179,NULL,'center','customer','XLite\\Module\\Amazon\\PayWithAmazon\\View\\AmazonCheckout',16777215,'',NULL,NULL,'',0,0),(180,NULL,'center','customer','XLite\\Module\\CDev\\Bestsellers\\View\\BestsellersPage',16777215,'',NULL,NULL,'',0,0),(181,NULL,'center.bottom','customer','XLite\\Module\\CDev\\Bestsellers\\View\\Bestsellers',400,'',NULL,NULL,'',0,0),(182,NULL,'center','customer','XLite\\Module\\CDev\\ContactUs\\View\\ContactUs',16777215,'',NULL,NULL,'',0,0),(183,NULL,'coupons.itemsList.footer','admin','XLite\\Module\\CDev\\Coupons\\View\\Panel\\Coupons',16777215,'',NULL,NULL,'',0,0),(184,NULL,'cart.panel.box','customer','XLite\\Module\\CDev\\Coupons\\View\\CartCoupons',200,'',NULL,NULL,'',0,0),(186,NULL,'checkout_fastlane.sections.details','customer','XLite\\Module\\CDev\\Coupons\\View\\CartCoupons',200,'',NULL,NULL,'',0,0),(187,NULL,'admin.center','admin','XLite\\Module\\CDev\\Coupons\\View\\Coupon',16777215,'',NULL,NULL,'',0,0),(188,NULL,'invoice.item.name','customer','XLite\\Module\\CDev\\Egoods\\View\\Order\\ItemBox',16777215,'',NULL,NULL,'',0,0),(189,NULL,'invoice.item.name','mail','XLite\\Module\\CDev\\Egoods\\View\\Order\\ItemBox',16777215,'',NULL,NULL,'',0,0),(190,NULL,'admin.center','admin','XLite\\Module\\CDev\\FeaturedProducts\\View\\ProductSelections',16777215,'',NULL,NULL,'',0,0),(191,NULL,'admin.center','admin','XLite\\Module\\CDev\\FeaturedProducts\\View\\FProducts',16777215,'',NULL,NULL,'',0,0),(192,NULL,'center.bottom','customer','XLite\\Module\\CDev\\FeaturedProducts\\View\\Customer\\FeaturedProducts',300,'',NULL,NULL,'',0,0),(193,NULL,'404.category','customer','XLite\\Module\\CDev\\FeaturedProducts\\View\\Customer\\FeaturedProducts404',300,'',NULL,NULL,'',0,0),(194,NULL,'product.details.page.tab.description.file-attachments','customer','XLite\\Module\\CDev\\FileAttachments\\View\\Product\\Customer',10,'',NULL,NULL,'',0,0),(195,NULL,'product.details.page.tab.comments','customer','XLite\\Module\\CDev\\GoSocial\\View\\FacebookComments',16777215,'',NULL,NULL,'',0,0),(196,NULL,'buttons.share','customer','XLite\\Module\\CDev\\GoSocial\\View\\Button\\GooglePlus',300,'',NULL,NULL,'',0,0),(197,NULL,'buttons.share','customer','XLite\\Module\\CDev\\GoSocial\\View\\Button\\Facebook',100,'',NULL,NULL,'',0,0),(198,NULL,'buttons.share','customer','XLite\\Module\\CDev\\GoSocial\\View\\Button\\Pinterest',400,'',NULL,NULL,'',0,0),(199,NULL,'buttons.share','customer','XLite\\Module\\CDev\\GoSocial\\View\\Button\\FacebookLike',50,'',NULL,NULL,'',0,0),(200,NULL,'buttons.share','customer','XLite\\Module\\CDev\\GoSocial\\View\\Button\\Tweet',200,'',NULL,NULL,'',0,0),(201,NULL,'body','customer','XLite\\Module\\CDev\\GoSocial\\View\\ExternalSDK\\Facebook',999998,'',NULL,NULL,'',0,0),(202,NULL,'product.modify.list','admin','XLite\\Module\\CDev\\GoSocial\\View\\ProductModify',1015,'',NULL,NULL,'',0,0),(203,NULL,'tabs.content','admin','XLite\\Module\\CDev\\GoogleAnalytics\\View\\TabberLink',16777215,'',NULL,NULL,'',0,0),(204,NULL,'head','customer','XLite\\Module\\CDev\\GoogleAnalytics\\View\\Header\\Traditional',0,'',NULL,NULL,'',0,0),(205,NULL,'head','customer','XLite\\Module\\CDev\\GoogleAnalytics\\View\\Header\\Universal',0,'',NULL,NULL,'',0,0),(206,NULL,'head','admin','XLite\\Module\\CDev\\GoogleAnalytics\\View\\Header\\Universal',0,'',NULL,NULL,'',0,0),(207,NULL,'layout.footer','customer','XLite\\Module\\CDev\\GoogleAnalytics\\View\\GAActions',16777215,'',NULL,NULL,'',0,0),(208,NULL,'body','admin','XLite\\Module\\CDev\\GoogleAnalytics\\View\\GAActions',16777215,'',NULL,NULL,'',0,0),(209,NULL,'admin.center','admin','XLite\\Module\\CDev\\PINCodes\\View\\AddPinCodesDialog',16777215,'',NULL,NULL,'',0,0),(210,NULL,'invoice.item.name','customer','XLite\\Module\\CDev\\PINCodes\\View\\InvoicePinCodes',200,'',NULL,NULL,'',0,0),(211,NULL,'invoice.item.name','admin','XLite\\Module\\CDev\\PINCodes\\View\\InvoicePinCodes',30,'',NULL,NULL,'',0,0),(212,NULL,'product.pinCodes','admin','XLite\\Module\\CDev\\PINCodes\\View\\ItemsList\\Model\\PinCode\\Admin\\Manage',500,'',NULL,NULL,'',0,0),(213,NULL,'minicart.horizontal.buttons','customer','XLite\\Module\\CDev\\Paypal\\View\\Button\\Minicart\\ButtonsSeparator',90,'',NULL,NULL,'',0,0),(214,NULL,'minicart.horizontal.buttons','customer','XLite\\Module\\CDev\\Paypal\\View\\Button\\Minicart\\ExpressCheckout',100,'',NULL,NULL,'',0,0),(215,NULL,'checkout.review.selected.placeOrder','customer','XLite\\Module\\CDev\\Paypal\\View\\Button\\Checkout\\PaypalCredit',450,'',NULL,NULL,'',0,0),(216,NULL,'checkout_fastlane.sections.place-order.before','customer','XLite\\Module\\CDev\\Paypal\\View\\Button\\Checkout\\PaypalCredit',100,'',NULL,NULL,'',0,0),(217,NULL,'checkout.review.selected.placeOrder','customer','XLite\\Module\\CDev\\Paypal\\View\\Button\\Checkout\\ExpressCheckout',450,'',NULL,NULL,'',0,0),(218,NULL,'checkout_fastlane.sections.place-order.before','customer','XLite\\Module\\CDev\\Paypal\\View\\Button\\Checkout\\ExpressCheckout',100,'',NULL,NULL,'',0,0),(219,NULL,'checkout.review.selected.placeOrder','customer','XLite\\Module\\CDev\\Paypal\\View\\Button\\Checkout\\PaypalForMarketplaces',450,'',NULL,NULL,'',0,0),(220,NULL,'checkout_fastlane.sections.place-order.before','customer','XLite\\Module\\CDev\\Paypal\\View\\Button\\Checkout\\PaypalForMarketplaces',100,'',NULL,NULL,'',0,0),(221,NULL,'cart.panel.totals','customer','XLite\\Module\\CDev\\Paypal\\View\\Button\\Cart\\ButtonsSeparator',90,'',NULL,NULL,'',0,0),(222,NULL,'cart.panel.totals','customer','XLite\\Module\\CDev\\Paypal\\View\\Button\\Cart\\ExpressCheckout',100,'',NULL,NULL,'',0,0),(223,NULL,'dashboard-center','admin','XLite\\Module\\CDev\\Paypal\\View\\WelcomeBlock\\Paypal',20,'',NULL,NULL,'',0,0),(224,NULL,'admin.center','admin','XLite\\Module\\CDev\\Paypal\\View\\Tabs\\Settings',16777215,'',NULL,NULL,'',0,0),(225,NULL,'crud.paypalbutton.formHeader','admin','XLite\\Module\\CDev\\Paypal\\View\\ItemsList\\Model\\PaypalButton',100,'',NULL,NULL,'',0,0),(226,NULL,'center','customer','XLite\\Module\\CDev\\ProductAdvisor\\View\\ComingSoonPage',16777215,'',NULL,NULL,'',0,0),(227,NULL,'center','customer','XLite\\Module\\CDev\\ProductAdvisor\\View\\NewArrivalsPage',16777215,'',NULL,NULL,'',0,0),(228,NULL,'sidebar.second','customer','XLite\\Module\\CDev\\ProductAdvisor\\View\\NewArrivals',600,'',NULL,NULL,'',0,0),(229,NULL,'center.bottom','customer','XLite\\Module\\CDev\\ProductAdvisor\\View\\BoughtBought',700,'',NULL,NULL,'',0,0),(230,NULL,'center.bottom','customer','XLite\\Module\\CDev\\ProductAdvisor\\View\\ViewedBought',800,'',NULL,NULL,'',0,0),(231,NULL,'sidebar.second','customer','XLite\\Module\\CDev\\ProductAdvisor\\View\\ComingSoon',700,'',NULL,NULL,'',0,0),(232,NULL,'center.bottom','customer','XLite\\Module\\CDev\\ProductAdvisor\\View\\RecentlyViewed',500,'',NULL,NULL,'',0,0),(233,NULL,'center','customer','XLite\\Module\\CDev\\Sale\\View\\SalePage',16777215,'',NULL,NULL,'',0,0),(234,NULL,'admin.center','admin','XLite\\Module\\CDev\\Sale\\View\\SaleSelectedDialog',16777215,'',NULL,NULL,'',0,0),(235,NULL,'sidebar.first','customer','XLite\\Module\\CDev\\Sale\\View\\SaleBlock',1000,'',NULL,NULL,'',0,0),(236,NULL,'admin.main.page.content.center','admin','XLite\\Module\\CDev\\SimpleCMS\\View\\MenuFormattedPath',7,'',NULL,NULL,'',0,0),(237,NULL,'center','customer','XLite\\Module\\CDev\\SimpleCMS\\View\\CustomerPage',16777215,'',NULL,NULL,'',0,0),(238,NULL,'admin.center','admin','XLite\\Module\\CDev\\SimpleCMS\\View\\Page',16777215,'',NULL,NULL,'',0,0),(239,NULL,'admin.center','admin','XLite\\Module\\CDev\\SimpleCMS\\View\\Page\\LogoFavicon',16777215,'',NULL,NULL,'',0,0),(240,NULL,'admin.center','admin','XLite\\Module\\CDev\\SimpleCMS\\View\\ItemsList\\Model\\Page',16777215,'',NULL,NULL,'',0,0),(241,NULL,'admin.center','admin','XLite\\Module\\CDev\\UserPermissions\\View\\Role',16777215,'',NULL,NULL,'',0,0),(242,NULL,'admin.center','admin','XLite\\Module\\CDev\\UserPermissions\\View\\Roles',16777215,'',NULL,NULL,'',0,0),(243,NULL,'checkout.review.selected','customer','XLite\\Module\\CDev\\VolumeDiscounts\\View\\CheckoutPromo',14,'',NULL,NULL,'',0,0),(244,NULL,'checkout.review.inactive','customer','XLite\\Module\\CDev\\VolumeDiscounts\\View\\CheckoutPromo',14,'',NULL,NULL,'',0,0),(245,NULL,'cart.panel.totals','customer','XLite\\Module\\CDev\\VolumeDiscounts\\View\\CartPromo',300,'',NULL,NULL,'',0,0),(246,NULL,'admin.center','admin','XLite\\Module\\CDev\\XMLSitemap\\View\\Admin\\SitemapTabs',16777215,'',NULL,NULL,'',0,0),(247,NULL,'admin.center','admin','XLite\\Module\\CDev\\XPaymentsConnector\\View\\AdminAddNewCard',16777215,'',NULL,NULL,'',0,0),(248,NULL,'center','customer','XLite\\Module\\CDev\\XPaymentsConnector\\View\\XpcPopup',16777215,'',NULL,NULL,'',0,0),(249,NULL,'center','customer','XLite\\Module\\CDev\\XPaymentsConnector\\View\\AddNewCard',16777215,'',NULL,NULL,'',0,0),(250,NULL,'center','admin','XLite\\Module\\CDev\\XPaymentsConnector\\View\\SavedCards',16777215,'',NULL,NULL,'',0,0),(251,NULL,'admin.center','admin','XLite\\Module\\CDev\\XPaymentsConnector\\View\\PopupAddInfo',16777215,'',NULL,NULL,'',0,0),(252,NULL,'admin.center','admin','XLite\\Module\\CDev\\XPaymentsConnector\\View\\PopupSavedCards',16777215,'',NULL,NULL,'',0,0),(253,NULL,'cart.panel.totals','customer','XLite\\Module\\QSL\\BraintreeVZ\\View\\Button\\PayPal',100,'',NULL,NULL,'',0,0),(254,NULL,'minicart.horizontal.buttons','customer','XLite\\Module\\QSL\\BraintreeVZ\\View\\Button\\PayPal',100,'',NULL,NULL,'',0,0),(255,NULL,'add2cart_popup.item.buttons','customer','XLite\\Module\\QSL\\BraintreeVZ\\View\\Button\\PayPal',300,'',NULL,NULL,'',0,0),(256,NULL,'admin.center','admin','XLite\\Module\\QSL\\BraintreeVZ\\View\\Tabs\\Config',16777215,'',NULL,NULL,'',0,0),(257,NULL,'admin.center','admin','XLite\\Module\\QSL\\BraintreeVZ\\View\\BraintreeCreditCardsAdmin',16777215,'',NULL,NULL,'',0,0),(258,NULL,'admin.center','admin','XLite\\Module\\XC\\BulkEditing\\View\\FormModel\\Product',16777215,'',NULL,NULL,'',0,0),(259,NULL,'admin.center','admin','XLite\\Module\\XC\\CanadaPost\\View\\ProductsReturn',16777215,'',NULL,NULL,'',0,0),(260,NULL,'center','customer','XLite\\Module\\XC\\CanadaPost\\View\\TrackingDetails',16777215,'',NULL,NULL,'',0,0),(261,NULL,'admin.center','admin','XLite\\Module\\XC\\CanadaPost\\View\\TrackingDetails',16777215,'',NULL,NULL,'',0,0),(262,NULL,'center','customer','XLite\\Module\\XC\\CanadaPost\\View\\ReturnProducts',16777215,'',NULL,NULL,'',0,0),(263,NULL,'checkout.shipping.selected.sub.payment','customer','XLite\\Module\\XC\\CanadaPost\\View\\Checkout\\PostOfficesList',210,'',NULL,NULL,'',0,0),(264,NULL,'invoice.bottom','customer','XLite\\Module\\XC\\CanadaPost\\View\\Invoice\\Tracking',25,'',NULL,NULL,'',0,0),(265,NULL,'invoice.bottom','customer','XLite\\Module\\XC\\CanadaPost\\View\\Invoice\\DeliveryToPost',15,'',NULL,NULL,'',0,0),(266,NULL,'admin.center','admin','XLite\\Module\\XC\\CanadaPost\\View\\ProductsReturns',16777215,'',NULL,NULL,'',0,0),(267,NULL,'order.children','admin','XLite\\Module\\XC\\CanadaPost\\View\\PackingSlip',30,'',NULL,NULL,'',0,0),(268,NULL,'head','admin','XLite\\Module\\XC\\Concierge\\View\\Initialization',16777215,'',NULL,NULL,'',0,0),(269,NULL,'itemsList.product.grid.customer.header','customer','XLite\\Module\\XC\\CrispWhiteSkin\\View\\FiltersMobile',40,'',NULL,NULL,'',0,0),(270,NULL,'itemsList.product.list.customer.header','customer','XLite\\Module\\XC\\CrispWhiteSkin\\View\\FiltersMobile',40,'',NULL,NULL,'',0,0),(271,NULL,'itemsList.product.table.customer.header','customer','XLite\\Module\\XC\\CrispWhiteSkin\\View\\FiltersMobile',40,'',NULL,NULL,'',0,0),(272,NULL,'layout.header.bar.links.logged','customer','XLite\\Module\\XC\\CrispWhiteSkin\\View\\Menu\\Customer\\OrdersList',300,'',NULL,NULL,'',0,0),(273,NULL,'layout.header.right','customer','XLite\\Module\\XC\\CrispWhiteSkin\\View\\HeaderSettings',30,'',NULL,NULL,'',0,0),(274,NULL,'layout.header.bar','customer','XLite\\Module\\XC\\CrispWhiteSkin\\View\\LanguageSelector\\LocaleIndicator',80,'',NULL,NULL,'',0,0),(275,NULL,'layout.header.bar.locale.menu','customer','XLite\\Module\\XC\\CrispWhiteSkin\\View\\LanguageSelector\\WrapperSingle',30,'',NULL,NULL,'',0,0),(276,NULL,'layout.header.right.settings','customer','XLite\\Module\\XC\\CrispWhiteSkin\\View\\LanguageSelector\\Wrapper',200,'',NULL,NULL,'',0,0),(277,NULL,'slidebar.settings','customer','XLite\\Module\\XC\\CrispWhiteSkin\\View\\LanguageSelector\\WrapperSlidebar',200,'',NULL,NULL,'',0,0),(278,NULL,'slidebar.navbar.settings','customer','XLite\\Module\\XC\\CrispWhiteSkin\\View\\LanguageSelector\\WrapperSlidebar',200,'',NULL,NULL,'',0,0),(279,NULL,'product.details.page.image','customer','XLite\\Module\\XC\\CrispWhiteSkin\\View\\Product\\Details\\Customer\\GalleryMobile',11,'',NULL,NULL,'',0,0),(280,NULL,'contact_us.parts.last','customer','XLite\\Module\\XC\\CrispWhiteSkin\\View\\ContactsContactUsFooter',10,'',NULL,NULL,'',0,0),(281,NULL,'admin.center','admin','XLite\\Module\\XC\\CustomProductTabs\\View\\ProductTabs',16777215,'',NULL,NULL,'',0,0),(282,NULL,'admin.center','admin','XLite\\Module\\XC\\CustomProductTabs\\View\\ProductTab',16777215,'',NULL,NULL,'',0,0),(283,NULL,'admin.center','admin','XLite\\Module\\XC\\CustomProductTabs\\View\\GlobalTabs',16777215,'',NULL,NULL,'',0,0),(284,NULL,'admin.center','admin','XLite\\Module\\XC\\CustomProductTabs\\View\\GlobalTab',16777215,'',NULL,NULL,'',0,0),(285,NULL,'invoice.item.name','admin','XLite\\Module\\XC\\CustomerAttachments\\View\\AttachmentsList',100,'',NULL,NULL,'',0,0),(286,NULL,'center','customer','XLite\\Module\\XC\\CustomerAttachments\\View\\AttachmentPopup',16777215,'',NULL,NULL,'',0,0),(287,NULL,'product.details.page.info.form','customer','XLite\\Module\\XC\\CustomerAttachments\\View\\Product\\CustomerAttachmentsInput',45,'',NULL,NULL,'',0,0),(288,NULL,'product.details.quicklook.info','customer','XLite\\Module\\XC\\CustomerAttachments\\View\\Product\\CustomerAttachmentsInput',65,'',NULL,NULL,'',0,0),(289,NULL,'cart.item.info','customer','XLite\\Module\\XC\\CustomerAttachments\\View\\AddPopup',80,'',NULL,NULL,'',0,0),(290,NULL,'head','customer','XLite\\Module\\XC\\FacebookMarketing\\View\\Header\\Pixel',16777215,'',NULL,NULL,'',0,0),(291,NULL,'product.details.page.info','customer','XLite\\Module\\XC\\FacebookMarketing\\View\\Product\\Details\\Customer\\Sku',5,'',NULL,NULL,'',0,0),(292,NULL,'product.details.quicklook.info','customer','XLite\\Module\\XC\\FacebookMarketing\\View\\Product\\Details\\Customer\\Sku',5,'',NULL,NULL,'',0,0),(293,NULL,'admin.center','admin','XLite\\Module\\XC\\FacebookMarketing\\View\\Tabs\\FacebookMarketing',16777215,'',NULL,NULL,'',0,0),(294,NULL,'checkout_fastlane','customer','XLite\\Module\\XC\\FastLaneCheckout\\View\\Blocks\\AddressMetadata',99999,'',NULL,NULL,'',0,0),(295,NULL,'checkout_fastlane','customer','XLite\\Module\\XC\\FastLaneCheckout\\View\\Blocks\\AddressForm\\BillingMetadata',99999,'',NULL,NULL,'',0,0),(296,NULL,'checkout_fastlane','customer','XLite\\Module\\XC\\FastLaneCheckout\\View\\Blocks\\AddressForm\\ShippingMetadata',99999,'',NULL,NULL,'',0,0),(297,NULL,'center','customer','XLite\\Module\\XC\\FastLaneCheckout\\View\\CheckoutFastlane',16777215,'',NULL,NULL,'',0,0),(298,NULL,'crud.modulesettings.header','admin','XLite\\Module\\XC\\FreeShipping\\View\\Promo\\FreeShippingUpdate',100,'',NULL,NULL,'',0,0),(299,NULL,'import.failed.content','admin','XLite\\Module\\XC\\FreeShipping\\View\\Promo\\FreeShippingUpdateImport',0,'',NULL,NULL,'',0,0),(300,NULL,'admin.center','admin','XLite\\Module\\XC\\FroalaEditor\\View\\Settings',16777215,'',NULL,NULL,'',0,0),(302,NULL,'crud.modulesettings.header','admin','XLite\\Module\\XC\\Geolocation\\View\\Settings\\GeolocationHeader',100,'',NULL,NULL,'',0,0),(303,NULL,'admin.center','admin','XLite\\Module\\XC\\GoogleFeed\\View\\Tabs\\SettingsTabs',16777215,'',NULL,NULL,'',0,0),(304,NULL,'admin.center','admin','XLite\\Module\\XC\\MailChimp\\View\\MailChimpLists',200,'',NULL,NULL,'',0,0),(305,NULL,'admin.center','admin','XLite\\Module\\XC\\MailChimp\\View\\MailChimpSegments',200,'',NULL,NULL,'',0,0),(306,NULL,'admin.center','admin','XLite\\Module\\XC\\MailChimp\\View\\MailChimpSegment',200,'',NULL,NULL,'',0,0),(307,NULL,'admin.center','admin','XLite\\Module\\XC\\MailChimp\\View\\Tabs\\Settings',16777215,'',NULL,NULL,'',0,0),(308,NULL,'admin.center','admin','XLite\\Module\\XC\\MailChimp\\View\\ItemsList\\Model\\MailChimpGroupNames',16777215,'',NULL,NULL,'',0,0),(309,NULL,'admin.center','admin','XLite\\Module\\XC\\MailChimp\\View\\ItemsList\\Model\\MailChimpGroup',16777215,'',NULL,NULL,'',0,0),(310,NULL,'body','customer','XLite\\Module\\XC\\MailChimp\\View\\Body\\Mcjs',1999999,'',NULL,NULL,'',0,0),(311,NULL,'crud.modulesettings.header','admin','XLite\\Module\\XC\\MailChimp\\View\\Settings\\MailChimpHeader',100,'',NULL,NULL,'',0,0),(312,NULL,'admin.center','admin','XLite\\Module\\XC\\News\\View\\NewsMessage',16777215,'',NULL,NULL,'',0,0),(313,NULL,'admin.center','admin','XLite\\Module\\XC\\News\\View\\NewsMessages',16777215,'',NULL,NULL,'',0,0),(314,NULL,'sidebar.first','customer','XLite\\Module\\XC\\News\\View\\TopNewsSideBar',16777215,'',NULL,NULL,'',0,0),(315,NULL,'center','customer','XLite\\Module\\XC\\News\\View\\Page\\Customer\\NewsMessage',16777215,'',NULL,NULL,'',0,0),(316,NULL,'center','customer','XLite\\Module\\XC\\News\\View\\Page\\Customer\\NewsMessages',16777215,'',NULL,NULL,'',0,0),(317,NULL,'admin.center','admin','XLite\\Module\\XC\\NewsletterSubscriptions\\View\\MailChimpPlaceholder',0,'',NULL,NULL,'',0,0),(319,NULL,'admin.center','admin','XLite\\Module\\XC\\NewsletterSubscriptions\\View\\ItemsList\\Subscribers',16777215,'',NULL,NULL,'',0,0),(321,NULL,'head','customer','XLite\\Module\\XC\\NextPreviousProduct\\View\\Initialization',1305,'',NULL,NULL,'',0,0),(322,NULL,'failed_transaction.after','mail','XLite\\Module\\XC\\NotFinishedOrders\\View\\Mail\\FailedTransactionUrl',16777215,'',NULL,NULL,'',0,0),(323,NULL,'admin.center','admin','XLite\\Module\\XC\\Onboarding\\View\\Wizard',16777215,'',NULL,NULL,'',0,0),(324,NULL,'dashboard-sidebar','admin','XLite\\Module\\XC\\Onboarding\\View\\Dashboard\\WizardStatus',50,'',NULL,NULL,'',0,0),(325,NULL,'admin.center','admin','XLite\\Module\\XC\\Onboarding\\View\\MiniWizardStatus',100,'',NULL,NULL,'',0,0),(326,NULL,'center','customer','XLite\\Module\\XC\\ProductComparison\\View\\ComparisonTable',16777215,'',NULL,NULL,'',0,0),(328,NULL,'comparison_table.data','customer','XLite\\Module\\XC\\ProductComparison\\View\\ComparisonTable\\Attributes',300,'',NULL,NULL,'',0,0),(330,NULL,'product.details.page.info.form.buttons.cart-buttons','customer','XLite\\Module\\XC\\ProductComparison\\View\\AddToCompare\\Product',120,'',NULL,NULL,'',0,0),(331,NULL,'product.details.page.info.form.buttons-added.cart-buttons','customer','XLite\\Module\\XC\\ProductComparison\\View\\AddToCompare\\Product',120,'',NULL,NULL,'',0,0),(332,NULL,'sidebar.first','customer','XLite\\Module\\XC\\ProductFilter\\View\\Filter',300,'',NULL,NULL,'',0,0),(333,NULL,'sidebar.filter','customer','XLite\\Module\\XC\\ProductFilter\\View\\Filter\\InStockOnly',200,'',NULL,NULL,'',0,0),(334,NULL,'sidebar.filter','customer','XLite\\Module\\XC\\ProductFilter\\View\\Filter\\PriceRange',100,'',NULL,NULL,'',0,0),(335,NULL,'sidebar.filter','customer','XLite\\Module\\XC\\ProductFilter\\View\\Filter\\Attributes',300,'',NULL,NULL,'',0,0),(336,NULL,'center.bottom','customer','XLite\\Module\\XC\\ProductFilter\\View\\ItemsList\\Product\\Customer\\Category\\CategoryFilter',200,'',NULL,NULL,'',0,0),(337,NULL,'sidebar.first','customer','XLite\\Module\\XC\\ProductTags\\View\\TagsBox',200,'',NULL,NULL,'',0,0),(338,NULL,'admin.center','admin','XLite\\Module\\XC\\ProductTags\\View\\Tags',16777215,'',NULL,NULL,'',0,0),(339,NULL,'product.details.page.info','customer','XLite\\Module\\XC\\ProductTags\\View\\TagsList',90,'',NULL,NULL,'',0,0),(340,NULL,'sidebar.filter','customer','XLite\\Module\\XC\\ProductTags\\View\\Filter\\Tags',400,'',NULL,NULL,'',0,0),(341,NULL,'crud.modulesettings.header','admin','XLite\\Module\\XC\\RESTAPI\\View\\Warning',100,'',NULL,NULL,'',0,0),(342,NULL,'admin.center','admin','XLite\\Module\\XC\\Reviews\\View\\Review',16777215,'',NULL,NULL,'',0,0),(343,NULL,'product.details.page.tab.reviews','customer','XLite\\Module\\XC\\Reviews\\View\\Product\\ReviewsTab',16777215,'',NULL,NULL,'',0,0),(344,NULL,'center','customer','XLite\\Module\\XC\\Reviews\\View\\Customer\\ProductReviews',16777215,'',NULL,NULL,'',0,0),(345,NULL,'product.reviews.tab','customer','XLite\\Module\\XC\\Reviews\\View\\Customer\\ReviewsTab',300,'',NULL,NULL,'',0,0),(346,NULL,'admin.center','admin','XLite\\Module\\XC\\Reviews\\View\\ItemsList\\Model\\Review',16777215,'',NULL,NULL,'',0,0),(347,NULL,'center','customer','XLite\\Module\\XC\\Sitemap\\View\\Page\\Customer\\Map',16777215,'',NULL,NULL,'',0,0),(348,NULL,'admin.center','admin','XLite\\Module\\XC\\ThemeTweaker\\View\\ThemeTweakerTemplates',16777215,'',NULL,NULL,'',0,0),(349,NULL,'layout_settings.settings','admin','XLite\\Module\\XC\\ThemeTweaker\\View\\PanelHelp',50,'',NULL,NULL,'',0,0),(350,NULL,'layout.main','customer','XLite\\Module\\XC\\ThemeTweaker\\View\\ThemeTweakerPanel',0,'',NULL,NULL,'',0,0),(351,NULL,'admin.center','admin','XLite\\Module\\XC\\ThemeTweaker\\View\\FlexyToTwig',16777215,'',NULL,NULL,'',0,0),(352,NULL,'themetweaker-panel--content','customer','XLite\\Module\\XC\\ThemeTweaker\\View\\ThemeTweaker\\CssEditor',100,'',NULL,NULL,'',0,0),(353,NULL,'themetweaker-panel--content','customer','XLite\\Module\\XC\\ThemeTweaker\\View\\ThemeTweaker\\InlineEditor',100,'',NULL,NULL,'',0,0),(354,NULL,'themetweaker-panel--content','customer','XLite\\Module\\XC\\ThemeTweaker\\View\\ThemeTweaker\\WebmasterMode',100,'',NULL,NULL,'',0,0),(355,NULL,'themetweaker-panel--content','customer','XLite\\Module\\XC\\ThemeTweaker\\View\\ThemeTweaker\\LabelsEditor',100,'',NULL,NULL,'',0,0),(356,NULL,'themetweaker-panel--content','customer','XLite\\Module\\XC\\ThemeTweaker\\View\\ThemeTweaker\\LayoutEditor',100,'',NULL,NULL,'',0,0),(357,NULL,'themetweaker-panel-extensions','customer','XLite\\Module\\XC\\ThemeTweaker\\View\\ThemeTweaker\\Modal',999,'',NULL,NULL,'',0,0),(358,NULL,'admin.center','admin','XLite\\Module\\XC\\ThemeTweaker\\View\\ThemeTweakerTemplate',16777215,'',NULL,NULL,'',0,0),(359,NULL,'body','admin','XLite\\Module\\XC\\ThemeTweaker\\View\\NotificationEditor\\Header',50,'',NULL,NULL,'',0,0),(360,NULL,'admin.main.page.content.center','admin','XLite\\Module\\XC\\ThemeTweaker\\View\\NotificationEditor\\Sidebar',16777215,'',NULL,NULL,'',0,0),(361,NULL,'admin.center','admin','XLite\\Module\\XC\\ThemeTweaker\\View\\NotificationEditor',16777215,'',NULL,NULL,'',0,0),(362,NULL,'admin.center','admin','XLite\\Module\\XC\\ThemeTweaker\\View\\Tabs\\CustomCssJS',16777215,'',NULL,NULL,'',0,0),(363,NULL,'admin.center','admin','XLite\\Module\\XC\\UpdateInventory\\View\\UpdateInventory',16777215,'',NULL,NULL,'',0,0),(364,NULL,'admin.center','admin','XLite\\Module\\XC\\Upselling\\View\\ProductSelections',16777215,'',NULL,NULL,'',0,0),(365,NULL,'center.bottom','customer','XLite\\Module\\XC\\Upselling\\View\\ItemsList\\UpsellingProducts',700,'',NULL,NULL,'',0,0),(366,NULL,'404.product','customer','XLite\\Module\\XC\\Upselling\\View\\ItemsList\\UpsellingProducts404',300,'',NULL,NULL,'',0,0),(367,NULL,'layout.header.bar.links.logged','customer','XLite\\Module\\XC\\VendorMessages\\View\\CustomerTopLink',100,'',NULL,NULL,'',0,0),(368,NULL,'admin.center','admin','XLite\\Module\\XC\\VendorMessages\\View\\Page\\Conversation',16777215,'',NULL,NULL,'',0,0),(369,NULL,'center','customer','XLite\\Module\\XC\\VendorMessages\\View\\Page\\Conversation',16777215,'',NULL,NULL,'',0,0),(370,NULL,'admin.center','admin','XLite\\Module\\XC\\VendorMessages\\View\\Page\\Admin\\Messages',16777215,'',NULL,NULL,'',0,0),(371,NULL,'center','customer','XLite\\Module\\XC\\VendorMessages\\View\\Page\\Customer\\OrderMessages',16777215,'',NULL,NULL,'',0,0),(372,NULL,'product.vendor_info.popover_content','customer','XLite\\Module\\XC\\VendorMessages\\View\\ContactNow',40,'',NULL,NULL,'',0,0),(373,NULL,'vendorpage.vendor_info','customer','XLite\\Module\\XC\\VendorMessages\\View\\ContactNow',2000,'',NULL,NULL,'',0,0),(374,228,'center.bottom','customer','XLite\\Module\\CDev\\ProductAdvisor\\View\\NewArrivals',480,'',NULL,'one','',0,0),(375,231,'center.bottom','customer','XLite\\Module\\CDev\\ProductAdvisor\\View\\ComingSoon',490,'',NULL,'one','',0,0),(376,235,'center.bottom','customer','XLite\\Module\\CDev\\Sale\\View\\SaleBlock',350,'',NULL,'one','',0,0),(377,NULL,'customer.account.details.before','customer','',10,'modules/Amazon/PayWithAmazon/account/login.twig',NULL,NULL,'',0,0),(378,NULL,'add2cart_popup.item.buttons','customer','',1000,'modules/Amazon/PayWithAmazon/checkout_button/add2cart_popup.twig',NULL,NULL,'',0,0),(379,NULL,'cart.panel.totals.modifier','customer','',16777215,'modules/CDev/Coupons/coupons_minilist.twig',NULL,NULL,'',0,0),(380,NULL,'checkout.review.selected.items.modifier','customer','',16777215,'modules/CDev/Coupons/coupons_minilist.twig',NULL,NULL,'',0,0),(381,NULL,'invoice.base.totals.modifier.name','customer','',16777215,'modules/CDev/Coupons/coupons_minilist.twig',NULL,NULL,'',0,0),(382,NULL,'slidebar.navbar.account.first-additional-menu','customer','',100,'modules/XC/ProductComparison/mobile_header_parts/navbar/account/additional/compare.twig',NULL,NULL,'',0,0),(383,NULL,'next_previous.product.body.dropdown','customer','',200,'modules/XC/NextPreviousProduct/product/parts/dropdown_parts/name.twig',NULL,NULL,'',0,0),(384,NULL,'product.reviews.tab','customer','',200,'modules/XC/Reviews/reviews_tab/parts/tab.reviews_list_header.twig',NULL,NULL,'',0,0),(385,NULL,'reviews.product.rating.average','customer','',100,'modules/XC/Reviews/product/details/rating.twig',NULL,NULL,'',0,0),(386,NULL,'reviews','customer','',16777215,'modules/XC/Reviews/reviews_page/reviews.twig',NULL,NULL,'',0,0),(387,NULL,'reviews.review.title','customer','',200,'modules/XC/Reviews/reviews_page/parts/title.right.twig',NULL,NULL,'',0,0),(388,NULL,'product.reviews.page','customer','',200,'modules/XC/Reviews/reviews_page/parts/page.reviews_list_header.twig',NULL,NULL,'',0,0),(389,NULL,'slidebar.navbar.account','customer','',50,'modules/XC/VendorMessages/mobile_header_parts/navbar/account/messages.twig',NULL,NULL,'',0,0),(390,NULL,'customer.account.details.after','customer','',100,'account/parts/link.login.twig',NULL,NULL,'',0,0),(391,NULL,'signin.main.wrapper','customer','',300,'signin/parts/anonymous.twig',NULL,NULL,'',0,0),(392,NULL,'signin.main.wrapper','customer','',100,'signin/parts/login.twig',NULL,NULL,'',0,0),(393,NULL,'signin.main.wrapper','customer','',200,'signin/parts/or.twig',NULL,NULL,'',0,0),(394,NULL,'signin-anonymous-title.continue','customer','',100,'signin/parts/continue/email.twig',NULL,NULL,'',0,0),(395,NULL,'signin-anonymous-title.continue','customer','',110,'signin/parts/continue/button.twig',NULL,NULL,'',0,0),(396,NULL,'signin-anonymous-title','customer','',200,'signin/signin_anonymous_box.twig',NULL,NULL,'',0,0),(397,NULL,'signin.main','customer','',10,'signin/signin.twig',NULL,NULL,'',0,0),(398,NULL,'contact_us.parts','customer','',10,'contact_us/parts/contact_us.address.twig',NULL,NULL,'',0,0),(399,NULL,'product.details.page','customer','',20,'product/details/parts/page.image.twig',NULL,NULL,'',0,0),(400,NULL,'product.details.quicklook.info','customer','',10,'product/details/parts/common.product-title-link.twig',NULL,NULL,'',0,0),(402,NULL,'product.details.page','customer','',40,'product/details/parts/page.tabs.twig',NULL,NULL,'',0,0),(403,NULL,'recover.password.fields','customer','',100,'recover_password/parts/form.email.twig',NULL,NULL,'',0,0),(404,NULL,'recover.password.fields','customer','',300,'recover_password/parts/form.button.twig',NULL,NULL,'',0,0),(405,NULL,'recover.password.fields','customer','',200,'recover_password/parts/form.user.twig',NULL,NULL,'',0,0),(406,NULL,'customer.signin.fields','customer','',500,'authorization/parts/field.links.twig',NULL,NULL,'',0,0),(407,NULL,'customer.signin.fields','customer','',100,'authorization/parts/field.name.twig',NULL,NULL,'',0,0),(408,NULL,'customer.signin.popup.fields','customer','',100,'authorization/parts/field.name.twig',NULL,NULL,'',0,0),(409,NULL,'customer.signin.links','customer','',100,'authorization/parts/link.create.twig',NULL,NULL,'',0,0),(410,NULL,'customer.signin.fields','customer','',200,'authorization/parts/field.password.twig',NULL,NULL,'',0,0),(411,NULL,'customer.signin.popup.fields','customer','',200,'authorization/parts/field.password.twig',NULL,NULL,'',0,0),(412,NULL,'customer.signin.fields','customer','',400,'authorization/parts/field.button.twig',NULL,NULL,'',0,0),(413,NULL,'customer.signin.popup.fields','customer','',400,'authorization/parts/field.button.twig',NULL,NULL,'',0,0),(414,NULL,'customer.signin.links','customer','',200,'authorization/parts/link.forgot.twig',NULL,NULL,'',0,0),(415,NULL,'customer.signin.fields','customer','',300,'authorization/parts/field.message.twig',NULL,NULL,'',0,0),(416,NULL,'customer.signin.popup.fields','customer','',300,'authorization/parts/field.message.twig',NULL,NULL,'',0,0),(418,NULL,'cart.panel.totals.modifier','customer','',16777215,'shopping_cart/parts/item.shipping.estimator.twig',NULL,NULL,'',0,0),(419,NULL,'cart.panel.totals','customer','',30,'shopping_cart/parts/total.total.twig',NULL,NULL,'',0,0),(420,NULL,'cart.panel','customer','',10,'shopping_cart/parts/button.continue.twig',NULL,NULL,'',0,0),(421,NULL,'cart.children','customer','',10,'shopping_cart/parts/button.continue.twig',NULL,NULL,'',0,0),(422,NULL,'cart.panel.totals','customer','',25,'shopping_cart/parts/total.separator.twig',NULL,NULL,'',0,0),(423,NULL,'cart.buttons','customer','',20,'shopping_cart/parts/button.clear.twig',NULL,NULL,'',0,0),(424,NULL,'minicart.horizontal.item','customer','',18,'mini_cart/horizontal/parts/item.amount.twig',NULL,NULL,'',0,0),(425,NULL,'minicart.horizontal.item','customer','',10,'mini_cart/horizontal/parts/item.name.twig',NULL,NULL,'',0,0),(426,NULL,'minicart.horizontal.children','customer','',10,'mini_cart/horizontal/parts/items.twig',NULL,NULL,'',0,0),(427,NULL,'minicart.horizontal.item','customer','',20,'mini_cart/horizontal/parts/item.price.twig',NULL,NULL,'',0,0),(428,NULL,'minicart.horizontal.item','customer','',5,'mini_cart/horizontal/parts/item.image.twig',NULL,NULL,'',0,0),(429,NULL,'layout.header.bar.links.logged','customer','',-100,'layout/header/header.bar.links.logged.email.twig',NULL,NULL,'',0,0),(430,NULL,'layout.header.bar.locale','customer','',10,'layout/header/locale/country.twig',NULL,NULL,'',0,0),(431,NULL,'layout.header.bar.locale','customer','',20,'layout/header/locale/language.twig',NULL,NULL,'',0,0),(432,NULL,'layout.header.bar.locale','customer','',30,'layout/header/locale/currency.twig',NULL,NULL,'',0,0),(433,NULL,'layout.header.bar','customer','',100,'layout/header/header.bar.links.twig',NULL,NULL,'',0,0),(434,NULL,'layout.header.bar.links.logged','customer','',500,'layout/header/header.bar.links.logged.logout.twig',NULL,NULL,'',0,0),(435,NULL,'layout.header.right','customer','',10,'layout/header/header.right.search.twig',NULL,NULL,'',0,0),(436,NULL,'layout.header.right.mobile','customer','',10,'layout/header/header.right.search.twig',NULL,NULL,'',0,0),(437,NULL,'layout.header.bar','customer','',100,'layout/header/header.bar.links.logged.twig',NULL,NULL,'',0,0),(438,NULL,'layout.header','customer','',200,'layout/header/header.bar.twig',NULL,NULL,'',0,0),(439,NULL,'layout.header.bar.links.logged','customer','',200,'layout/header/header.bar.links.logged.account.twig',NULL,NULL,'',0,0),(440,NULL,'layout.header.right.mobile','customer','',100,'layout/header/header.right.mobile.minicart.twig',NULL,NULL,'',0,0),(441,NULL,'layout.main','customer','',200,'layout/header/main.header.twig',NULL,NULL,'',0,0),(442,NULL,'slidebar.navbar.account','customer','',10,'layout/header/mobile_header_parts/navbar/account/orders.twig',NULL,NULL,'',0,0),(443,NULL,'slidebar.navbar.account','customer','',20,'layout/header/mobile_header_parts/navbar/account/address_book.twig',NULL,NULL,'',0,0),(444,NULL,'slidebar.navbar.account','customer','',30,'layout/header/mobile_header_parts/navbar/account/profile.twig',NULL,NULL,'',0,0),(445,NULL,'slidebar.navbar.account.additional-menu','customer','',2000,'layout/header/mobile_header_parts/navbar/second_additional_menu.twig',NULL,NULL,'',0,0),(446,NULL,'slidebar.navbar.account.additional-menu','customer','',1000,'layout/header/mobile_header_parts/navbar/first_additional_menu.twig',NULL,NULL,'',0,0),(447,NULL,'header.menu','customer','',2000,'layout/header/mobile_header_parts/navbar_menu.twig',NULL,NULL,'',0,0),(448,NULL,'layout.header.mobile.menu','customer','',10,'layout/header/mobile_header_parts/logo.twig',NULL,NULL,'',0,0),(449,NULL,'layout.header.mobile.menu','customer','',1000,'layout/header/mobile_header_parts/right_menu.twig',NULL,NULL,'',0,0),(450,NULL,'slidebar.additional-menu','customer','',390,'layout/header/header_settings/settings.twig',NULL,NULL,'',0,0),(451,NULL,'slidebar.navbar.account.second-additional-menu','customer','',400,'layout/header/header_settings/login.twig',NULL,NULL,'',0,0),(452,NULL,'layout.header.right.settings','customer','',400,'layout/header/header_settings/login.twig',NULL,NULL,'',0,0),(453,NULL,'slidebar.navbar.account.second-additional-menu','customer','',1000,'layout/header/header_settings/logout.twig',NULL,NULL,'',0,0),(454,NULL,'layout.header.right.settings','customer','',1000,'layout/header/header_settings/logout.twig',NULL,NULL,'',0,0),(455,NULL,'layout.header.right.settings','customer','',-100,'layout/header/header_settings/email.twig',NULL,NULL,'',0,0),(456,NULL,'slidebar.additional-menu','customer','',100,'layout/header/header_settings/links.twig',NULL,NULL,'',0,0),(457,NULL,'layout.header.right.settings','customer','',100,'layout/header/header_settings/links.twig',NULL,NULL,'',0,0),(458,NULL,'layout.footer','customer','',500,'layout/footer/main.footer.twig',NULL,NULL,'',0,0),(459,NULL,'layout.main.footer','customer','',50,'layout/footer/main.footer.contacts.twig',NULL,NULL,'',0,0),(460,NULL,'itemsList.product.table.customer.columns','customer','',9999999,'items_list/product/parts/table.product-representation.twig',NULL,NULL,'',0,0),(464,NULL,'itemsList.product.grid.customer.info','customer','',31,'items_list/product/parts/out-of-stock.label.twig',NULL,NULL,'',0,0),(465,NULL,'itemsList.product.list.customer.info','customer','',50,'items_list/product/parts/out-of-stock.label.twig',NULL,NULL,'',0,0),(466,NULL,'itemsList.product.grid.customer.info','customer','',998,'items_list/product/parts/common.marks.twig',NULL,NULL,'',0,0),(467,NULL,'itemsList.product.list.customer.photo','customer','',998,'items_list/product/parts/common.marks.twig',NULL,NULL,'',0,0),(468,NULL,'itemsList.product.table.customer.columns','customer','',45,'items_list/product/parts/common.marks.twig',NULL,NULL,'',0,0),(470,NULL,'customer.signin','customer','',100,'modules/Amazon/PayWithAmazon/login/signin/signin.twig',NULL,NULL,'',0,0),(471,NULL,'minicart.horizontal.buttons','customer','',1000,'modules/Amazon/PayWithAmazon/checkout_button/mini_cart.twig',NULL,NULL,'',0,0),(472,NULL,'cart.panel.totals','customer','',1000,'modules/Amazon/PayWithAmazon/checkout_button/cart.twig',NULL,NULL,'',0,0),(473,NULL,'head','customer','',1310,'modules/Amazon/PayWithAmazon/header/parts/amazon_config.twig',NULL,NULL,'',0,0),(474,NULL,'customer.account.saved_cards.before','customer','',100,'modules/CDev/XPaymentsConnector/account/saved_cards.header.twig',NULL,NULL,'',0,0),(475,NULL,'customer.account.add_new_card.before','customer','',100,'modules/CDev/XPaymentsConnector/account/saved_cards.header.twig',NULL,NULL,'',0,0),(476,NULL,'customer.account.add_new_card.address','customer','',100,'modules/CDev/XPaymentsConnector/account/add_new_card.address.twig',NULL,NULL,'',0,0),(477,NULL,'customer.account.add_new_card.form','customer','',100,'modules/CDev/XPaymentsConnector/account/add_new_card.form.twig',NULL,NULL,'',0,0),(478,NULL,'customer.account.add_new_card.before','customer','',200,'modules/CDev/XPaymentsConnector/account/add_new_card.header.twig',NULL,NULL,'',0,0),(479,NULL,'customer.account.saved_cards.table','customer','',100,'modules/CDev/XPaymentsConnector/account/saved_cards.table.twig',NULL,NULL,'',0,0),(480,NULL,'checkout.review.selected','customer','',20,'modules/CDev/XPaymentsConnector/checkout/script.twig',NULL,NULL,'',0,0),(481,NULL,'checkout_fastlane.sections.payment.left','customer','',500,'modules/CDev/XPaymentsConnector/checkout/script.twig',NULL,NULL,'',0,0),(482,NULL,'invoice.bottom.address.billing','customer','',30,'modules/CDev/XPaymentsConnector/invoice/invoice.twig',NULL,NULL,'',0,0),(483,NULL,'itemsList.product.text_links.customer.recently.info','customer','',100,'modules/CDev/ProductAdvisor/parts/info_textlinks.twig',NULL,NULL,'',0,0),(484,NULL,'itemsList.product.grid.customer.recently.info','customer','',100,'modules/CDev/ProductAdvisor/parts/info.twig',NULL,NULL,'',0,0),(487,NULL,'cart.item.info','customer','',1000,'modules/CDev/Coupons/item.freeship.twig',NULL,NULL,'',0,0),(489,NULL,'customer.signin','customer','',100,'modules/CDev/Paypal/login/signin/signin.paypal.twig',NULL,NULL,'',0,0),(490,NULL,'product.details.page.info.form.buttons-added.cart-buttons','customer','',40,'modules/CDev/Paypal/product/details/parts/express_checkout.twig',NULL,NULL,'',0,0),(491,NULL,'product.details.quicklook.info.form.buttons-added.cart-buttons','customer','',40,'modules/CDev/Paypal/product/details/parts/express_checkout.twig',NULL,NULL,'',0,0),(492,NULL,'product.details.page.info.form.buttons.cart-buttons','customer','',30,'modules/CDev/Paypal/product/details/parts/express_checkout.twig',NULL,NULL,'',0,0),(493,NULL,'product.details.quicklook.info.form.buttons.cart-buttons','customer','',30,'modules/CDev/Paypal/product/details/parts/express_checkout.twig',NULL,NULL,'',0,0),(494,NULL,'itemsList.product.list.customer.info','customer','',1100,'modules/CDev/Paypal/item_list/product/parts/express_checkout.twig',NULL,NULL,'',0,0),(495,NULL,'add2cart_popup.item.buttons','customer','',300,'modules/CDev/Paypal/add2cart_popup/express_checkout.twig',NULL,NULL,'',0,0),(496,NULL,'center.top','customer','',100,'modules/CDev/Paypal/banner/categoryPages/aboveProducts.twig',NULL,NULL,'',0,0),(497,NULL,'center.bottom','customer','',99999,'modules/CDev/Paypal/banner/categoryPages/belowProducts.twig',NULL,NULL,'',0,0),(498,NULL,'product.details.page.info','customer','',105,'modules/CDev/Paypal/banner/ProductDetailsPages/nearAddToCartButton.twig',NULL,NULL,'',0,0),(499,NULL,'cart.panel','customer','',15,'modules/CDev/Paypal/banner/cartPage/nearCheckoutButton.twig',NULL,NULL,'',0,0),(500,NULL,'center','customer','',10,'modules/CDev/Paypal/banner/homePage/aboveProducts.twig',NULL,NULL,'',0,0),(501,NULL,'center.bottom','customer','',99999,'modules/CDev/Paypal/banner/homePage/belowProducts.twig',NULL,NULL,'',0,0),(502,NULL,'static_page.info','customer','',100,'modules/CDev/SimpleCMS/page/parts/content.twig',NULL,NULL,'',0,0),(504,NULL,'static_page.info','customer','',100000,'modules/CDev/GoSocial/page/parts/share.twig',NULL,NULL,'',0,0),(505,NULL,'product.plain_price.before.sale_price.text','customer','',100,'modules/CDev/Sale/details/sale_price.twig',NULL,NULL,'',0,0),(506,NULL,'product.plain_price.before.sale_price.text','customer','',200,'modules/CDev/Sale/details/you_save.twig',NULL,NULL,'',0,0),(507,NULL,'product.plain_price.before','customer','',15,'modules/CDev/Sale/details/label.twig',NULL,NULL,'',0,0),(508,NULL,'product.plain_price.before','customer','',40,'modules/CDev/Sale/label.twig',NULL,NULL,'',0,0),(509,NULL,'product.details.quicklook.info','customer','',20,'modules/CDev/GoogleAnalytics/quick-look-data.twig',NULL,NULL,'',0,0),(510,NULL,'itemsList.product.grid.customer.info','customer','',20,'modules/CDev/GoogleAnalytics/impression-block.twig',NULL,NULL,'',0,0),(511,NULL,'itemsList.product.list.customer.info','customer','',20,'modules/CDev/GoogleAnalytics/impression-block.twig',NULL,NULL,'',0,0),(512,NULL,'itemsList.product.small_thumbnails.customer.details','customer','',20,'modules/CDev/GoogleAnalytics/impression-block.twig',NULL,NULL,'',0,0),(513,NULL,'itemsList.product.big_thumbnails.customer.info','customer','',200,'modules/CDev/GoogleAnalytics/impression-block.twig',NULL,NULL,'',0,0),(514,NULL,'itemsList.product.text_links.customer.info','customer','',100,'modules/CDev/GoogleAnalytics/impression-block.twig',NULL,NULL,'',0,0),(515,NULL,'itemsList.product.table.customer.add2cart','customer','',10,'modules/CDev/GoogleAnalytics/impression-block.twig',NULL,NULL,'',0,0),(516,NULL,'productBlock.info','customer','',200,'modules/CDev/GoogleAnalytics/impression-block.twig',NULL,NULL,'',0,0),(517,NULL,'itemsList.product.grid.customer.recently.info','customer','',10,'modules/CDev/GoogleAnalytics/impression-block.twig',NULL,NULL,'',0,0),(518,NULL,'product.plain_price.before','customer','',45,'modules/CDev/MarketPrice/details.twig',NULL,NULL,'',0,0),(519,NULL,'product.plain_price.before.market_price.text','customer','',100,'modules/CDev/MarketPrice/details/market_price.twig',NULL,NULL,'',0,0),(520,NULL,'product.plain_price.before.market_price.text','customer','',200,'modules/CDev/MarketPrice/details/you_save.twig',NULL,NULL,'',0,0),(521,NULL,'product.plain_price.before','customer','',15,'modules/CDev/MarketPrice/details/label.twig',NULL,NULL,'',0,0),(522,NULL,'product.details.page.tab.description','customer','',50,'modules/CDev/FileAttachments/file_attachments.twig',NULL,NULL,'',0,0),(523,NULL,'invoice.bottom.address.billing','customer','',30,'modules/QSL/BraintreeVZ/invoice/credit_card.twig',NULL,NULL,'',0,0),(524,NULL,'product.stock.info','customer','',20,'modules/XC/FreeShipping/free_ship.label.twig',NULL,NULL,'',0,0),(525,NULL,'checkout.review.selected.placeOrder','customer','',350,'modules/XC/MailChimp/model/profile/subscriptions_list.twig',NULL,NULL,'',0,0),(526,NULL,'checkout_fastlane.sections.place-order.before','customer','',100,'modules/XC/MailChimp/model/profile/subscriptions_list.twig',NULL,NULL,'',0,0),(527,NULL,'checkout.review.selected.items','customer','',2000,'modules/XC/MailChimp/model/profile/subscriptions_list.twig',NULL,NULL,'',0,0),(528,NULL,'newsMessage.details','customer','',200,'modules/XC/News/page/news_message/parts/date.twig',NULL,NULL,'',0,0),(529,NULL,'newsMessage.details','customer','',400,'modules/XC/News/page/news_message/parts/link.twig',NULL,NULL,'',0,0),(530,NULL,'newsMessage.details','customer','',300,'modules/XC/News/page/news_message/parts/body.twig',NULL,NULL,'',0,0),(531,NULL,'itemsList.newsMessages.customer.center.row','customer','',100,'modules/XC/News/news_messages/list/parts/cell.date.twig',NULL,NULL,'',0,0),(532,NULL,'itemsList.newsMessages.customer.center.row','customer','',200,'modules/XC/News/news_messages/list/parts/cell.name.twig',NULL,NULL,'',0,0),(533,NULL,'itemsList.newsMessages.customer.center.row','customer','',250,'modules/XC/News/news_messages/list/parts/cell.brief.twig',NULL,NULL,'',0,0),(534,NULL,'itemsList.newsMessages.customer.top.row','customer','',100,'modules/XC/News/top_news_messages/list/parts/cell.date.twig',NULL,NULL,'',0,0),(535,NULL,'itemsList.newsMessages.customer.top.row','customer','',200,'modules/XC/News/top_news_messages/list/parts/cell.name.twig',NULL,NULL,'',0,0),(536,NULL,'itemsList.newsMessages.customer.top.row','customer','',250,'modules/XC/News/top_news_messages/list/parts/cell.brief.twig',NULL,NULL,'',0,0),(537,NULL,'NewsletterSubscriptions.footer.error-block','customer','',100,'modules/XC/NewsletterSubscriptions/form/parts/error.twig',NULL,NULL,'',0,0),(538,NULL,'NewsletterSubscriptions.footer.form-block','customer','',100,'modules/XC/NewsletterSubscriptions/form/parts/form.twig',NULL,NULL,'',0,0),(539,NULL,'NewsletterSubscriptions.footer.success-block','customer','',100,'modules/XC/NewsletterSubscriptions/form/parts/success.twig',NULL,NULL,'',0,0),(540,NULL,'comparison_table.header_fixed','customer','',100,'modules/XC/ProductComparison/comparison_table/parts/product_name.twig',NULL,NULL,'',0,0),(541,NULL,'comparison_table.data','customer','',200,'modules/XC/ProductComparison/comparison_table/parts/weight.twig',NULL,NULL,'',0,0),(542,NULL,'comparison_table.header_fixed','customer','',200,'modules/XC/ProductComparison/comparison_table/parts/buttons.twig',NULL,NULL,'',0,0),(543,NULL,'comparison_table.data','customer','',100,'modules/XC/ProductComparison/comparison_table/parts/prices.twig',NULL,NULL,'',0,0),(544,NULL,'comparison_table.header','customer','',100,'modules/XC/ProductComparison/comparison_table/parts/images.twig',NULL,NULL,'',0,0),(545,NULL,'itemsList.product.list.customer.info','customer','',1100,'modules/XC/FacebookMarketing/items_list/product/parts/facebook_product_sku.twig',NULL,NULL,'',0,0),(546,NULL,'itemsList.product.table.customer.add2cart','customer','',1000,'modules/XC/FacebookMarketing/items_list/product/parts/facebook_product_sku.twig',NULL,NULL,'',0,0),(547,NULL,'next_previous.product.body.dropdown','customer','',300,'modules/XC/NextPreviousProduct/product/parts/dropdown_parts/price.twig',NULL,NULL,'',0,0),(548,NULL,'next_previous.product.body.dropdown','customer','',100,'modules/XC/NextPreviousProduct/product/parts/dropdown_parts/image.twig',NULL,NULL,'',0,0),(549,NULL,'next_previous.product.body','customer','',200,'modules/XC/NextPreviousProduct/product/parts/body.cookie_data.twig',NULL,NULL,'',0,0),(550,NULL,'next_previous.product.body','customer','',100,'modules/XC/NextPreviousProduct/product/parts/body.link.twig',NULL,NULL,'',0,0),(551,NULL,'next_previous.product.body','customer','',300,'modules/XC/NextPreviousProduct/product/parts/body.dropdown.twig',NULL,NULL,'',0,0),(552,NULL,'itemsList.product.grid.customer.info','customer','',20,'modules/XC/NextPreviousProduct/items-list/cookie-data.twig',NULL,NULL,'',0,0),(553,NULL,'itemsList.product.grid.customer.recently.info','customer','',20,'modules/XC/NextPreviousProduct/items-list/cookie-data.twig',NULL,NULL,'',0,0),(554,NULL,'itemsList.product.list.customer.info','customer','',20,'modules/XC/NextPreviousProduct/items-list/cookie-data.twig',NULL,NULL,'',0,0),(555,NULL,'itemsList.product.table.customer.column.after','customer','',20,'modules/XC/NextPreviousProduct/items-list/cookie-data.twig',NULL,NULL,'',0,0),(556,NULL,'itemsList.product.small_thumbnails.customer.details','customer','',20,'modules/XC/NextPreviousProduct/items-list/cookie-data.twig',NULL,NULL,'',0,0),(557,NULL,'itemsList.product.big_thumbnails.customer.info','customer','',200,'modules/XC/NextPreviousProduct/items-list/cookie-data.twig',NULL,NULL,'',0,0),(558,NULL,'itemsList.product.text_links.customer.info','customer','',100,'modules/XC/NextPreviousProduct/items-list/cookie-data.twig',NULL,NULL,'',0,0),(559,NULL,'productBlock.info','customer','',200,'modules/XC/NextPreviousProduct/items-list/cookie-data.twig',NULL,NULL,'',0,0),(560,NULL,'order.links','customer','',30,'modules/XC/CanadaPost/order/parts/link.return.twig',NULL,NULL,'',0,0),(561,NULL,'invoice.bottom.d2po','customer','',10,'modules/XC/CanadaPost/order/invoice/parts/bottom.d2po.details.twig',NULL,NULL,'',0,0),(562,NULL,'capost_create_return.form.columns','customer','',10,'modules/XC/CanadaPost/products_return/create/parts/table.common.sku.twig',NULL,NULL,'',0,0),(563,NULL,'capost_create_return','customer','',200,'modules/XC/CanadaPost/products_return/create/parts/main.form.twig',NULL,NULL,'',0,0),(564,NULL,'capost_create_return.form.columns','customer','',10,'modules/XC/CanadaPost/products_return/create/parts/table.common.field.twig',NULL,NULL,'',0,0),(565,NULL,'capost_create_return.form.captions','customer','',20,'modules/XC/CanadaPost/products_return/create/parts/table.captions.name.twig',NULL,NULL,'',0,0),(566,NULL,'capost_create_return.form.captions','customer','',30,'modules/XC/CanadaPost/products_return/create/parts/table.captions.ret_amount.twig',NULL,NULL,'',0,0),(567,NULL,'capost_create_return.form.columns','customer','',25,'modules/XC/CanadaPost/products_return/create/parts/table.common.amount.twig',NULL,NULL,'',0,0),(568,NULL,'capost_create_return.form','customer','',300,'modules/XC/CanadaPost/products_return/create/parts/main.form.button.twig',NULL,NULL,'',0,0),(569,NULL,'capost_create_return.form','customer','',100,'modules/XC/CanadaPost/products_return/create/parts/main.form.products.twig',NULL,NULL,'',0,0),(570,NULL,'capost_create_return.form','customer','',200,'modules/XC/CanadaPost/products_return/create/parts/main.form.message.twig',NULL,NULL,'',0,0),(571,NULL,'capost_create_return.form.captions','customer','',25,'modules/XC/CanadaPost/products_return/create/parts/table.captions.amount.twig',NULL,NULL,'',0,0),(572,NULL,'capost_create_return.form.columns','customer','',15,'modules/XC/CanadaPost/products_return/create/parts/table.common.image.twig',NULL,NULL,'',0,0),(573,NULL,'capost_create_return.form.columns','customer','',20,'modules/XC/CanadaPost/products_return/create/parts/table.common.name.twig',NULL,NULL,'',0,0),(574,NULL,'capost_create_return','customer','',100,'modules/XC/CanadaPost/products_return/create/parts/main.info.twig',NULL,NULL,'',0,0),(575,NULL,'capost_create_return.form.captions','customer','',5,'modules/XC/CanadaPost/products_return/create/parts/table.captions.field.twig',NULL,NULL,'',0,0),(576,NULL,'capost_create_return.form.captions','customer','',10,'modules/XC/CanadaPost/products_return/create/parts/table.captions.sku.twig',NULL,NULL,'',0,0),(577,NULL,'capost_create_return.form.captions','customer','',15,'modules/XC/CanadaPost/products_return/create/parts/table.captions.image.twig',NULL,NULL,'',0,0),(578,NULL,'capost_create_return.form.columns','customer','',30,'modules/XC/CanadaPost/products_return/create/parts/table.common.ret_amount.twig',NULL,NULL,'',0,0),(579,NULL,'themetweaker-panel-extensions','customer','',210,'modules/XC/ThemeTweaker/themetweaker_panel/panel_extensions/confirm_save_modal.twig',NULL,NULL,'',0,0),(580,NULL,'themetweaker-panel-extensions','customer','',200,'modules/XC/ThemeTweaker/themetweaker_panel/panel_extensions/confirm_reset_layout_modal.twig',NULL,NULL,'',0,0),(581,NULL,'themetweaker-panel-extensions','customer','',200,'modules/XC/ThemeTweaker/themetweaker_panel/panel_extensions/confirm_exit_modal.twig',NULL,NULL,'',0,0),(582,NULL,'themetweaker-panel-extensions','customer','',220,'modules/XC/ThemeTweaker/themetweaker_panel/panel_extensions/code_error_modal.twig',NULL,NULL,'',0,0),(583,NULL,'themetweaker-panel--body','customer','',100,'modules/XC/ThemeTweaker/themetweaker_panel/panel/content.twig',NULL,NULL,'',0,0),(584,NULL,'themetweaker-panel--header','customer','',200,'modules/XC/ThemeTweaker/themetweaker_panel/panel/actions.twig',NULL,NULL,'',0,0),(585,NULL,'themetweaker-panel--header','customer','',100,'modules/XC/ThemeTweaker/themetweaker_panel/panel/tabs.twig',NULL,NULL,'',0,0),(586,NULL,'themetweaker-panel--actions','customer','',999,'modules/XC/ThemeTweaker/themetweaker_panel/panel/actions.save.twig',NULL,NULL,'',0,0),(587,NULL,'themetweaker-panel--actions','customer','',100,'modules/XC/ThemeTweaker/themetweaker_panel/panel/actions.switcher.twig',NULL,NULL,'',0,0),(588,NULL,'themetweaker-panel--tabs','customer','',0,'modules/XC/ThemeTweaker/themetweaker_panel/panel/tabs.hide.twig',NULL,NULL,'',0,0),(589,NULL,'themetweaker-panel--tabs','customer','',30,'modules/XC/ThemeTweaker/themetweaker_panel/panel/tabs.inline_editor.twig',NULL,NULL,'',0,0),(590,NULL,'themetweaker-panel--tabs','customer','',50,'modules/XC/ThemeTweaker/themetweaker_panel/panel/tabs.webmaster.twig',NULL,NULL,'',0,0),(591,NULL,'themetweaker-panel--tabs','customer','',20,'modules/XC/ThemeTweaker/themetweaker_panel/panel/tabs.labels_editor.twig',NULL,NULL,'',0,0),(592,NULL,'themetweaker-panel--tabs','customer','',10,'modules/XC/ThemeTweaker/themetweaker_panel/panel/tabs.layout_editor.twig',NULL,NULL,'',0,0),(593,NULL,'themetweaker-panel--tabs','customer','',40,'modules/XC/ThemeTweaker/themetweaker_panel/panel/tabs.custom_css.twig',NULL,NULL,'',0,0),(594,NULL,'list-item.actions','customer','',10,'modules/XC/ThemeTweaker/themetweaker/layout_editor/list_item_parts/action_unhide.twig',NULL,NULL,'',0,0),(595,NULL,'list-item.actions','customer','',10,'modules/XC/ThemeTweaker/themetweaker/layout_editor/list_item_parts/action_hide.twig',NULL,NULL,'',0,0),(596,NULL,'layout_editor','customer','',100,'modules/XC/ThemeTweaker/themetweaker/layout_editor/panel_parts/help_message.twig',NULL,NULL,'',0,0),(597,NULL,'layout_editor.sidebar','customer','',10,'modules/XC/ThemeTweaker/themetweaker/layout_editor/panel_parts/layout_options.twig',NULL,NULL,'',0,0),(598,NULL,'layout_editor','customer','',10,'modules/XC/ThemeTweaker/themetweaker/layout_editor/panel_parts/hidden_count.twig',NULL,NULL,'',0,0),(599,NULL,'layout_editor','customer','',20,'modules/XC/ThemeTweaker/themetweaker/layout_editor/panel_parts/hidden_blocks.twig',NULL,NULL,'',0,0),(600,NULL,'head.css','customer','',9999,'modules/XC/ThemeTweaker/themetweaker/custom_css/css.twig',NULL,NULL,'',0,0),(601,NULL,'inline_editor','customer','',200,'modules/XC/ThemeTweaker/themetweaker/inline_editable/tinymce_warning_modal.twig',NULL,NULL,'',0,0),(602,NULL,'layout.main.center','customer','',0,'modules/XC/ThemeTweaker/layout/content/main.center.hidden.twig',NULL,NULL,'',0,0),(603,NULL,'checkout_fastlane','customer','',10,'modules/XC/FastLaneCheckout/checkout_fastlane/header.twig',NULL,NULL,'',0,0),(604,NULL,'checkout_fastlane.header.left','customer','',10,'modules/XC/FastLaneCheckout/checkout_fastlane/header/title.twig',NULL,NULL,'',0,0),(605,NULL,'checkout_fastlane.header.right','customer','',10,'modules/XC/FastLaneCheckout/checkout_fastlane/header/navigation.twig',NULL,NULL,'',0,0),(607,NULL,'checkout_fastlane','customer','',20,'modules/XC/FastLaneCheckout/checkout_fastlane/sections.twig',NULL,NULL,'',0,0),(608,NULL,'select-address.after','customer','',100,'modules/XC/FastLaneCheckout/select_address/add_button.twig',NULL,NULL,'',0,0),(609,NULL,'checkout_fastlane.sections.details.right','customer','',10,'modules/XC/FastLaneCheckout/sections/details/order_total.twig',NULL,NULL,'',0,0),(610,NULL,'checkout_fastlane.sections.details.left','customer','',10,'modules/XC/FastLaneCheckout/sections/details/order_details.twig',NULL,NULL,'',0,0),(611,NULL,'checkout_fastlane.sections.details.right','customer','',13,'modules/XC/FastLaneCheckout/sections/details/included_modifiers.twig',NULL,NULL,'',0,0),(612,NULL,'checkout_fastlane.sections.details.left','customer','',15,'modules/XC/FastLaneCheckout/sections/details/shipping_details.twig',NULL,NULL,'',0,0),(613,NULL,'checkout_fastlane.sections.after','customer','',10,'modules/XC/FastLaneCheckout/sections/details_box.twig',NULL,NULL,'',0,0),(614,NULL,'checkout_fastlane.sections.address','customer','',20,'modules/XC/FastLaneCheckout/sections/address/billing.twig',NULL,NULL,'',0,0),(615,NULL,'checkout_fastlane.sections.address','customer','',10,'modules/XC/FastLaneCheckout/sections/address/shipping.twig',NULL,NULL,'',0,0),(616,NULL,'checkout_fastlane.sections.payment.left','customer','',20,'modules/XC/FastLaneCheckout/sections/payment/billing.twig',NULL,NULL,'',0,0),(617,NULL,'checkout_fastlane.sections.payment','customer','',10,'modules/XC/FastLaneCheckout/sections/payment/columns.twig',NULL,NULL,'',0,0),(618,NULL,'checkout_fastlane.sections.payment.left','customer','',30,'modules/XC/FastLaneCheckout/sections/payment/note.twig',NULL,NULL,'',0,0),(619,NULL,'checkout_fastlane.sections.payment.right','customer','',0,'modules/XC/FastLaneCheckout/sections/payment/heading.right.twig',NULL,NULL,'',0,0),(620,NULL,'checkout_fastlane.sections.payment.left','customer','',0,'modules/XC/FastLaneCheckout/sections/payment/heading.left.twig',NULL,NULL,'',0,0),(621,NULL,'checkout_fastlane.sections.payment.right','customer','',10,'modules/XC/FastLaneCheckout/sections/payment/methods.twig',NULL,NULL,'',0,0),(622,NULL,'checkout_fastlane.sections.details.right','customer','',20,'modules/XC/FastLaneCheckout/sections/section_change_button.twig',NULL,NULL,'',0,0),(623,NULL,'checkout_fastlane.sections.shipping','customer','',10,'modules/XC/FastLaneCheckout/sections/shipping/columns.twig',NULL,NULL,'',0,0),(624,NULL,'checkout_fastlane.sections.shipping.left','customer','',30,'modules/XC/FastLaneCheckout/sections/shipping/note.twig',NULL,NULL,'',0,0),(625,NULL,'checkout_fastlane.sections.shipping.left','customer','',10,'modules/XC/FastLaneCheckout/sections/shipping/email.twig',NULL,NULL,'',0,0),(626,NULL,'checkout_fastlane.sections.shipping.right','customer','',0,'modules/XC/FastLaneCheckout/sections/shipping/heading.right.twig',NULL,NULL,'',0,0),(627,NULL,'checkout_fastlane.sections.shipping.left','customer','',20,'modules/XC/FastLaneCheckout/sections/shipping/address.twig',NULL,NULL,'',0,0),(628,NULL,'checkout_fastlane.sections.shipping.left','customer','',0,'modules/XC/FastLaneCheckout/sections/shipping/heading.left.twig',NULL,NULL,'',0,0),(629,NULL,'checkout_fastlane.sections.shipping.right','customer','',10,'modules/XC/FastLaneCheckout/sections/shipping/methods.twig',NULL,NULL,'',0,0),(630,NULL,'checkout_fastlane.blocks.payment_methods.available','customer','',10,'modules/XC/FastLaneCheckout/blocks/payment_methods/available/payment_tpl.twig',NULL,NULL,'',0,0),(631,NULL,'checkout_fastlane.blocks.address.billing.prepend','customer','',10,'modules/XC/FastLaneCheckout/blocks/address_form/address_book.twig',NULL,NULL,'',0,0),(632,NULL,'checkout_fastlane.blocks.address.shipping.prepend','customer','',10,'modules/XC/FastLaneCheckout/blocks/address_form/address_book.twig',NULL,NULL,'',0,0),(633,NULL,'checkout_fastlane.blocks.address.billing.email','customer','',100,'modules/XC/FastLaneCheckout/blocks/address_form/billing/address.create.twig',NULL,NULL,'',0,0),(634,NULL,'checkout_fastlane.blocks.address.billing.before','customer','',10,'modules/XC/FastLaneCheckout/blocks/address_form/billing/same.twig',NULL,NULL,'',0,0),(635,NULL,'checkout_fastlane.blocks.address.shipping.email','customer','',100,'modules/XC/FastLaneCheckout/blocks/address_form/shipping/address.create.twig',NULL,NULL,'',0,0),(636,NULL,'checkout_fastlane.blocks.popup_address_form.billing','customer','',999,'modules/XC/FastLaneCheckout/blocks/popup_address_form/apply_to_shipping.twig',NULL,NULL,'',0,0),(637,NULL,'checkout_fastlane.blocks.popup_address_form.shipping','customer','',999,'modules/XC/FastLaneCheckout/blocks/popup_address_form/apply_to_billing.twig',NULL,NULL,'',0,0),(638,NULL,'customer.attachments.popup.item','customer','',90,'modules/XC/CustomerAttachments/parts/file_name.twig',NULL,NULL,'',0,0),(639,NULL,'customer.attachments.popup.item','customer','',40,'modules/XC/CustomerAttachments/parts/delete_btn.twig',NULL,NULL,'',0,0),(640,NULL,'customer.attachments.popup','customer','',100,'modules/XC/CustomerAttachments/parts/add_files.twig',NULL,NULL,'',0,0),(641,NULL,'customer.attachments.popup','customer','',50,'modules/XC/CustomerAttachments/parts/files_table.twig',NULL,NULL,'',0,0),(642,NULL,'invoice.item.name','customer','',100,'modules/XC/CustomerAttachments/order/invoice/parts/items/item.attachments.twig',NULL,NULL,'',0,0),(643,NULL,'reviews.page.rating','customer','',200,'modules/XC/Reviews/average_rating/text.twig',NULL,NULL,'',0,0),(644,NULL,'reviews.tooltip.rating','customer','',200,'modules/XC/Reviews/average_rating/text.twig',NULL,NULL,'',0,0),(645,NULL,'reviews.page.rating','customer','',300,'modules/XC/Reviews/average_rating/details.twig',NULL,NULL,'',0,0),(646,NULL,'reviews.rating.details','customer','',200,'modules/XC/Reviews/average_rating/details.twig',NULL,NULL,'',0,0),(647,NULL,'reviews.product.rating.form.content','customer','',100,'modules/XC/Reviews/average_rating/rating.twig',NULL,NULL,'',0,0),(648,NULL,'reviews.product.rating','customer','',100,'modules/XC/Reviews/average_rating/form.twig',NULL,NULL,'',0,0),(650,NULL,'reviews.tab.rating','customer','',200,'modules/XC/Reviews/average_rating/form.twig',NULL,NULL,'',0,0),(651,NULL,'reviews.page.rating','customer','',200,'modules/XC/Reviews/average_rating/separator.twig',NULL,NULL,'',0,0),(652,NULL,'review.add.fields','customer','',100,'modules/XC/Reviews/review/parts/field.rating.twig',NULL,NULL,'',0,0),(653,NULL,'review.add.fields','customer','',300,'modules/XC/Reviews/review/parts/field.email.twig',NULL,NULL,'',0,0),(654,NULL,'review.add.fields','customer','',400,'modules/XC/Reviews/review/parts/field.review.twig',NULL,NULL,'',0,0),(655,NULL,'review.add.buttons','customer','',500,'modules/XC/Reviews/review/parts/buttons.twig',NULL,NULL,'',0,0),(656,NULL,'review.add.fields','customer','',200,'modules/XC/Reviews/review/parts/field.reviewer_name.twig',NULL,NULL,'',0,0),(657,NULL,'product.reviews.tab','customer','',500,'modules/XC/Reviews/reviews_tab/parts/tab.all_reviews_link.twig',NULL,NULL,'',0,0),(659,NULL,'reviews.review','customer','',200,'modules/XC/Reviews/reviews_page/parts/review.rating.twig',NULL,NULL,'',0,0),(660,NULL,'product.reviews.page','customer','',300,'modules/XC/Reviews/reviews_page/parts/page.reviews_list.twig',NULL,NULL,'',0,0),(661,NULL,'reviews.review.response','customer','',300,'modules/XC/Reviews/reviews_page/parts/response.text.twig',NULL,NULL,'',0,0),(662,NULL,'reviews.review.title','customer','',100,'modules/XC/Reviews/reviews_page/parts/title.left.twig',NULL,NULL,'',0,0),(663,NULL,'reviews.review.response','customer','',100,'modules/XC/Reviews/reviews_page/parts/response.title.twig',NULL,NULL,'',0,0),(664,NULL,'reviews.review','customer','',300,'modules/XC/Reviews/reviews_page/parts/review.text.twig',NULL,NULL,'',0,0),(665,NULL,'reviews.review','customer','',500,'modules/XC/Reviews/reviews_page/parts/review.response.twig',NULL,NULL,'',0,0),(666,NULL,'reviews.review','customer','',100,'modules/XC/Reviews/reviews_page/parts/review.title.twig',NULL,NULL,'',0,0),(667,NULL,'product.reviews.page','customer','',100,'modules/XC/Reviews/reviews_page/parts/page.product.twig',NULL,NULL,'',0,0),(670,NULL,'reviews.general','customer','',20,'modules/XC/Reviews/button/add_review.twig',NULL,NULL,'',0,0),(671,NULL,'location-select.main','customer','',10,'modules/XC/Geolocation/location_popup/parts/main.address.twig',NULL,NULL,'',0,0),(672,NULL,'location-select.address','customer','',40,'modules/XC/Geolocation/location_popup/parts/address.type.twig',NULL,NULL,'',0,0),(673,NULL,'location-select.address','customer','',30,'modules/XC/Geolocation/location_popup/parts/address.zipcode.twig',NULL,NULL,'',0,0),(674,NULL,'location-select.address','customer','',10,'modules/XC/Geolocation/location_popup/parts/address.country.twig',NULL,NULL,'',0,0),(675,NULL,'location-select.address','customer','',20,'modules/XC/Geolocation/location_popup/parts/address.state.twig',NULL,NULL,'',0,0),(676,NULL,'product.details.page.info','customer','',105,'modules/XC/CustomProductTabs/product/brief_info.twig',NULL,NULL,'',0,0),(677,NULL,'products.search.conditions.advanced.options','customer','',400,'modules/XC/ProductTags/product/search/parts/advanced.options.tag.twig',NULL,NULL,'',0,0),(678,NULL,'order.links','customer','',10,'modules/XC/VendorMessages/order/parts/link.messages.twig',NULL,NULL,'',0,0),(679,NULL,'orders.children.spec','customer','',350,'modules/XC/VendorMessages/order/list/parts/spec.messages.twig',NULL,NULL,'',0,0),(680,NULL,'checkout.signin.form','customer','',20,'signin/parts/login_form/password.twig',NULL,NULL,'',0,0),(681,NULL,'checkout.signin.form','customer','',10,'signin/parts/login_form/email.twig',NULL,NULL,'',0,0),(682,NULL,'checkout.signin.form','customer','',30,'signin/parts/login_form/button.twig',NULL,NULL,'',0,0),(683,NULL,'customer.checkout.signin','customer','',10,'signin/signin_login_form.twig',NULL,NULL,'',0,0),(684,NULL,'signin-anonymous-title','customer','',20,'signin/signin_title.twig',NULL,NULL,'',0,0),(685,NULL,'products.search.conditions.phrase','customer','',200,'product/search/parts/phrase.any.twig',NULL,NULL,'',0,0),(686,NULL,'products.search.conditions.advanced.options','customer','',300,'product/search/parts/advanced.options.sku.twig',NULL,NULL,'',0,0),(687,NULL,'products.search.conditions.phrase','customer','',300,'product/search/parts/phrase.phrase.twig',NULL,NULL,'',0,0),(688,NULL,'products.search.conditions.advanced','customer','',100,'product/search/parts/advanced.options.twig',NULL,NULL,'',0,0),(689,NULL,'products.search.conditions.advanced.options','customer','',100,'product/search/parts/advanced.options.title.twig',NULL,NULL,'',0,0),(690,NULL,'products.search.conditions.advanced.options','customer','',200,'product/search/parts/advanced.options.descr.twig',NULL,NULL,'',0,0),(691,NULL,'products.search.conditions.phrase','customer','',100,'product/search/parts/phrase.all.twig',NULL,NULL,'',0,0),(692,NULL,'products.search.conditions.advanced','customer','',200,'product/search/parts/advanced.category.twig',NULL,NULL,'',0,0),(693,NULL,'products.search.conditions.substring','customer','',200,'product/search/parts/substring.button.twig',NULL,NULL,'',0,0),(694,NULL,'products.search.conditions-responsive.substring','customer','',200,'product/search/parts/substring.button.twig',NULL,NULL,'',0,0),(695,NULL,'products.search.conditions.substring','customer','',100,'product/search/parts/substring.input.twig',NULL,NULL,'',0,0),(696,NULL,'product.simple-search-form.simple-box.elements','customer','',20,'product/search/simple-search-parts/submit.twig',NULL,NULL,'',0,0),(697,NULL,'product.simple-search-form.simple-box','customer','',10,'product/search/simple-search-parts/simple-box.twig',NULL,NULL,'',0,0),(698,NULL,'product.simple-search-form.simple-box.elements','customer','',10,'product/search/simple-search-parts/input.twig',NULL,NULL,'',0,0),(699,NULL,'product.quantity-box','customer','',20,'product/quantity_box/parts/quantity_box.twig',NULL,NULL,'',0,0),(700,NULL,'product.details.common.product-attributes.elements','customer','',200,'product/details/common_attributes/common.product-attributes.sku.twig',NULL,NULL,'',0,0),(701,NULL,'product.details.common.product-attributes.elements','customer','',100,'product/details/common_attributes/common.product-attributes.weight.twig',NULL,NULL,'',0,0),(702,NULL,'product.details.page.info.form','customer','',100,'product/details/parts/common.info.buttons.twig',NULL,NULL,'',0,0),(703,NULL,'product.details.quicklook.info.form','customer','',100,'product/details/parts/common.info.buttons.twig',NULL,NULL,'',0,0),(704,NULL,'product.details.page.info.form.buttons.cart-buttons','customer','',10,'product/details/parts/common.qty.twig',NULL,NULL,'',0,0),(705,NULL,'product.details.page.info.form.buttons-added.cart-buttons','customer','',10,'product/details/parts/common.qty.twig',NULL,NULL,'',0,0),(706,NULL,'product.details.quicklook.info.form.buttons.cart-buttons','customer','',10,'product/details/parts/common.qty.twig',NULL,NULL,'',0,0),(707,NULL,'product.details.quicklook.info.form.buttons-added.cart-buttons','customer','',10,'product/details/parts/common.qty.twig',NULL,NULL,'',0,0),(708,NULL,'product.details.quicklook.info','customer','',100,'product/details/parts/common.quicklook.form.twig',NULL,NULL,'',0,0),(709,NULL,'product.details.page.info.form.buttons.cart-buttons','customer','',13,'product/details/parts/common.stock.twig',NULL,NULL,'',0,0),(710,NULL,'product.details.page.info.form.buttons-added.cart-buttons','customer','',13,'product/details/parts/common.stock.twig',NULL,NULL,'',0,0),(711,NULL,'product.details.quicklook.info.form.buttons.cart-buttons','customer','',13,'product/details/parts/common.stock.twig',NULL,NULL,'',0,0),(712,NULL,'product.details.quicklook.info.form.buttons-added.cart-buttons','customer','',13,'product/details/parts/common.stock.twig',NULL,NULL,'',0,0),(713,NULL,'product.details.page.info.form.buttons-added.cart-buttons','customer','',30,'product/details/parts/common.add-button.twig',NULL,NULL,'',0,0),(714,NULL,'product.details.quicklook.info.form.buttons-added.cart-buttons','customer','',30,'product/details/parts/common.add-button.twig',NULL,NULL,'',0,0),(715,NULL,'product.details.page.info.form.buttons.cart-buttons','customer','',20,'product/details/parts/common.add-button.twig',NULL,NULL,'',0,0),(716,NULL,'product.details.quicklook.info.form.buttons.cart-buttons','customer','',20,'product/details/parts/common.add-button.twig',NULL,NULL,'',0,0),(717,NULL,'product.details.page','customer','',30,'product/details/parts/page.info.twig',NULL,NULL,'',0,0),(718,NULL,'product.details.page.info','customer','',10,'product/details/parts/common.product-title.twig',NULL,NULL,'',0,0),(720,NULL,'product.details.page.info','customer','',50,'product/details/parts/common.form.twig',NULL,NULL,'',0,0),(721,NULL,'product.details.page.tab.attributes','customer','',10,'product/details/parts/page.tabs.attributes.twig',NULL,NULL,'',0,0),(722,NULL,'product.details.page.info.form.buttons','customer','',10,'product/details/parts/common.info.buttons.cart-buttons.twig',NULL,NULL,'',0,0),(723,NULL,'product.details.page.info.form.buttons-added','customer','',10,'product/details/parts/common.info.buttons.cart-buttons.twig',NULL,NULL,'',0,0),(724,NULL,'product.details.quicklook.info.form.buttons','customer','',20,'product/details/parts/common.info.buttons.cart-buttons.twig',NULL,NULL,'',0,0),(725,NULL,'product.details.quicklook.info.form.buttons-added','customer','',20,'product/details/parts/common.info.buttons.cart-buttons.twig',NULL,NULL,'',0,0),(728,NULL,'product.details.common.product-attributes.attributes','customer','',10,'product/details/parts/common.product-attributes-list.twig',NULL,NULL,'',0,0),(731,NULL,'product.details.quicklook','customer','',30,'product/details/parts/quicklook.info.twig',NULL,NULL,'',0,0),(733,NULL,'product.details.page.info','customer','',42,'product/details/parts/common.notify-on-price-drop.twig',NULL,NULL,'',0,0),(734,NULL,'product.details.quicklook.rotator','customer','',20,'product/details/parts/quicklook.rotator.twig',NULL,NULL,'',0,0),(735,NULL,'product.details.page.info','customer','',40,'product/details/parts/common.price.twig',NULL,NULL,'',0,0),(736,NULL,'product.details.quicklook.info','customer','',40,'product/details/parts/common.price.twig',NULL,NULL,'',0,0),(737,NULL,'product.details.quicklook','customer','',20,'product/details/parts/quicklook.image.twig',NULL,NULL,'',0,0),(739,NULL,'product.details.page.tab.description','customer','',100,'product/details/parts/common.product-description.twig',NULL,NULL,'',0,0),(740,NULL,'product.details.page.tab.description','customer','',100,'product/details/parts/common.product-main-attributes.twig',NULL,NULL,'',0,0),(743,NULL,'order.status','customer','',10,'order/parts/status.payment.twig',NULL,NULL,'',0,0),(744,NULL,'order.status','customer','',20,'order/parts/status.shipping.twig',NULL,NULL,'',0,0),(745,NULL,'order.links','customer','',100,'order/parts/link.print.twig',NULL,NULL,'',0,0),(746,NULL,'order.children','customer','',10,'order/parts/status.twig',NULL,NULL,'',0,0),(747,NULL,'order.children','customer','',20,'order/parts/links.twig',NULL,NULL,'',0,0),(748,NULL,'invoice.base.totals.after','customer','',20,'order/invoice/parts/totals.includedModifiers.twig',NULL,NULL,'',0,0),(749,NULL,'invoice.item','customer','',20,'order/invoice/parts/items/item.price.twig',NULL,NULL,'',0,0),(750,NULL,'invoice.item','customer','',40,'order/invoice/parts/items/item.total.twig',NULL,NULL,'',0,0),(751,NULL,'invoice.base','customer','',10,'order/invoice/parts/head.twig',NULL,NULL,'',0,0),(752,NULL,'order_status.wrapper','customer','',10,'common/order_status_wrapper.twig',NULL,NULL,'',0,0),(753,NULL,'product.plain_price','customer','',10,'common/price_parts/price.twig',NULL,NULL,'',0,0),(754,NULL,'product.plain_price_only','customer','',10,'common/price_parts/price.twig',NULL,NULL,'',0,0),(755,NULL,'surcharge.common','customer','',100,'common/surcharge_parts/surcharge.twig',NULL,NULL,'',0,0),(756,NULL,'order_status.nowrapper','customer','',10,'common/order_status_nowrapper.twig',NULL,NULL,'',0,0),(757,NULL,'recover.password','customer','',200,'recover_password/parts/form.twig',NULL,NULL,'',0,0),(758,NULL,'recover.password','customer','',100,'recover_password/parts/note.twig',NULL,NULL,'',0,0),(759,NULL,'head','customer','',200,'header/parts/meta_content_type.twig',NULL,NULL,'',0,0),(760,NULL,'head.css','customer','',200,'header/parts/parts.css/css_aggregation.twig',NULL,NULL,'',0,0),(761,NULL,'head.css','customer','',100,'header/parts/parts.css/css.twig',NULL,NULL,'',0,0),(762,NULL,'head','customer','',1300,'header/parts/script_config.twig',NULL,NULL,'',0,0),(763,NULL,'head','customer','',500,'header/parts/meta_generator.twig',NULL,NULL,'',0,0),(764,NULL,'head','customer','',550,'header/parts/meta_title.twig',NULL,NULL,'',0,0),(765,NULL,'head','customer','',3,'header/parts/alternate_lang.twig',NULL,NULL,'',0,0),(766,NULL,'head','customer','',1500,'header/parts/preloaded_labels.twig',NULL,NULL,'',0,0),(767,NULL,'head','customer','',2,'header/parts/canonical.twig',NULL,NULL,'',0,0),(768,NULL,'head','customer','',1310,'header/parts/layout_options.twig',NULL,NULL,'',0,0),(769,NULL,'head','customer','',1100,'header/parts/link_css.twig',NULL,NULL,'',0,0),(770,NULL,'head','customer','',1000,'header/parts/link_favicon.twig',NULL,NULL,'',0,0),(771,NULL,'head','customer','',1,'header/parts/base.twig',NULL,NULL,'',0,0),(772,NULL,'head','customer','',800,'header/parts/meta_compat_ie.twig',NULL,NULL,'',0,0),(773,NULL,'head','customer','',700,'header/parts/meta_upgrade_insecure.twig',NULL,NULL,'',0,0),(774,NULL,'head','customer','',100,'header/parts/title.twig',NULL,NULL,'',0,0),(775,NULL,'head','customer','',650,'header/parts/meta_viewport.twig',NULL,NULL,'',0,0),(776,NULL,'head','customer','',700,'header/parts/meta_mobile_capable.twig',NULL,NULL,'',0,0),(777,NULL,'head','customer','',600,'header/parts/meta_description.twig',NULL,NULL,'',0,0),(778,NULL,'head','customer','',700,'header/parts/meta_keywords.twig',NULL,NULL,'',0,0),(779,NULL,'head','customer','',16777215,'header/meta.twig',NULL,NULL,'',0,0),(780,NULL,'customer.signin.links','customer','',200,'authorization/parts/link.bullet.twig',NULL,NULL,'',0,0),(781,NULL,'cart.bottom.right','customer','',20,'shopping_cart/checkout_buttons.twig',NULL,NULL,'',0,0),(782,NULL,'cart.panel.totals','customer','',35,'shopping_cart/parts/total.includedModifiers.twig',NULL,NULL,'',0,0),(783,NULL,'cart.totals','customer','',10,'shopping_cart/parts/total.subtotal.twig',NULL,NULL,'',0,0),(784,NULL,'cart.panel.totals','customer','',10,'shopping_cart/parts/total.subtotal.twig',NULL,NULL,'',0,0),(785,NULL,'cart.panel.totals','customer','',50,'shopping_cart/parts/total.disabled.reason.twig',NULL,NULL,'',0,0),(786,NULL,'cart.children','customer','',10,'shopping_cart/parts/items.twig',NULL,NULL,'',0,0),(787,NULL,'checkout.cart','customer','',10,'shopping_cart/parts/items.twig',NULL,NULL,'',0,0),(788,NULL,'cart.children','customer','',30,'shopping_cart/parts/totals.twig',NULL,NULL,'',0,0),(790,NULL,'cart.item','customer','',40,'shopping_cart/parts/item.price.twig',NULL,NULL,'',0,0),(791,NULL,'cart.item.info','customer','',100,'shopping_cart/parts/item.info.out.twig',NULL,NULL,'',0,0),(792,NULL,'cart.panel','customer','',10,'shopping_cart/parts/panel.totals.twig',NULL,NULL,'',0,0),(793,NULL,'cart.item.info','customer','',10,'shopping_cart/parts/item.info.name.twig',NULL,NULL,'',0,0),(794,NULL,'cart.item','customer','',30,'shopping_cart/parts/item.info.twig',NULL,NULL,'',0,0),(795,NULL,'cart.group','customer','',10,'shopping_cart/parts/group.title.twig',NULL,NULL,'',0,0),(796,NULL,'cart.panel.totals','customer','',40,'shopping_cart/parts/total.button.twig',NULL,NULL,'',0,0),(797,NULL,'cart.children','customer','',20,'shopping_cart/parts/buttons.twig',NULL,NULL,'',0,0),(798,NULL,'cart.item','customer','',50,'shopping_cart/parts/item.qty.twig',NULL,NULL,'',0,0),(799,NULL,'cart.panel.totals','customer','',20,'shopping_cart/parts/total.modifiers.twig',NULL,NULL,'',0,0),(800,NULL,'cart.item','customer','',60,'shopping_cart/parts/item.subtotal.twig',NULL,NULL,'',0,0),(801,NULL,'cart.panel','customer','',20,'shopping_cart/parts/panel.box.twig',NULL,NULL,'',0,0),(802,NULL,'cart.totals','customer','',30,'shopping_cart/parts/cartItems.includedModifiers.twig',NULL,NULL,'',0,0),(803,NULL,'cart.item','customer','',20,'shopping_cart/parts/item.image.twig',NULL,NULL,'',0,0),(804,NULL,'shippingEstimator.main','customer','',10,'shopping_cart/shipping_estimator/parts/main.address.twig',NULL,NULL,'',0,0),(805,NULL,'shippingEstimator.address','customer','',40,'shopping_cart/shipping_estimator/parts/address.type.twig',NULL,NULL,'',0,0),(806,NULL,'shippingEstimator.address','customer','',25,'shopping_cart/shipping_estimator/parts/address.city.twig',NULL,NULL,'',0,0),(807,NULL,'shippingEstimator.address','customer','',30,'shopping_cart/shipping_estimator/parts/address.zipcode.twig',NULL,NULL,'',0,0),(808,NULL,'shippingEstimator.address','customer','',10,'shopping_cart/shipping_estimator/parts/address.country.twig',NULL,NULL,'',0,0),(809,NULL,'shippingEstimator.address','customer','',20,'shopping_cart/shipping_estimator/parts/address.state.twig',NULL,NULL,'',0,0),(810,NULL,'shippingEstimator.main','customer','',20,'shopping_cart/shipping_estimator/parts/main.methods.twig',NULL,NULL,'',0,0),(811,NULL,'404.product','customer','',100,'404/parts/product/product_text.twig',NULL,NULL,'',0,0),(812,NULL,'404.default','customer','',500,'404/parts/contact_info.twig',NULL,NULL,'',0,0),(813,NULL,'404.product','customer','',500,'404/parts/contact_info.twig',NULL,NULL,'',0,0),(814,NULL,'404.category','customer','',500,'404/parts/contact_info.twig',NULL,NULL,'',0,0),(815,NULL,'404.category','customer','',100,'404/parts/category/category_text.twig',NULL,NULL,'',0,0),(816,NULL,'404.default','customer','',100,'404/parts/default/default_text.twig',NULL,NULL,'',0,0),(817,NULL,'404.default','customer','',400,'404/parts/links.twig',NULL,NULL,'',0,0),(818,NULL,'404.product','customer','',400,'404/parts/links.twig',NULL,NULL,'',0,0),(819,NULL,'404.category','customer','',400,'404/parts/links.twig',NULL,NULL,'',0,0),(820,NULL,'checkout.success.panel','customer','',100,'checkout/success_message.twig',NULL,NULL,'',0,0),(821,NULL,'checkout.cart','customer','',20,'checkout/parts/cart.totals.twig',NULL,NULL,'',0,0),(822,NULL,'checkout.review.selected.placeOrder','customer','',200,'checkout/steps/review/parts/place_order.note.twig',NULL,NULL,'',0,0),(823,NULL,'checkout.review.selected.items','customer','',45,'checkout/steps/review/parts/items.includedModifiers.twig',NULL,NULL,'',0,0),(824,NULL,'checkout.review.selected.items','customer','',30,'checkout/steps/review/parts/items.modifiers.twig',NULL,NULL,'',0,0),(825,NULL,'checkout.review.selected','customer','',20,'checkout/steps/review/parts/place_order.twig',NULL,NULL,'',0,0),(826,NULL,'checkout.review.selected.items','customer','',40,'checkout/steps/review/parts/items.total.twig',NULL,NULL,'',0,0),(827,NULL,'checkout.review.inactive.items','customer','',40,'checkout/steps/review/parts/items.total.twig',NULL,NULL,'',0,0),(828,NULL,'checkout.review.selected.placeOrder','customer','',400,'checkout/steps/review/parts/place_order.button.twig',NULL,NULL,'',0,0),(829,NULL,'checkout.review.selected.items','customer','',20,'checkout/steps/review/parts/items.list.twig',NULL,NULL,'',0,0),(830,NULL,'checkout.review.inactive.items','customer','',20,'checkout/steps/review/parts/items.list.twig',NULL,NULL,'',0,0),(831,NULL,'checkout.review.selected.items','customer','',10,'checkout/steps/review/parts/items.subtotal.twig',NULL,NULL,'',0,0),(832,NULL,'checkout.review.inactive.items','customer','',10,'checkout/steps/review/parts/items.subtotal.twig',NULL,NULL,'',0,0),(833,NULL,'checkout.review.selected.placeOrder','customer','',500,'checkout/steps/review/parts/place_order.agree_note.twig',NULL,NULL,'',0,0),(834,NULL,'checkout.review.selected.items','customer','',35,'checkout/steps/review/parts/items.separator.twig',NULL,NULL,'',0,0),(835,NULL,'checkout.review.inactive.items','customer','',35,'checkout/steps/review/parts/items.separator.twig',NULL,NULL,'',0,0),(836,NULL,'checkout.review.selected.items','customer','',50,'checkout/steps/review/parts/items.paid.twig',NULL,NULL,'',0,0),(837,NULL,'checkout.review.inactive.items','customer','',50,'checkout/steps/review/parts/items.paid.twig',NULL,NULL,'',0,0),(838,NULL,'checkout.shipping.selected.sub.payment','customer','',100,'checkout/steps/shipping/parts/address.second.twig',NULL,NULL,'',0,0),(839,NULL,'checkout.shipping.address.email','customer','',100,'checkout/steps/shipping/parts/address.shipping.create.twig',NULL,NULL,'',0,0),(840,NULL,'checkout.payment.address.email','customer','',100,'checkout/steps/shipping/parts/address.billing.create.twig',NULL,NULL,'',0,0),(841,NULL,'checkout.shipping.selected','customer','',200,'checkout/steps/shipping/parts/subsection.payment.twig',NULL,NULL,'',0,0),(842,NULL,'checkout.shipping.selected.sub.payment','customer','',200,'checkout/steps/shipping/parts/shippingMethods.twig',NULL,NULL,'',0,0),(843,NULL,'checkout.shipping.selected.sub.shipping','customer','',100,'checkout/steps/shipping/parts/address.first.twig',NULL,NULL,'',0,0),(845,NULL,'checkout.shipping.selected','customer','',100,'checkout/steps/shipping/parts/subsection.shipping.twig',NULL,NULL,'',0,0),(846,NULL,'checkout.success.panel','customer','',300,'checkout/success/parts/panel_line.twig',NULL,NULL,'',0,0),(847,NULL,'checkout.success.panel.buttons','customer','',200,'checkout/success/parts/button.print.twig',NULL,NULL,'',0,0),(848,NULL,'checkout.success.panel','customer','',200,'checkout/success/parts/buttons.twig',NULL,NULL,'',0,0),(849,NULL,'checkout.success','customer','',100,'checkout/success/parts/panel.twig',NULL,NULL,'',0,0),(850,NULL,'checkout.success','customer','',200,'checkout/success/parts/invoice.twig',NULL,NULL,'',0,0),(851,NULL,'pager.itemsTotal','customer','',20,'pager/parts/items_total.twig',NULL,NULL,'',0,0),(852,NULL,'productBlock.info','customer','',400,'product_box/parts/add2cart.twig',NULL,NULL,'',0,0),(853,NULL,'productBlock.info','customer','',100,'product_box/parts/photo.twig',NULL,NULL,'',0,0),(854,NULL,'operate_as_user','customer','',40,'operate_as_user/parts/finish-button.twig',NULL,NULL,'',0,0),(855,NULL,'operate_as_user','customer','',10,'operate_as_user/parts/desc.twig',NULL,NULL,'',0,0),(856,NULL,'operate_as_user','customer','',30,'operate_as_user/parts/login.twig',NULL,NULL,'',0,0),(857,NULL,'operate_as_user','customer','',20,'operate_as_user/parts/name.twig',NULL,NULL,'',0,0),(858,NULL,'minicart.horizontal.buttons','customer','',20,'mini_cart/horizontal/parts/disabled_reason.twig',NULL,NULL,'',0,0),(859,NULL,'minicart.horizontal.children','customer','',5,'mini_cart/horizontal/parts/link.twig',NULL,NULL,'',0,0),(860,NULL,'minicart.horizontal.buttons','customer','',5,'mini_cart/horizontal/parts/cart.twig',NULL,NULL,'',0,0),(861,NULL,'minicart.horizontal.buttons','customer','',10,'mini_cart/horizontal/parts/checkout.twig',NULL,NULL,'',0,0),(865,NULL,'layout.header.bar.links.newby','customer','',200,'layout/header/header.bar.links.newby.register.twig',NULL,NULL,'',0,0),(866,NULL,'layout.header.bar.links.newby','customer','',100,'layout/header/header.bar.links.newby.login.twig',NULL,NULL,'',0,0),(867,NULL,'layout.header','customer','',190,'layout/header/header.bar.checkout.logos.twig',NULL,NULL,'',0,0),(869,NULL,'layout.header','customer','',100,'layout/header/header.logo.twig',NULL,NULL,'',0,0),(870,NULL,'layout.responsive.search','customer','',200,'layout/header/header.bar.mobilesearch.twig',NULL,NULL,'',0,0),(876,NULL,'layout.main.center','customer','',200,'layout/content/main.center.center.twig',NULL,NULL,'',0,0),(877,NULL,'layout.main','customer','',400,'layout/content/main.center.twig',NULL,NULL,'',0,0),(878,NULL,'layout.main.center','customer','',300,'layout/content/main.center.right.twig',NULL,NULL,'',0,0),(879,NULL,'layout.main.center','customer','',100,'layout/content/main.center.left.twig',NULL,NULL,'',0,0),(880,NULL,'layout.main.footer','customer','',1000,'layout/footer/main.footer.section.twig',NULL,NULL,'',0,0),(881,NULL,'itemsList.product.list.customer.body','customer','',40,'items_list/product/center/list/parts/body/body.twig',NULL,NULL,'',0,0),(882,NULL,'itemsList.product.list.customer.body','customer','',20,'items_list/product/center/list/parts/body/thumbnail.twig',NULL,NULL,'',0,0),(883,NULL,'itemsList.product.small_thumbnails.customer.info','customer','',20,'items_list/product/parts/small-thumbnails.details.twig',NULL,NULL,'',0,0),(891,NULL,'itemsList.product.small_thumbnails.customer.details','customer','',20,'items_list/product/parts/common.product-name.twig',NULL,NULL,'',0,0),(892,NULL,'itemsList.product.big_thumbnails.customer.info','customer','',200,'items_list/product/parts/common.product-name.twig',NULL,NULL,'',0,0),(893,NULL,'itemsList.product.text_links.customer.info','customer','',100,'items_list/product/parts/common.product-name.twig',NULL,NULL,'',0,0),(894,NULL,'productBlock.info','customer','',200,'items_list/product/parts/common.product-name.twig',NULL,NULL,'',0,0),(895,NULL,'itemsList.product.table.customer.captions','customer','',40,'items_list/product/parts/table.captions.price.twig',NULL,NULL,'',0,0),(896,NULL,'itemsList.product.table.customer.captions','customer','',20,'items_list/product/parts/table.captions.name.twig',NULL,NULL,'',0,0),(900,NULL,'itemsList.product.table.customer.columns','customer','',20,'items_list/product/parts/common.product-link.twig',NULL,NULL,'',0,0),(901,NULL,'itemsList.product.list.customer.info','customer','',1000,'items_list/product/parts/list.button-add2cart.twig',NULL,NULL,'',0,0),(902,NULL,'itemsList.product.table.customer.captions','customer','',50,'items_list/product/parts/table.captions.add2cart-button.twig',NULL,NULL,'',0,0),(903,NULL,'itemsList.product.table.customer.captions','customer','',25,'items_list/product/parts/table.captions.labels.twig',NULL,NULL,'',0,0),(904,NULL,'itemsList.product.table.customer.buttons','customer','',50,'items_list/product/parts/common.button-buy-selected.twig',NULL,NULL,'',0,0),(906,NULL,'itemsList.product.grid.customer.info','customer','',998,'items_list/product/parts/common.labels.twig',NULL,NULL,'',0,0),(908,NULL,'itemsList.product.list.customer.photo','customer','',998,'items_list/product/parts/common.labels.twig',NULL,NULL,'',0,0),(909,NULL,'itemsList.product.table.customer.columns','customer','',25,'items_list/product/parts/common.labels.twig',NULL,NULL,'',0,0),(910,NULL,'itemsList.product.big_thumbnails.customer.info','customer','',998,'items_list/product/parts/common.labels.twig',NULL,NULL,'',0,0),(911,NULL,'productBlock.info.photo','customer','',998,'items_list/product/parts/common.labels.twig',NULL,NULL,'',0,0),(912,NULL,'product.details.page.image','customer','',17,'items_list/product/parts/common.labels.twig',NULL,NULL,'',0,0),(913,NULL,'itemsList.product.table.customer.captions','customer','',30,'items_list/product/parts/table.captions.qty.twig',NULL,NULL,'',0,0),(915,NULL,'itemsList.product.small_thumbnails.customer.info.photo','customer','',10,'items_list/product/parts/common.product-thumbnail.twig',NULL,NULL,'',0,0),(916,NULL,'itemsList.product.big_thumbnails.customer.info.photo','customer','',10,'items_list/product/parts/common.product-thumbnail.twig',NULL,NULL,'',0,0),(917,NULL,'productBlock.info.photo','customer','',100,'items_list/product/parts/common.product-thumbnail.twig',NULL,NULL,'',0,0),(918,NULL,'itemsList.product.table.customer.captions','customer','',10,'items_list/product/parts/table.captions.sku.twig',NULL,NULL,'',0,0),(920,NULL,'itemsList.product.grid.customer.info.photo','customer','',999,'items_list/product/parts/common.quicklook-button.twig',NULL,NULL,'',0,0),(921,NULL,'itemsList.product.list.customer.quicklook','customer','',999,'items_list/product/parts/common.quicklook-button.twig',NULL,NULL,'',0,0),(922,NULL,'productBlock.info','customer','',999,'items_list/product/parts/common.quicklook-button.twig',NULL,NULL,'',0,0),(924,NULL,'itemsList.product.small_thumbnails.customer.info','customer','',10,'items_list/product/parts/grid.photo.twig',NULL,NULL,'',0,0),(925,NULL,'itemsList.product.big_thumbnails.customer.info','customer','',100,'items_list/product/parts/grid.photo.twig',NULL,NULL,'',0,0),(926,NULL,'itemsList.product.table.customer.columns','customer','',10,'items_list/product/parts/common.product-sku.twig',NULL,NULL,'',0,0),(927,NULL,'itemsList.product.list.customer.photo','customer','',10,'items_list/product/parts/common.product-thumbnail-aligned-top.twig',NULL,NULL,'',0,0),(928,NULL,'itemsList.product.grid.customer.info','customer','',30,'items_list/product/parts/common.product-price.twig',NULL,NULL,'',0,0),(929,NULL,'itemsList.product.small_thumbnails.customer.details','customer','',25,'items_list/product/parts/common.product-price.twig',NULL,NULL,'',0,0),(930,NULL,'itemsList.product.list.customer.info','customer','',40,'items_list/product/parts/common.product-price.twig',NULL,NULL,'',0,0),(931,NULL,'itemsList.product.table.customer.columns','customer','',40,'items_list/product/parts/common.product-price.twig',NULL,NULL,'',0,0),(932,NULL,'productBlock.info','customer','',300,'items_list/product/parts/common.product-price.twig',NULL,NULL,'',0,0),(933,NULL,'itemsList.product.table.customer.columns','customer','',50,'items_list/product/parts/common.button-add2cart.twig',NULL,NULL,'',0,0),(935,NULL,'itemsList.product.list.customer.info','customer','',30,'items_list/product/parts/common.product-description.twig',NULL,NULL,'',0,0),(936,NULL,'orders.children.shipping','customer','',100,'items_list/order/parts/shipping.name.twig',NULL,NULL,'',0,0),(937,NULL,'orders.children.spec','customer','',300,'items_list/order/parts/spec.date.twig',NULL,NULL,'',0,0),(938,NULL,'orders.children.spec','customer','',200,'items_list/order/parts/spec.number.twig',NULL,NULL,'',0,0),(939,NULL,'orders.children.spec','customer','',600,'items_list/order/parts/spec.count.twig',NULL,NULL,'',0,0),(940,NULL,'orders.children.view_all_items_link','customer','',10,'items_list/order/parts/view_all_items_link.twig',NULL,NULL,'',0,0),(941,NULL,'orders.children.spec','customer','',100,'items_list/order/parts/spec.switcher.twig',NULL,NULL,'',0,0),(942,NULL,'orders.children.spec','customer','',400,'items_list/order/parts/spec.break.twig',NULL,NULL,'',0,0),(943,NULL,'orders.children.spec','customer','',500,'items_list/order/parts/spec.total.twig',NULL,NULL,'',0,0),(944,NULL,'orders.children.actions','customer','',100,'items_list/order/parts/actions.reorder.twig',NULL,NULL,'',0,0),(945,NULL,'footer','customer','',100,'footer/parts/css_aggregation.twig',NULL,NULL,'',0,0),(946,NULL,'jscontainer.js','customer','',100,'jscontainer/parts/js.twig',NULL,NULL,'',0,0),(947,NULL,'jscontainer.js','customer','',50,'jscontainer/parts/register_resources.twig',NULL,NULL,'',0,0),(948,NULL,'jscontainer.js','customer','',200,'jscontainer/parts/js_aggregation.twig',NULL,NULL,'',0,0),(949,NULL,'invoice.subhead.companyAddress','common','',200,'order/invoice/parts/head.companyAddress.address.twig',NULL,NULL,'',0,0),(950,NULL,'invoice.subhead.companyAddress','common','',100,'order/invoice/parts/head.companyAddress.name.twig',NULL,NULL,'',0,0),(951,NULL,'invoice.head','common','',20,'order/invoice/parts/head.logo.twig',NULL,NULL,'',0,0),(952,NULL,'invoice.base.totals','common','',100,'order/invoice/parts/totals.subtotal.twig',NULL,NULL,'',0,0),(953,NULL,'invoice.base.totals.after','common','',20,'order/invoice/parts/totals.includedModifiers.twig',NULL,NULL,'',0,0),(954,NULL,'invoice.bottom.address.shipping','common','',20,'order/invoice/parts/bottom.address.shipping.twig',NULL,NULL,'',0,0),(955,NULL,'invoice.bottom.method.payment','common','',20,'order/invoice/parts/bottom.methods.payment.twig',NULL,NULL,'',0,0),(956,NULL,'invoice.subhead.companyAddress','common','',400,'order/invoice/parts/head.companyAddress.fax.twig',NULL,NULL,'',0,0),(957,NULL,'invoice.base','common','',55,'order/invoice/parts/instruction.twig',NULL,NULL,'',0,0),(958,NULL,'invoice.items.head','common','',40,'order/invoice/parts/items/items.head.total.twig',NULL,NULL,'',0,0),(959,NULL,'invoice.items.head','common','',20,'order/invoice/parts/items/items.head.price.twig',NULL,NULL,'',0,0),(960,NULL,'invoice.items.head','common','',30,'order/invoice/parts/items/items.head.qty.twig',NULL,NULL,'',0,0),(961,NULL,'invoice.item','common','',10,'order/invoice/parts/items/item.name.twig',NULL,NULL,'',0,0),(962,NULL,'invoice.base','common','',50,'order/invoice/parts/items/items.twig',NULL,NULL,'',0,0),(963,NULL,'invoice.items.head','common','',10,'order/invoice/parts/items/items.head.item.twig',NULL,NULL,'',0,0),(964,NULL,'invoice.item','common','',20,'order/invoice/parts/items/item.price.twig',NULL,NULL,'',0,0),(965,NULL,'invoice.item','common','',40,'order/invoice/parts/items/item.total.twig',NULL,NULL,'',0,0),(966,NULL,'invoice.item','common','',30,'order/invoice/parts/items/item.qty.twig',NULL,NULL,'',0,0),(967,NULL,'invoice.item.name','common','',10,'order/invoice/parts/items/item.sku.twig',NULL,NULL,'',0,0),(968,NULL,'invoice.subhead.companyAddress','common','',300,'order/invoice/parts/head.companyAddress.phone.twig',NULL,NULL,'',0,0),(969,NULL,'invoice.bottom.address.billing','common','',10,'order/invoice/parts/bottom.address.billing.twig',NULL,NULL,'',0,0),(970,NULL,'invoice.bottom.method.shipping','common','',20,'order/invoice/parts/bottom.methods.shipping.twig',NULL,NULL,'',0,0),(971,NULL,'invoice.base','common','',60,'order/invoice/parts/totals.twig',NULL,NULL,'',0,0),(972,NULL,'invoice.subhead','common','',10,'order/invoice/parts/bottom.twig',NULL,NULL,'',0,0),(973,NULL,'invoice.subhead.companyAddress','common','',500,'order/invoice/parts/head.companyAddress.website.twig',NULL,NULL,'',0,0),(974,NULL,'invoice.head','common','',10,'order/invoice/parts/title.twig',NULL,NULL,'',0,0),(975,NULL,'invoice.base','common','',40,'order/invoice/parts/note.twig',NULL,NULL,'',0,0),(976,NULL,'invoice.base.totals','common','',200,'order/invoice/parts/totals.modifiers.twig',NULL,NULL,'',0,0),(977,NULL,'invoice.subhead','common','',20,'order/invoice/parts/head.address.twig',NULL,NULL,'',0,0),(978,NULL,'invoice.base','common','',10,'order/invoice/parts/head.twig',NULL,NULL,'',0,0),(979,NULL,'invoice.base','common','',20,'order/invoice/parts/subhead.twig',NULL,NULL,'',0,0),(980,NULL,'invoice.bottom.lines','common','',10,'order/invoice/parts/bottom.methods.twig',NULL,NULL,'',0,0),(981,NULL,'invoice.base.totals.after','common','',10,'order/invoice/parts/totals.total.twig',NULL,NULL,'',0,0),(982,NULL,'product.plain_price','common','',10,'common/price_parts/price.twig',NULL,NULL,'',0,0),(983,NULL,'product.plain_price_only','common','',10,'common/price_parts/price.twig',NULL,NULL,'',0,0),(984,NULL,'file-uploader.menu','common','',100,'file_uploader/parts/menu.delete.twig',NULL,NULL,'',0,0),(985,NULL,'file-uploader.menu','common','',30,'file_uploader/parts/menu.upload.twig',NULL,NULL,'',0,0),(986,NULL,'file-uploader.menu','common','',50,'file_uploader/parts/menu.alt.twig',NULL,NULL,'',0,0),(987,NULL,'file-uploader.menu','common','',20,'file_uploader/parts/menu.view.twig',NULL,NULL,'',0,0),(988,NULL,'file-uploader.menu','common','',10,'file_uploader/parts/menu.message.twig',NULL,NULL,'',0,0),(989,NULL,'invoice.bottom.address.billing','mail','',30,'modules/CDev/XPaymentsConnector/invoice.twig',NULL,NULL,'',0,0),(990,NULL,'invoice.base.totals.modifier.name','mail','',16777215,'modules/CDev/Coupons/coupons_minilist.twig',NULL,NULL,'',0,0),(991,NULL,'invoice.item.name','mail','',10,'modules/CDev/PINCodes/invoice_item_pin_codes.twig',NULL,NULL,'',0,0),(992,NULL,'invoice.item.name','mail','',100,'modules/XC/CustomerAttachments/order/invoice/parts/items/item.attachments.twig',NULL,NULL,'',0,0),(993,NULL,'product_mail_box','mail','',200,'product/mailbox/parts/name.twig',NULL,NULL,'',0,0),(994,NULL,'product_mail_box','mail','',400,'product/mailbox/parts/left_in_stock.twig',NULL,NULL,'',0,0),(995,NULL,'product_mail_box','mail','',300,'product/mailbox/parts/price.twig',NULL,NULL,'',0,0),(996,NULL,'product_mail_box','mail','',100,'product/mailbox/parts/image.twig',NULL,NULL,'',0,0),(997,NULL,'invoice.bottom.lines','mail','',20,'order/invoice/parts/bottom.statuses.twig',NULL,NULL,'',0,0),(998,NULL,'invoice.head','mail','',10,'order/invoice/parts/title.twig',NULL,NULL,'',0,0),(1000,NULL,'tracking.info','mail','',10,'order_tracking_information/parts/tracking_info.twig',NULL,NULL,'',0,0),(1001,NULL,'invoice.base','mail','',60,'modules/CDev/XPaymentsConnector/kount.twig',NULL,NULL,'',0,0),(1002,NULL,'invoice.base','mail','',60,'modules/CDev/XPaymentsConnector/fraud_check.twig',NULL,NULL,'',0,0),(1003,NULL,'invoice.base.totals.after','pdf','',20,'order/invoice/parts/totals.includedModifiers.twig',NULL,NULL,'',0,0),(1004,NULL,'invoice.item','pdf','',20,'order/invoice/parts/items/item.price.twig',NULL,NULL,'',0,0),(1005,NULL,'invoice.item','pdf','',40,'order/invoice/parts/items/item.total.twig',NULL,NULL,'',0,0),(1006,NULL,'payment.methods.list.header','admin','',9999,'modules/Amazon/PayWithAmazon/method_style.twig',NULL,NULL,'',0,0),(1007,NULL,'admin.account.saved_cards.before','admin','',100,'modules/CDev/XPaymentsConnector/account/saved_cards.header.twig',NULL,NULL,'',0,0),(1008,NULL,'admin.account.add_new_card.address','admin','',100,'modules/CDev/XPaymentsConnector/account/add_new_card.address.twig',NULL,NULL,'',0,0),(1009,NULL,'admin.account.add_new_card.form','admin','',100,'modules/CDev/XPaymentsConnector/account/add_new_card.form.twig',NULL,NULL,'',0,0),(1010,NULL,'admin.account.saved_cards.table','admin','',100,'modules/CDev/XPaymentsConnector/account/saved_cards.table.twig',NULL,NULL,'',0,0),(1011,NULL,'order','admin','',1100,'modules/CDev/XPaymentsConnector/order/fraud_status/check.twig',NULL,NULL,'',0,0),(1012,NULL,'order','admin','',1000,'modules/CDev/XPaymentsConnector/order/fraud_status/kount.twig',NULL,NULL,'',0,0),(1013,NULL,'order.actions.paymentActionsRow','admin','',19000,'modules/CDev/XPaymentsConnector/order/order/payment_actions/recharge.twig',NULL,NULL,'',0,0),(1014,NULL,'order.operations','admin','',290,'modules/CDev/XPaymentsConnector/order/transactions/body.twig',NULL,NULL,'',0,0),(1015,NULL,'itemsList.product.admin.featured.header','admin','',30,'modules/CDev/FeaturedProducts/items_list/product/featured/parts/header/name.twig',NULL,NULL,'',0,0),(1016,NULL,'itemsList.product.admin.featured.header','admin','',40,'modules/CDev/FeaturedProducts/items_list/product/featured/parts/header/category.twig',NULL,NULL,'',0,0),(1017,NULL,'itemsList.product.admin.featured.header','admin','',20,'modules/CDev/FeaturedProducts/items_list/product/featured/parts/header/sku.twig',NULL,NULL,'',0,0),(1018,NULL,'itemsList.product.admin.featured.header','admin','',10,'modules/CDev/FeaturedProducts/items_list/product/featured/parts/header/checkbox.twig',NULL,NULL,'',0,0),(1019,NULL,'itemsList.product.admin.featured.columns','admin','',30,'modules/CDev/FeaturedProducts/items_list/product/featured/parts/columns/name.twig',NULL,NULL,'',0,0),(1020,NULL,'itemsList.product.admin.featured.columns','admin','',40,'modules/CDev/FeaturedProducts/items_list/product/featured/parts/columns/category.twig',NULL,NULL,'',0,0),(1021,NULL,'itemsList.product.admin.featured.columns','admin','',20,'modules/CDev/FeaturedProducts/items_list/product/featured/parts/columns/sku.twig',NULL,NULL,'',0,0),(1022,NULL,'itemsList.product.admin.featured.columns','admin','',10,'modules/CDev/FeaturedProducts/items_list/product/featured/parts/columns/checkbox.twig',NULL,NULL,'',0,0),(1023,NULL,'itemsList.category.cell.featured_products','admin','',100,'modules/CDev/FeaturedProducts/items_list/category/parts/info.featured_products.twig',NULL,NULL,'',0,0),(1024,NULL,'browseServer.item','admin','',200,'modules/CDev/Egoods/encrypt_mark.twig',NULL,NULL,'',0,0),(1025,NULL,'product.modify.list','admin','',832,'modules/CDev/ProductAdvisor/product/parts/coming_soon.twig',NULL,NULL,'',0,0),(1026,NULL,'product.modify.list','admin','',832,'modules/CDev/ProductAdvisor/product/parts/new_arrival.twig',NULL,NULL,'',0,0),(1027,NULL,'itemsList.shipping-methods.header','admin','',20,'modules/CDev/USPS/refresh.twig',NULL,NULL,'',0,0),(1028,NULL,'invoice.base.totals.modifier.name','admin','',16777215,'modules/CDev/Coupons/coupons_minilist.twig',NULL,NULL,'',0,0),(1029,NULL,'coupons.itemsList.header','admin','',100,'modules/CDev/Coupons/coupons/list/add.twig',NULL,NULL,'',0,0),(1030,NULL,'itemsList.coupons.cell.code','admin','',16777215,'modules/CDev/Coupons/coupons/list/code.twig',NULL,NULL,'',0,0),(1031,NULL,'order.actions.paymentActionsRow','admin','',100,'modules/CDev/Paypal/order/refund_in_progress.twig',NULL,NULL,'',0,0),(1032,NULL,'welcome-block.paypal.content','admin','',10,'modules/CDev/Paypal/welcome_block/paypal/block.content.twig',NULL,NULL,'',0,0),(1033,NULL,'welcome-block.paypal','admin','',100,'modules/CDev/Paypal/welcome_block/paypal/block.twig',NULL,NULL,'',0,0),(1034,NULL,'welcome-block.paypal.content','admin','',20,'modules/CDev/Paypal/welcome_block/paypal/block.footer.twig',NULL,NULL,'',0,0),(1035,NULL,'payment.methods.list.row.after.ExpressCheckout','admin','',100,'modules/CDev/Paypal/items_list/payment/methods/parts/action.right.after.expressCheckout.twig',NULL,NULL,'',0,0),(1036,NULL,'payment.methods.list.row.after.PayflowLink','admin','',100,'modules/CDev/Paypal/items_list/payment/methods/parts/action.right.after.twig',NULL,NULL,'',0,0),(1037,NULL,'payment.methods.list.row.after.PaypalAdvanced','admin','',100,'modules/CDev/Paypal/items_list/payment/methods/parts/action.right.after.twig',NULL,NULL,'',0,0),(1038,NULL,'payment.methods.list.row.after.PaypalWPS','admin','',100,'modules/CDev/Paypal/items_list/payment/methods/parts/action.right.after.twig',NULL,NULL,'',0,0),(1039,NULL,'payment_status.after.ExpressCheckout','admin','',100,'modules/CDev/Paypal/settings/ExpressCheckout/payment_status.twig',NULL,NULL,'',0,0),(1040,NULL,'itemsList.cdev.simplecms.menu.header','admin','',10,'modules/CDev/SimpleCMS/menus/default_option.twig',NULL,NULL,'',0,0),(1041,NULL,'product.pinCodes','admin','',10,'modules/CDev/PINCodes/product/script_init.twig',NULL,NULL,'',0,0),(1042,NULL,'product.pinCodes','admin','',400,'modules/CDev/PINCodes/product/actions.twig',NULL,NULL,'',0,0),(1043,NULL,'product.pinCodes','admin','',200,'modules/CDev/PINCodes/product/auto_generate.twig',NULL,NULL,'',0,0),(1044,NULL,'product.pinCodes','admin','',100,'modules/CDev/PINCodes/product/enabled_checkbox.twig',NULL,NULL,'',0,0),(1045,NULL,'product.pinCodes','admin','',300,'modules/CDev/PINCodes/product/pins_status.twig',NULL,NULL,'',0,0),(1046,NULL,'product.inventory.parts','admin','',10,'modules/CDev/PINCodes/inv_track_selector.twig',NULL,NULL,'',0,0),(1047,NULL,'backstock_status_change_notification.after','admin','',500,'modules/CDev/PINCodes/popup/backstock_status_change_notification/pin_codes_notice.twig',NULL,NULL,'',0,0),(1048,NULL,'product.inventory.parts','admin','',20,'modules/CDev/PINCodes/inv_track_amount.twig',NULL,NULL,'',0,0),(1049,NULL,'itemsList.orderitem.cell.name','admin','',100,'modules/CDev/PINCodes/items_list/model/table/order_item/cell.backordered_codes.twig',NULL,NULL,'',0,0),(1050,NULL,'itemsList.products.search.cell.name','admin','',10,'modules/CDev/Sale/product/sale_label.twig',NULL,NULL,'',0,0),(1051,NULL,'itemsList.product_selector.cell.name','admin','',10,'modules/CDev/Sale/product/sale_label.twig',NULL,NULL,'',0,0),(1052,NULL,'sale_discount_types','admin','',10,'modules/CDev/Sale/sale_discount_types/parts/price.twig',NULL,NULL,'',0,0),(1053,NULL,'sale_discount_types','admin','',20,'modules/CDev/Sale/sale_discount_types/parts/percent.twig',NULL,NULL,'',0,0),(1054,NULL,'sale_discount_types','admin','',40,'modules/CDev/Sale/sale_discount_types/parts/hidden_percent.twig',NULL,NULL,'',0,0),(1055,NULL,'sale_discount_types','admin','',30,'modules/CDev/Sale/sale_discount_types/parts/hidden_price.twig',NULL,NULL,'',0,0),(1056,NULL,'product.modify.list','admin','',550,'modules/CDev/MarketPrice/price.twig',NULL,NULL,'',0,0),(1057,NULL,'order.payment','admin','',120,'modules/QSL/BraintreeVZ/order/credit_card.twig',NULL,NULL,'',0,0),(1058,NULL,'payment_status.after.PayPal_powered_by_Braintree','admin','',20,'modules/QSL/BraintreeVZ/config/status.twig',NULL,NULL,'',0,0),(1059,NULL,'payment.methods.list.header','admin','',400,'modules/XC/SagePay/sagepay_description.twig',NULL,NULL,'',0,0),(1060,NULL,'payment_status.after.SagePay_form_protocol','admin','',100,'modules/XC/SagePay/payment_status.twig',NULL,NULL,'',0,0),(1061,NULL,'order.shipping.address','admin','',250,'modules/XC/CanadaPost/order/page/parts/shipping.d2po.twig',NULL,NULL,'',0,0),(1062,NULL,'capost_return.form','admin','',400,'modules/XC/CanadaPost/products_return/parts/form.notes.twig',NULL,NULL,'',0,0),(1063,NULL,'capost_return.form.actions.left','admin','',100,'modules/XC/CanadaPost/products_return/parts/form.action.left.status.twig',NULL,NULL,'',0,0),(1064,NULL,'capost_return.form.actions.right','admin','',100,'modules/XC/CanadaPost/products_return/parts/form.action.right.note.twig',NULL,NULL,'',0,0),(1065,NULL,'capost_return','admin','',200,'modules/XC/CanadaPost/products_return/parts/form.twig',NULL,NULL,'',0,0),(1066,NULL,'capost_return.form','admin','',200,'modules/XC/CanadaPost/products_return/parts/form.products.twig',NULL,NULL,'',0,0),(1067,NULL,'capost_return.form','admin','',300,'modules/XC/CanadaPost/products_return/parts/form.files.twig',NULL,NULL,'',0,0),(1068,NULL,'capost_return.form','admin','',100,'modules/XC/CanadaPost/products_return/parts/form.actions.twig',NULL,NULL,'',0,0),(1069,NULL,'capost_return','admin','',100,'modules/XC/CanadaPost/products_return/parts/created.twig',NULL,NULL,'',0,0),(1070,NULL,'searchPanel.xc.canadapost.productsreturn.admin.main.actions','admin','',16777215,'modules/XC/CanadaPost/search_panel/return/clear_search.twig',NULL,NULL,'',0,0),(1071,NULL,'images_settings','admin','',100,'modules/XC/ThemeTweaker/images_settings/parts/custom_images.twig',NULL,NULL,'',0,0),(1072,NULL,'crud.review.footer','admin','',100,'modules/XC/Reviews/review/promo.twig',NULL,NULL,'',0,0),(1073,NULL,'crud.modulesettings.formHeader','admin','',50,'modules/XC/Reviews/review/promo_settings.twig',NULL,NULL,'',0,0),(1074,NULL,'itemsList.xc.reviews.review.header','admin','',16777215,'modules/XC/Reviews/reviews/buttons/addReview.twig',NULL,NULL,'',0,0),(1075,NULL,'itemsList.xc.reviews.productreview.header','admin','',16777215,'modules/XC/Reviews/reviews/buttons/addReview.twig',NULL,NULL,'',0,0),(1076,NULL,'form_model.xc.bulkediting.product.after','admin','',100,'modules/XC/BulkEditing/bulk_edit/selected.twig',NULL,NULL,'',0,0),(1077,NULL,'itemsList.xc.bulkediting.category.header','admin','',100,'modules/XC/BulkEditing/items_list/selected/count.twig',NULL,NULL,'',0,0),(1078,NULL,'itemsList.xc.bulkediting.inventory.header','admin','',100,'modules/XC/BulkEditing/items_list/selected/count.twig',NULL,NULL,'',0,0),(1079,NULL,'itemsList.xc.bulkediting.priceandmembership.header','admin','',100,'modules/XC/BulkEditing/items_list/selected/count.twig',NULL,NULL,'',0,0),(1080,NULL,'itemsList.xc.bulkediting.shippinginfo.header','admin','',100,'modules/XC/BulkEditing/items_list/selected/count.twig',NULL,NULL,'',0,0),(1081,NULL,'onboarding-wizard.header','admin','',100,'modules/XC/Onboarding/wizard/header.twig',NULL,NULL,'',0,0),(1082,NULL,'onboarding-wizard.header','admin','',50,'modules/XC/Onboarding/wizard/close_button.twig',NULL,NULL,'',0,0),(1083,NULL,'import.begin.options','admin','',400,'import/parts/option.delimiter.twig',NULL,NULL,'',0,0),(1084,NULL,'import.completed.content','admin','',100,'import/parts/completed.messages.twig',NULL,NULL,'',0,0),(1085,NULL,'import.begin.content','admin','',100,'import/parts/begin.files.twig',NULL,NULL,'',0,0),(1086,NULL,'import.begin.options','admin','',200,'import/parts/option.delete_temporary_files.twig',NULL,NULL,'',0,0),(1087,NULL,'import.begin.options','admin','',50,'import/parts/option.ignore_images_verification.twig',NULL,NULL,'',0,0),(1088,NULL,'import.begin.content.files','admin','',100,'import/parts/begin.files.orders_note.twig',NULL,NULL,'',0,0),(1089,NULL,'import.begin.options','admin','',100,'import/parts/option.update_only.twig',NULL,NULL,'',0,0),(1090,NULL,'import.begin.options','admin','',300,'import/parts/option.charset.twig',NULL,NULL,'',0,0),(1091,NULL,'import.failed.content','admin','',100,'import/parts/failed.errors.twig',NULL,NULL,'',0,0),(1092,NULL,'import.failed.content.errors','admin','',100,'import/parts/common.errors.twig',NULL,NULL,'',0,0),(1093,NULL,'import.completed.content.errors','admin','',100,'import/parts/common.errors.twig',NULL,NULL,'',0,0),(1094,NULL,'import.begin.content','admin','',200,'import/parts/begin.options.twig',NULL,NULL,'',0,0),(1095,NULL,'dashboard-center','admin','',200,'dashboard/parts/center/panel.twig',NULL,NULL,'',0,0),(1096,NULL,'dashboard','admin','',100,'dashboard/parts/body_markup.twig',NULL,NULL,'',0,0),(1097,NULL,'itemsList.state.header.before','admin','',10,'states/header.twig',NULL,NULL,'',0,0),(1098,NULL,'admin.main.page.header.left','admin','',100,'main_center/page_container_parts/header_parts/logo.twig',NULL,NULL,'',0,0),(1099,NULL,'admin.main.page.header','admin','',100,'main_center/page_container_parts/header_parts/menu_control.twig',NULL,NULL,'',0,0),(1100,NULL,'crud.notificationattachments.formHeader','admin','',100,'notifications/parts/warning.twig',NULL,NULL,'',0,0),(1101,NULL,'itemsList.notification.cell.name','admin','',100,'notifications/cell.name.twig',NULL,NULL,'',0,0),(1102,NULL,'itemsList.notification.header','admin','',100,'notifications/list.twig',NULL,NULL,'',0,0),(1103,NULL,'itemsList.notification.cell.enabledForAdmin','admin','',100,'notifications/cell.enabledForAdmin.twig',NULL,NULL,'',0,0),(1104,NULL,'product.inventory.parts','admin','',40,'product/inventory/low_limit_amount.twig',NULL,NULL,'',0,0),(1105,NULL,'product.inventory.parts','admin','',30,'product/inventory/low_limit_selector.twig',NULL,NULL,'',0,0),(1108,NULL,'product.inventory.parts','admin','',100,'product/inventory/buttons.twig',NULL,NULL,'',0,0),(1109,NULL,'product.attributes.actions','admin','',10,'product/attributes/parts/action.remove.twig',NULL,NULL,'',0,0),(1110,NULL,'order.operations','admin','',100,'order/page/parts/line1.twig',NULL,NULL,'',0,0),(1111,NULL,'order.payment.address','admin','',200,'order/page/parts/payment.address.twig',NULL,NULL,'',0,0),(1112,NULL,'order.base.totals','admin','',100,'order/page/parts/totals.subtotal.twig',NULL,NULL,'',0,0),(1113,NULL,'order.shipping.method','admin','',100,'order/page/parts/shipping.method.twig',NULL,NULL,'',0,0),(1114,NULL,'order.shipping.address','admin','',200,'order/page/parts/shipping.address.twig',NULL,NULL,'',0,0),(1115,NULL,'order','admin','',100,'order/page/parts/title.row.twig',NULL,NULL,'',0,0),(1116,NULL,'order.actions.statuses','admin','',1000,'order/page/parts/action.row.twig',NULL,NULL,'',0,0),(1117,NULL,'order','admin','',400,'order/page/parts/operations.twig',NULL,NULL,'',0,0),(1118,NULL,'order.operations','admin','',300,'order/page/parts/line3.twig',NULL,NULL,'',0,0),(1119,NULL,'order.items.head','admin','',40,'order/page/parts/items/items.head.total.twig',NULL,NULL,'',0,0),(1120,NULL,'order.items.head','admin','',20,'order/page/parts/items/items.head.price.twig',NULL,NULL,'',0,0),(1121,NULL,'order.items.head','admin','',30,'order/page/parts/items/items.head.qty.twig',NULL,NULL,'',0,0),(1122,NULL,'order.items.head','admin','',10,'order/page/parts/items/items.head.name.twig',NULL,NULL,'',0,0),(1123,NULL,'order.item','admin','',10,'order/page/parts/items/item.name.twig',NULL,NULL,'',0,0),(1124,NULL,'order.items.wrapper','admin','',10,'order/page/parts/items/items.twig',NULL,NULL,'',0,0),(1125,NULL,'order.item','admin','',20,'order/page/parts/items/item.price.twig',NULL,NULL,'',0,0),(1126,NULL,'order.item','admin','',40,'order/page/parts/items/item.total.twig',NULL,NULL,'',0,0),(1127,NULL,'order.item','admin','',30,'order/page/parts/items/item.qty.twig',NULL,NULL,'',0,0),(1128,NULL,'order.item.name','admin','',10,'order/page/parts/items/item.sku.twig',NULL,NULL,'',0,0),(1129,NULL,'order.items.bottom','admin','',100,'order/page/parts/totals.twig',NULL,NULL,'',0,0),(1130,NULL,'order.title.row','admin','',200,'order/page/parts/title.box.twig',NULL,NULL,'',0,0),(1131,NULL,'order.actions.statuses','admin','',200,'order/page/parts/action.payment_status.twig',NULL,NULL,'',0,0),(1132,NULL,'order.operations','admin','',30,'order/page/parts/placed.twig',NULL,NULL,'',0,0),(1133,NULL,'order.actions','admin','',1000,'order/page/parts/action.statuses.twig',NULL,NULL,'',0,0),(1134,NULL,'order.operations','admin','',50,'order/page/parts/staff_note.twig',NULL,NULL,'',0,0),(1135,NULL,'order.base.totals','admin','',200,'order/page/parts/totals.modifiers.twig',NULL,NULL,'',0,0),(1136,NULL,'order.items.bottom','admin','',200,'order/page/parts/customerNotes.twig',NULL,NULL,'',0,0),(1137,NULL,'order.note','admin','',100,'order/page/parts/note.note.twig',NULL,NULL,'',0,0),(1138,NULL,'order.title.box','admin','',200,'order/page/parts/title.box.history.twig',NULL,NULL,'',0,0),(1139,NULL,'order.actions.statuses','admin','',100,'order/page/parts/action.shipping_status.twig',NULL,NULL,'',0,0),(1140,NULL,'order.payment.method','admin','',100,'order/page/parts/payment.method.twig',NULL,NULL,'',0,0),(1141,NULL,'order.actions.paymentActionsRow','admin','',100,'order/page/parts/action.transactions.twig',NULL,NULL,'',0,0),(1142,NULL,'order.items.wrapper','admin','',100,'order/page/parts/items_bottom_box.twig',NULL,NULL,'',0,0),(1143,NULL,'order.actions.paymentActionsRow','admin','',200,'order/page/parts/action.payment_actions.twig',NULL,NULL,'',0,0),(1144,NULL,'order.base.totals','admin','',300,'order/page/parts/totals.total.twig',NULL,NULL,'',0,0),(1145,NULL,'order.history.base.events.details','admin','',150,'order/history/parts/event_details_author.twig',NULL,NULL,'',0,0),(1146,NULL,'order.history.base.events','admin','',20,'order/history/parts/event.twig',NULL,NULL,'',0,0),(1147,NULL,'order.history.base.events.details.info','admin','',30,'order/history/parts/event_details_data.twig',NULL,NULL,'',0,0),(1148,NULL,'order.history.base.events.details','admin','',20,'order/history/parts/event_details_action.twig',NULL,NULL,'',0,0),(1149,NULL,'order.history.base.events','admin','',10,'order/history/parts/event_block_header.twig',NULL,NULL,'',0,0),(1150,NULL,'order.history.base.events.details','admin','',10,'order/history/parts/event_date.twig',NULL,NULL,'',0,0),(1151,NULL,'order.history.base.events.details.info','admin','',10,'order/history/parts/event_details.twig',NULL,NULL,'',0,0),(1152,NULL,'order.history.base.events.details.info','admin','',20,'order/history/parts/event_details_comment.twig',NULL,NULL,'',0,0),(1153,NULL,'order.history.base.events.details','admin','',30,'order/history/parts/event_description.twig',NULL,NULL,'',0,0),(1154,NULL,'order.history.base','admin','',10,'order/history/parts/block.twig',NULL,NULL,'',0,0),(1155,NULL,'packing_slip.base','admin','',30,'order/packing_slip/parts/body/items.twig',NULL,NULL,'',0,0),(1156,NULL,'packing_slip.items.head','admin','',30,'order/packing_slip/parts/body/items/items.head.qty.twig',NULL,NULL,'',0,0),(1157,NULL,'packing_slip.items.head','admin','',20,'order/packing_slip/parts/body/items/items.head.name.twig',NULL,NULL,'',0,0),(1158,NULL,'packing_slip.item','admin','',20,'order/packing_slip/parts/body/items/item.name.twig',NULL,NULL,'',0,0),(1159,NULL,'packing_slip.item','admin','',10,'order/packing_slip/parts/body/items/item.name.sku.twig',NULL,NULL,'',0,0),(1160,NULL,'packing_slip.items.head','admin','',40,'order/packing_slip/parts/body/items/items.head.qty_ship.twig',NULL,NULL,'',0,0),(1161,NULL,'packing_slip.item','admin','',40,'order/packing_slip/parts/body/items/item.qty_ship.twig',NULL,NULL,'',0,0),(1162,NULL,'packing_slip.item','admin','',30,'order/packing_slip/parts/body/items/item.qty.twig',NULL,NULL,'',0,0),(1163,NULL,'packing_slip.items.head','admin','',10,'order/packing_slip/parts/body/items/items.head.sku.twig',NULL,NULL,'',0,0),(1164,NULL,'packing_slip.items','admin','',10,'order/packing_slip/parts/body/totals.twig',NULL,NULL,'',0,0),(1165,NULL,'packing_slip.base','admin','',25,'order/packing_slip/parts/body/body.note.twig',NULL,NULL,'',0,0),(1166,NULL,'packing_slip.head','admin','',20,'order/packing_slip/parts/head/head.logo.twig',NULL,NULL,'',0,0),(1167,NULL,'packing_slip.head','admin','',10,'order/packing_slip/parts/head/head.title.twig',NULL,NULL,'',0,0),(1168,NULL,'packing_slip.base','admin','',10,'order/packing_slip/parts/head/head.twig',NULL,NULL,'',0,0),(1169,NULL,'packing_slip.addresses','admin','',10,'order/packing_slip/parts/addresses/addresses.purchaser.twig',NULL,NULL,'',0,0),(1170,NULL,'packing_slip.addresses.billing','admin','',10,'order/packing_slip/parts/addresses/purchaser.address.billing.twig',NULL,NULL,'',0,0),(1171,NULL,'packing_slip.addresses','admin','',20,'order/packing_slip/parts/addresses/addresses.merchant.twig',NULL,NULL,'',0,0),(1172,NULL,'packing_slip.addresses.shipping','admin','',10,'order/packing_slip/parts/addresses/purchaser.address.shipping.twig',NULL,NULL,'',0,0),(1173,NULL,'packing_slip.base','admin','',20,'order/packing_slip/parts/addresses/addresses.twig',NULL,NULL,'',0,0),(1174,NULL,'packing_slip.footer','admin','',20,'order/packing_slip/parts/footer/footer.additional.twig',NULL,NULL,'',0,0),(1175,NULL,'packing_slip.base','admin','',60,'order/packing_slip/parts/footer/footer.twig',NULL,NULL,'',0,0),(1176,NULL,'product.plain_price','admin','',10,'common/price_parts/price.twig',NULL,NULL,'',0,0),(1177,NULL,'product.plain_price_only','admin','',10,'common/price_parts/price.twig',NULL,NULL,'',0,0),(1178,NULL,'tabs.after.items','admin','',100,'profiles/parts/actions.twig',NULL,NULL,'',0,0),(1179,NULL,'profiles.search.dateTypes','admin','',100,'profiles/parts/search_form/date_type.registered.twig',NULL,NULL,'',0,0),(1180,NULL,'profiles.search.dateTypes','admin','',200,'profiles/parts/search_form/date_type.logged.twig',NULL,NULL,'',0,0),(1181,NULL,'itemsList.attributegroup.header.before','admin','',10,'attribute_groups/note.twig',NULL,NULL,'',0,0),(1182,NULL,'admin.main.page.header','admin','',16777215,'top_links/version_notes/parts/key_notice.twig',NULL,NULL,'',0,0),(1183,NULL,'admin.main.page.header','admin','',20,'top_links/version_notes/parts/base.twig',NULL,NULL,'',0,0),(1184,NULL,'itemsList.removedata.header','admin','',100,'page/remove_data/parts/remove.twig',NULL,NULL,'',0,0),(1185,NULL,'images_settings','admin','',40,'images_settings/parts/layout_settings.cloud_zoom.twig',NULL,NULL,'',0,0),(1186,NULL,'images_settings','admin','',60,'images_settings/parts/default_settings.twig',NULL,NULL,'',0,0),(1187,NULL,'images_settings','admin','',55,'images_settings/parts/lazy_load.twig',NULL,NULL,'',0,0),(1188,NULL,'images_settings','admin','',35,'images_settings/parts/unsharp_mask.twig',NULL,NULL,'',0,0),(1189,NULL,'images_settings','admin','',50,'images_settings/parts/layout_settings.cloud_zoom_mode.twig',NULL,NULL,'',0,0),(1190,NULL,'images_settings','admin','',20,'images_settings/parts/resize_images.twig',NULL,NULL,'',0,0),(1191,NULL,'images_settings','admin','',30,'images_settings/parts/resize_quality.twig',NULL,NULL,'',0,0),(1192,NULL,'file_select_dialog.file_selections','admin','',100,'file_selector/parts/local_computer_label.twig',NULL,NULL,'',0,0),(1193,NULL,'file_select_dialog.actions','admin','',100,'file_selector/parts/file_select_actions.twig',NULL,NULL,'',0,0),(1194,NULL,'file_select_dialog.file_selections','admin','',400,'file_selector/parts/local_server_input.twig',NULL,NULL,'',0,0),(1195,NULL,'file_select_dialog.file_selections','admin','',500,'file_selector/parts/url_label.twig',NULL,NULL,'',0,0),(1196,NULL,'file_select_dialog.file_selections_url','admin','',500,'file_selector/parts/url_label.twig',NULL,NULL,'',0,0),(1197,NULL,'file_select_dialog.file_selections','admin','',200,'file_selector/parts/local_computer_input.twig',NULL,NULL,'',0,0),(1198,NULL,'file_select_dialog.file_selections','admin','',700,'file_selector/parts/url_copy_to_local.twig',NULL,NULL,'',0,0),(1199,NULL,'file_select_dialog.file_selections_url','admin','',700,'file_selector/parts/url_copy_to_local.twig',NULL,NULL,'',0,0),(1200,NULL,'file_select_dialog.file_selections','admin','',300,'file_selector/parts/local_server_label.twig',NULL,NULL,'',0,0),(1201,NULL,'file_select_dialog.file_selections','admin','',600,'file_selector/parts/url_input.twig',NULL,NULL,'',0,0),(1202,NULL,'file_select_dialog.file_selections_url','admin','',600,'file_selector/parts/url_input.twig',NULL,NULL,'',0,0),(1203,NULL,'crud.currency.currency.formHeader','admin','',50,'promotions/simple_blocks/multicurrency.twig',NULL,NULL,'',0,0),(1204,NULL,'crud.notificationattachments.formHeader','admin','',50,'promotions/simple_blocks/pdf_invoice.twig',NULL,NULL,'',0,0),(1205,NULL,'crud.bannerrotation.formHeader','admin','',50,'promotions/simple_blocks/banner_system.twig',NULL,NULL,'',0,0),(1206,NULL,'crud.modulesettings.formHeader','admin','',50,'promotions/simple_blocks/modules_settings.twig',NULL,NULL,'',0,0),(1207,NULL,'form_model.product.inventory.before','admin','',5,'promotions/simple_blocks/wholesale.twig',NULL,NULL,'',0,0),(1208,NULL,'head.css','admin','',200,'header/parts/parts.css/css_aggregation.twig',NULL,NULL,'',0,0),(1209,NULL,'head.css','admin','',100,'header/parts/parts.css/css.twig',NULL,NULL,'',0,0),(1210,NULL,'head','admin','',20,'header/parts/content-type.twig',NULL,NULL,'',0,0),(1211,NULL,'head','admin','',1500,'header/parts/preloaded_labels.twig',NULL,NULL,'',0,0),(1212,NULL,'head','admin','',40,'header/parts/noindex.twig',NULL,NULL,'',0,0),(1213,NULL,'head','admin','',10,'header/parts/title.twig',NULL,NULL,'',0,0),(1214,NULL,'head','admin','',70,'header/parts/nofollow.twig',NULL,NULL,'',0,0),(1215,NULL,'head','admin','',40,'header/parts/ie.twig',NULL,NULL,'',0,0),(1216,NULL,'head','admin','',700,'header/parts/meta_mobile-capable.twig',NULL,NULL,'',0,0),(1217,NULL,'head','admin','',100,'header/parts/js_static.twig',NULL,NULL,'',0,0),(1218,NULL,'head','admin','',90,'header/parts/css.twig',NULL,NULL,'',0,0),(1219,NULL,'head','admin','',80,'header/parts/favicon.twig',NULL,NULL,'',0,0),(1220,NULL,'backstock_status_change_notification.after','admin','',1000,'popup/backstock_status_change_notification/buttons.twig',NULL,NULL,'',0,0),(1221,NULL,'top_sellers.selectors','admin','',20,'top_sellers/parts/period_selector.twig',NULL,NULL,'',0,0),(1222,NULL,'top_sellers.selectors','admin','',10,'top_sellers/parts/availability_selector.twig',NULL,NULL,'',0,0),(1223,NULL,'searchPanel.order.admin.main.actions','admin','',16777215,'search_panel/order/clear_search.twig',NULL,NULL,'',0,0),(1224,NULL,'itemsList.productclass.header.before','admin','',10,'product_classes/header_note.twig',NULL,NULL,'',0,0),(1225,NULL,'address.text.main','admin','',100,'address/text/parts/field.twig',NULL,NULL,'',0,0),(1226,NULL,'address.order.main','admin','',200,'address/order/parts/billing.twig',NULL,NULL,'',0,0),(1227,NULL,'address.order.main','admin','',400,'address/order/parts/buttons.twig',NULL,NULL,'',0,0),(1228,NULL,'address.order.main','admin','',100,'address/order/parts/info.twig',NULL,NULL,'',0,0),(1229,NULL,'address.order.main','admin','',300,'address/order/parts/shipping.twig',NULL,NULL,'',0,0),(1230,NULL,'browseServer.item','admin','',100,'browse_server/parts/item.name.twig',NULL,NULL,'',0,0),(1231,NULL,'browseServer','admin','',100,'browse_server/parts/items.twig',NULL,NULL,'',0,0),(1232,NULL,'browseServer','admin','',200,'browse_server/parts/buttons.twig',NULL,NULL,'',0,0),(1233,NULL,'pager.itemsTotal','admin','',20,'pager/parts/items_total.twig',NULL,NULL,'',0,0),(1234,NULL,'pager.admin.model.table.left','admin','',400,'pager/model/table/parts/items_per_page.twig',NULL,NULL,'',0,0),(1235,NULL,'pager.admin.model.table.left','admin','',300,'pager/model/table/parts/more.twig',NULL,NULL,'',0,0),(1236,NULL,'pager.admin.model.table.left','admin','',100,'pager/model/table/parts/page.twig',NULL,NULL,'',0,0),(1237,NULL,'itemsList.onlinemethods.header','admin','',10,'payment/add_method/parts/payment_gateways.note.twig',NULL,NULL,'',0,0),(1238,NULL,'payment.method.add.offline','admin','',16777215,'payment/add_method/parts/add_offline_method.twig',NULL,NULL,'',0,0),(1239,NULL,'itemsList.profile.search.footer','admin','',10,'profile/delete_user.twig',NULL,NULL,'',0,0),(1240,NULL,'itemsList.profile.search.footer','admin','',20,'profile/add_user.twig',NULL,NULL,'',0,0),(1241,NULL,'crud.settings.field','admin','',100,'email_settings/queues_note.twig',NULL,NULL,'',0,0),(1242,NULL,'admin.main.page.content.center','admin','',10,'center.twig',NULL,NULL,'',0,0),(1243,NULL,'crud.bannerrotation.formFooter','admin','',200,'banner_rotation/parts/images.twig',NULL,NULL,'',0,0),(1244,NULL,'welcome-block.root.content','admin','',10,'welcome_block/root_admin/block.items.twig',NULL,NULL,'',0,0),(1245,NULL,'welcome-block.root.title','admin','',10,'welcome_block/root_admin/title.twig',NULL,NULL,'',0,0),(1246,NULL,'welcome-block.root','admin','',100,'welcome_block/root_admin/block.twig',NULL,NULL,'',0,0),(1247,NULL,'welcome-block.root.content','admin','',20,'welcome_block/root_admin/block.footer.twig',NULL,NULL,'',0,0),(1248,NULL,'welcome-block.non-root.content','admin','',10,'welcome_block/admin/block.items.twig',NULL,NULL,'',0,0),(1249,NULL,'welcome-block.non-root.title','admin','',10,'welcome_block/admin/title.twig',NULL,NULL,'',0,0),(1250,NULL,'welcome-block.non-root','admin','',100,'welcome_block/admin/block.twig',NULL,NULL,'',0,0),(1251,NULL,'welcome-block.non-root.content','admin','',20,'welcome_block/admin/block.footer.twig',NULL,NULL,'',0,0),(1252,NULL,'languages.add-language','admin','',300,'languages/languages/parts/import_language.twig',NULL,NULL,'',0,0),(1253,NULL,'itemsList.product.table.admin.search.header','admin','',30,'items_list/product/table/parts/header/name.twig',NULL,NULL,'',0,0),(1254,NULL,'itemsList.product.table.admin.search.header','admin','',60,'items_list/product/table/parts/header/price.twig',NULL,NULL,'',0,0),(1255,NULL,'itemsList.product.table.admin.search.header','admin','',20,'items_list/product/table/parts/header/sku.twig',NULL,NULL,'',0,0),(1256,NULL,'itemsList.product.table.admin.search.header','admin','',70,'items_list/product/table/parts/header/inventory.twig',NULL,NULL,'',0,0),(1257,NULL,'itemsList.product.table.admin.search.header','admin','',50,'items_list/product/table/parts/header/position.twig',NULL,NULL,'',0,0),(1258,NULL,'itemsList.product.table.admin.search.header','admin','',10,'items_list/product/table/parts/header/checkbox.twig',NULL,NULL,'',0,0),(1259,NULL,'itemsList.product.table.admin.search.columns','admin','',30,'items_list/product/table/parts/columns/name.twig',NULL,NULL,'',0,0),(1260,NULL,'itemsList.product.table.admin.search.columns','admin','',60,'items_list/product/table/parts/columns/price.twig',NULL,NULL,'',0,0),(1261,NULL,'itemsList.product.table.admin.search.columns','admin','',20,'items_list/product/table/parts/columns/sku.twig',NULL,NULL,'',0,0),(1262,NULL,'itemsList.product.table.admin.search.columns','admin','',70,'items_list/product/table/parts/columns/inventory.twig',NULL,NULL,'',0,0),(1263,NULL,'itemsList.product.table.admin.search.columns','admin','',50,'items_list/product/table/parts/columns/position.twig',NULL,NULL,'',0,0),(1264,NULL,'itemsList.product.table.admin.search.columns','admin','',10,'items_list/product/table/parts/columns/checkbox.twig',NULL,NULL,'',0,0),(1265,NULL,'itemsList.product.modify.common.admin.header','admin','',30,'items_list/product/modify/common/parts/header/name.twig',NULL,NULL,'',0,0),(1266,NULL,'itemsList.product.modify.common.admin.header','admin','',60,'items_list/product/modify/common/parts/header/price.twig',NULL,NULL,'',0,0),(1267,NULL,'itemsList.product.modify.common.admin.header','admin','',20,'items_list/product/modify/common/parts/header/sku.twig',NULL,NULL,'',0,0),(1268,NULL,'itemsList.product.modify.common.admin.header','admin','',70,'items_list/product/modify/common/parts/header/inventory.twig',NULL,NULL,'',0,0),(1269,NULL,'itemsList.product.modify.common.admin.header','admin','',10,'items_list/product/modify/common/parts/header/checkbox.twig',NULL,NULL,'',0,0),(1270,NULL,'itemsList.product.modify.common.admin.columns','admin','',30,'items_list/product/modify/common/parts/columns/name.twig',NULL,NULL,'',0,0),(1271,NULL,'itemsList.product.modify.common.admin.columns','admin','',60,'items_list/product/modify/common/parts/columns/price.twig',NULL,NULL,'',0,0),(1272,NULL,'itemsList.product.modify.common.admin.columns','admin','',20,'items_list/product/modify/common/parts/columns/sku.twig',NULL,NULL,'',0,0),(1273,NULL,'itemsList.product.modify.common.admin.columns','admin','',70,'items_list/product/modify/common/parts/columns/inventory.twig',NULL,NULL,'',0,0),(1274,NULL,'itemsList.product.modify.common.admin.columns','admin','',10,'items_list/product/modify/common/parts/columns/checkbox.twig',NULL,NULL,'',0,0),(1275,NULL,'itemsList.product.modify.brief.admin.header','admin','',30,'items_list/product/modify/brief/parts/header/name.twig',NULL,NULL,'',0,0),(1276,NULL,'itemsList.product.modify.brief.admin.header','admin','',60,'items_list/product/modify/brief/parts/header/price.twig',NULL,NULL,'',0,0),(1277,NULL,'itemsList.product.modify.brief.admin.header','admin','',20,'items_list/product/modify/brief/parts/header/sku.twig',NULL,NULL,'',0,0),(1278,NULL,'itemsList.product.modify.brief.admin.header','admin','',70,'items_list/product/modify/brief/parts/header/inventory.twig',NULL,NULL,'',0,0),(1279,NULL,'itemsList.product.modify.brief.admin.columns','admin','',30,'items_list/product/modify/brief/parts/columns/name.twig',NULL,NULL,'',0,0),(1280,NULL,'itemsList.product.modify.brief.admin.columns','admin','',60,'items_list/product/modify/brief/parts/columns/price.twig',NULL,NULL,'',0,0),(1281,NULL,'itemsList.product.modify.brief.admin.columns','admin','',20,'items_list/product/modify/brief/parts/columns/sku.twig',NULL,NULL,'',0,0),(1282,NULL,'itemsList.product.modify.brief.admin.columns','admin','',70,'items_list/product/modify/brief/parts/columns/inventory.twig',NULL,NULL,'',0,0),(1283,NULL,'itemsList.orders.search.cell.status','admin','',16777215,'items_list/model/table/order/cell.payment_actions.twig',NULL,NULL,'',0,0),(1284,NULL,'itemsList.orders.search.cell.status','admin','',16777215,'items_list/model/table/order/cell.actions.twig',NULL,NULL,'',0,0),(1285,NULL,'itemsList.country.cell.states','admin','',100,'items_list/model/table/countries/parts/cell.states.twig',NULL,NULL,'',0,0),(1286,NULL,'itemsList.category.cell.info','admin','',100,'items_list/model/table/category/parts/info.products.twig',NULL,NULL,'',0,0),(1287,NULL,'itemsList.category.cell.subcategories','admin','',100,'items_list/model/table/category/parts/info.subcategories.twig',NULL,NULL,'',0,0),(1288,NULL,'itemsList.orderitem.cell.price','admin','',100,'items_list/model/table/order_item/restore.twig',NULL,NULL,'',0,0),(1289,NULL,'itemsList.orderitem.dumpCell.price','admin','',100,'items_list/model/table/order_item/restore.twig',NULL,NULL,'',0,0),(1290,NULL,'itemsList.shipping-methods.cell.rates','admin','',100,'items_list/model/table/shipping/methods/cell.rates.twig',NULL,NULL,'',0,0),(1291,NULL,'payment.methods.list.header','admin','',200,'items_list/payment/methods/parts/header.title.twig',NULL,NULL,'',0,0),(1292,NULL,'payment.offline-methods.list.line','admin','',100,'items_list/payment/methods/parts/header.title.twig',NULL,NULL,'',0,0),(1293,NULL,'payment.methods.list.line','admin','',200,'items_list/payment/methods/parts/line.row.twig',NULL,NULL,'',0,0),(1294,NULL,'payment.methods.list.header','admin','',400,'items_list/payment/methods/parts/header.description.twig',NULL,NULL,'',0,0),(1295,NULL,'payment.methods.list.row','admin','',300,'items_list/payment/methods/parts/action.right.twig',NULL,NULL,'',0,0),(1296,NULL,'payment.methods.list.header','admin','',100,'items_list/payment/methods/parts/header.icon.twig',NULL,NULL,'',0,0),(1297,NULL,'payment.methods.list.line','admin','',100,'items_list/payment/methods/parts/line.header.twig',NULL,NULL,'',0,0),(1298,NULL,'payment.methods.list.header','admin','',300,'items_list/payment/methods/parts/header.switcher.twig',NULL,NULL,'',0,0),(1299,NULL,'payment.methods.list.header','admin','',500,'items_list/payment/methods/parts/header.alt_icon.twig',NULL,NULL,'',0,0),(1300,NULL,'payment.offline-methods.list.line','admin','',200,'items_list/payment/methods/parts/offline.actions.right.twig',NULL,NULL,'',0,0),(1301,NULL,'layout_settings','admin','',20,'layout_settings/parts/layout_settings.change_template.twig',NULL,NULL,'',0,0),(1302,NULL,'layout_settings','admin','',10,'layout_settings/parts/layout_settings.settings.twig',NULL,NULL,'',0,0),(1303,NULL,'layout_settings.settings','admin','',20,'layout_settings/settings/parts/settings.current_template.twig',NULL,NULL,'',0,0),(1304,NULL,'layout_settings.settings','admin','',30,'layout_settings/settings/parts/settings.layout_type.twig',NULL,NULL,'',0,0),(1305,NULL,'admin.main.page.footer.left','admin','',100,'footer/right/marketplace_terms.twig',NULL,NULL,'',0,0),(1306,NULL,'admin.main.page.footer.right','admin','',300,'footer/right/social_link.twig',NULL,NULL,'',0,0),(1307,NULL,'admin.main.page.footer.right','admin','',100,'footer/right/site.twig',NULL,NULL,'',0,0),(1308,NULL,'jscontainer.js','admin','',100,'jscontainer/parts/js.twig',NULL,NULL,'',0,0),(1309,NULL,'jscontainer.js','admin','',50,'jscontainer/parts/register_resources.twig',NULL,NULL,'',0,0),(1310,NULL,'jscontainer.js','admin','',200,'jscontainer/parts/js_aggregation.twig',NULL,NULL,'',0,0),(1311,NULL,'export.begin.options','admin','',400,'export/parts/option.delimiter.twig',NULL,NULL,'',0,0),(1312,NULL,'export.failed.buttons','admin','',100,'export/parts/failed.buttons.export.twig',NULL,NULL,'',0,0),(1313,NULL,'export.completed.content','admin','',100,'export/parts/completed.download.twig',NULL,NULL,'',0,0),(1314,NULL,'export.popup.completed.content','admin','',100,'export/parts/completed.download.twig',NULL,NULL,'',0,0),(1315,NULL,'export.popup.completed.content','admin','',100,'export/parts/popup.completed.message.twig',NULL,NULL,'',0,0),(1316,NULL,'export.begin.content','admin','',100,'export/parts/begin.sections.twig',NULL,NULL,'',0,0),(1317,NULL,'export.completed.content','admin','',200,'export/parts/completed.downloadLarge.twig',NULL,NULL,'',0,0),(1318,NULL,'export.begin.buttons','admin','',100,'export/parts/begin.buttons.export.twig',NULL,NULL,'',0,0),(1319,NULL,'export.begin.options','admin','',300,'export/parts/option.charset.twig',NULL,NULL,'',0,0),(1320,NULL,'export.begin.options','admin','',100,'export/parts/option.files.twig',NULL,NULL,'',0,0),(1321,NULL,'export.failed.content','admin','',100,'export/parts/failed.errors.twig',NULL,NULL,'',0,0),(1322,NULL,'export.begin.content','admin','',200,'export/parts/begin.options.twig',NULL,NULL,'',0,0),(1323,NULL,'export.completed.buttons','admin','',100,'export/parts/completed.buttons.export.twig',NULL,NULL,'',0,0),(1324,NULL,'export.begin.options','admin','',200,'export/parts/option.attrs.twig',NULL,NULL,'',0,0),(1325,NULL,'zones.zone.details','admin','',400,'zones/details/parts/field.zipcode.twig',NULL,NULL,'',0,0),(1326,NULL,'zones.zone','admin','',200,'zones/details/parts/details.twig',NULL,NULL,'',0,0),(1327,NULL,'zones.zone.details','admin','',100,'zones/details/parts/field.country.twig',NULL,NULL,'',0,0),(1328,NULL,'zones.zone.details','admin','',300,'zones/details/parts/field.city.twig',NULL,NULL,'',0,0),(1329,NULL,'zones.zone','admin','',300,'zones/details/parts/actions.twig',NULL,NULL,'',0,0),(1330,NULL,'zones.zone','admin','',100,'zones/details/parts/field.name.twig',NULL,NULL,'',0,0),(1331,NULL,'zones.zone.details','admin','',200,'zones/details/parts/field.state.twig',NULL,NULL,'',0,0),(1332,NULL,'zones.zone.details','admin','',500,'zones/details/parts/field.address.twig',NULL,NULL,'',0,0),(1333,NULL,'crud.settings.field','admin','',100,'settings/contacts/anchor.twig',NULL,NULL,'',0,0),(1334,NULL,'admin.center','admin','',16777215,'settings/module.twig',NULL,NULL,'',0,0),(1335,NULL,'crud.shipping.offline.formFooter','admin','',16777215,'shipping/add_method/parts/rates.twig',NULL,NULL,'',0,0),(1336,NULL,'edit_shipping','admin','',16777215,'shipping/add_method/parts/offline_create.twig',NULL,NULL,'',0,0),(1337,NULL,'itemsList.shipping-methods.header','admin','',10,'shipping/methods.status.twig',NULL,NULL,'',0,0),(1338,NULL,'minicart.horizontal.item.name','customer','XLite\\View\\MinicartAttributeValues',10,'',NULL,NULL,'',0,0),(1339,NULL,'product.details.page.image','customer','XLite\\View\\Product\\Details\\Customer\\PhotoBox',5,'',NULL,NULL,'',0,0),(1340,NULL,'product.details.page','customer','XLite\\View\\Product\\Details\\Customer\\Gallery',15,'',NULL,NULL,'',0,0),(1341,NULL,'product.details.quicklook','customer','XLite\\View\\Product\\Details\\Customer\\Gallery',15,'',NULL,NULL,'',0,0),(1342,NULL,'layout.main','customer','XLite\\View\\BannerRotation\\BannerRotation',350,'',NULL,NULL,'',0,0),(1343,NULL,'checkout.review.selected','customer','XLite\\Module\\CDev\\Coupons\\View\\CartCoupons',200,'',NULL,NULL,'',0,0),(1344,NULL,'product.details.page','customer','XLite\\Module\\XC\\NextPreviousProduct\\View\\Product\\Details\\Customer\\NextPreviousProduct',17,'',NULL,NULL,'',0,0),(1345,NULL,'layout.main.footer.before','customer','XLite\\Module\\XC\\NewsletterSubscriptions\\View\\SubscribeBlock',10,'',NULL,NULL,'',0,0),(1346,NULL,'product.details.quicklook.info.form.buttons.cart-buttons','customer','XLite\\Module\\XC\\ProductComparison\\View\\AddToCompare\\Product',120,'',NULL,NULL,'',0,0),(1347,NULL,'product.details.quicklook.info.form.buttons-added.cart-buttons','customer','XLite\\Module\\XC\\ProductComparison\\View\\AddToCompare\\Product',129,'',NULL,NULL,'',0,0),(1348,NULL,'layout.header.right','customer','XLite\\Module\\XC\\ProductComparison\\View\\AddToCompare\\ProductCompareIndicator',50,'',NULL,NULL,'',0,0),(1349,NULL,'layout.header.right.mobile','customer','XLite\\Module\\XC\\ProductComparison\\View\\AddToCompare\\ProductCompareIndicator',50,'',NULL,NULL,'',0,0),(1350,NULL,'slidebar.additional-menu.links','customer','XLite\\Module\\XC\\ProductComparison\\View\\AddToCompare\\ProductCompareLink',20,'',NULL,NULL,'',0,0),(1351,NULL,'itemsList.product.grid.customer.buttons','customer','XLite\\Module\\XC\\ProductComparison\\View\\AddToCompare\\Products',200,'',NULL,NULL,'',0,0),(1352,NULL,'itemsList.product.list.customer.info','customer','XLite\\Module\\XC\\ProductComparison\\View\\AddToCompare\\Products',1200,'',NULL,NULL,'',0,0),(1353,NULL,'itemsList.product.table.customer.columns','customer','XLite\\Module\\XC\\ProductComparison\\View\\AddToCompare\\Products',47,'',NULL,NULL,'',0,0),(1354,NULL,'customer.signin.popup.fields','customer','',500,'authorization/parts/field.links.twig',NULL,NULL,'',0,0),(1355,NULL,'center.top','customer','',1000,'layout/content/main.location.twig',NULL,NULL,'',0,0),(1356,NULL,'product.details.page.info','customer','',5,'layout/content/product.location.twig',NULL,NULL,'',0,0),(1357,NULL,'layout.header','customer','',300,'layout/header/top_menu.twig',NULL,NULL,'',0,0),(1358,NULL,'layout.header','customer','',350,'layout/header/header.right.twig',NULL,NULL,'',0,0),(1359,NULL,'layout.header.bar','customer','',50,'layout/header/header.bar.search.twig',NULL,NULL,'',0,0),(1360,NULL,'layout.header.right.mobile','customer','',1100,'layout/header/header.bar.checkout.logos.twig',NULL,NULL,'',0,0),(1361,NULL,'layout.header.mobile.menu','customer','',2000,'layout/header/mobile_header_parts/slidebar_menu.twig',NULL,NULL,'',0,0),(1362,NULL,'itemsList.product.small_thumbnails.customer.info.photo','customer','',30,'items_list/product/parts/common.labels.twig',NULL,NULL,'',0,0),(1363,NULL,'product.details.quicklook.image','customer','',17,'items_list/product/parts/common.labels.twig',NULL,NULL,'',0,0),(1364,NULL,'cart.item','customer','',100,'shopping_cart/parts/item.remove.twig',NULL,NULL,'',0,0),(1365,NULL,'cart.item.info','customer','',15,'shopping_cart/parts/item.info.weight.twig',NULL,NULL,'',0,0),(1366,NULL,'itemsList.product.grid.customer.info','customer','',50,'product/details/stock/label.twig',NULL,NULL,'',0,0),(1367,NULL,'itemsList.product.list.customer.info','customer','',50,'product/details/stock/label.twig',NULL,NULL,'',0,0),(1368,NULL,'itemsList.product.grid.customer.header','customer','',10,'items_list/product/parts/common.sort-options.twig',NULL,NULL,'',0,0),(1369,NULL,'itemsList.product.list.customer.header','customer','',10,'items_list/product/parts/common.sort-options.twig',NULL,NULL,'',0,0),(1370,NULL,'itemsList.product.table.customer.header','customer','',10,'items_list/product/parts/common.sort-options.twig',NULL,NULL,'',0,0),(1371,NULL,'itemsList.product.grid.customer.header','customer','',20,'items_list/product/parts/common.display-modes.twig',NULL,NULL,'',0,0),(1372,NULL,'itemsList.product.list.customer.header','customer','',20,'items_list/product/parts/common.display-modes.twig',NULL,NULL,'',0,0),(1373,NULL,'itemsList.product.table.customer.header','customer','',20,'items_list/product/parts/common.display-modes.twig',NULL,NULL,'',0,0),(1374,NULL,'itemsList.product.grid.customer.mainBlock','customer','',200,'items_list/product/parts/common.product-name.twig',NULL,NULL,'',0,0),(1375,NULL,'itemsList.product.list.customer.info','customer','',20,'items_list/product/center/list/parts/common.product-name.twig',NULL,NULL,'',0,0),(1376,NULL,'itemsList.product.grid.customer.mainBlock','customer','',100,'items_list/product/parts/grid.photo.twig',NULL,NULL,'',0,0),(1377,NULL,'itemsList.product.grid.customer.mainBlock.photo','customer','',10,'items_list/product/parts/common.product-thumbnail.twig',NULL,NULL,'',0,0),(1378,NULL,'itemsList.product.grid.customer.marks','customer','',100,'items_list/product/parts/common.added-mark.twig',NULL,NULL,'',0,0),(1379,NULL,'itemsList.product.list.customer.marks','customer','',100,'items_list/product/parts/common.added-mark.twig',NULL,NULL,'',0,0),(1380,NULL,'itemsList.product.table.customer.marks','customer','',100,'items_list/product/parts/common.added-mark.twig',NULL,NULL,'',0,0),(1381,NULL,'product.details.page.image.photo','customer','',100,'product/details/parts/common.loupe.twig',NULL,NULL,'',0,0),(1382,NULL,'product.details.page.info','customer','',19,'product/details/parts/common.briefDescription.twig',NULL,NULL,'',0,0),(1383,NULL,'product.details.page.info','customer','',35,'product/details/parts/common.product-editable-attributes.twig',NULL,NULL,'',0,0),(1384,NULL,'product.details.quicklook.info','customer','',30,'product/details/parts/common.product-editable-attributes.twig',NULL,NULL,'',0,0),(1385,NULL,'product.details.quicklook.image','customer','',30,'product/details/parts/common.more-info-link.twig',NULL,NULL,'',0,0),(1386,NULL,'itemsList.product.grid.customer.buttons','customer','',100,'items_list/product/parts/grid.button-add2cart-wrapper.twig',NULL,NULL,'',0,0),(1387,NULL,'checkout.payment.address.before','customer','',10,'checkout/steps/shipping/parts/address.billing.same.twig',NULL,NULL,'',0,0),(1388,NULL,'product.details.page.image','customer','',20,'modules/CDev/GoSocial/product/details/parts/common.share.twig',NULL,NULL,'',0,0),(1389,NULL,'product.details.page.info','customer','',16,'modules/CDev/ProductAdvisor/product/details/parts/common.coming_soon.twig',NULL,NULL,'',0,0),(1390,NULL,'product.details.quicklook.info','customer','',16,'modules/CDev/ProductAdvisor/product/details/parts/common.coming_soon.twig',NULL,NULL,'',0,0),(1391,NULL,'itemsList.product.grid.customer.info','customer','',27,'modules/CDev/ProductAdvisor/expected.twig',NULL,NULL,'',0,0),(1392,NULL,'itemsList.product.list.customer.info','customer','',33,'modules/CDev/ProductAdvisor/expected.twig',NULL,NULL,'',0,0),(1393,NULL,'itemsList.product.grid.customer.info','customer','',26,'modules/XC/Reviews/product.items_list.rating.twig',NULL,NULL,'',0,0),(1394,NULL,'itemsList.product.list.customer.info','customer','',35,'modules/XC/Reviews/product.items_list.rating.twig',NULL,NULL,'',0,0),(1395,NULL,'product.details.quicklook.image','customer','',20,'modules/XC/Reviews/product_details.rating.twig',NULL,NULL,'',0,0),(1396,NULL,'product.details.page.info','customer','',18,'modules/XC/Reviews/product_details.rating.twig',NULL,NULL,'',0,0),(1397,NULL,'reviews.page.rating','customer','',100,'modules/XC/Reviews/reviews_page/parts/average_rating.form.twig',NULL,NULL,'',0,0),(1398,NULL,'signin-anonymous-title','customer','',300,'modules/Amazon/PayWithAmazon/login/signin/signin.checkout.twig',NULL,NULL,'',0,0),(1399,NULL,'signin-anonymous-title','customer','',300,'modules/CDev/Paypal/login/signin/signin.checkout.paypal.twig',NULL,NULL,'',0,0),(1400,NULL,'itemsList.product.grid.customer.info','customer','',1100,'items_list/product/parts/grid.buttons-container.twig',NULL,NULL,'',0,0),(1401,NULL,'checkout_fastlane.header.top','customer','XLite\\View\\AllInOneSolutions',100,'',NULL,NULL,'',0,0),(1402,NULL,'checkout_fastlane.header.top','customer','',100,'layout/header/header.bar.checkout.logos.twig',NULL,NULL,'',0,0);
/*!40000 ALTER TABLE `xlite_view_lists` ENABLE KEYS */;
UNLOCK TABLES;

--
-- Table structure for table `xlite_volume_discounts`
--

DROP TABLE IF EXISTS `xlite_volume_discounts`;
/*!40101 SET @saved_cs_client     = @@character_set_client */;
/*!40101 SET character_set_client = utf8 */;
CREATE TABLE `xlite_volume_discounts` (
  `id` int(10) unsigned NOT NULL AUTO_INCREMENT,
  `membership_id` int(10) unsigned DEFAULT NULL,
  `value` decimal(14,4) NOT NULL,
  `type` char(1) COLLATE utf8_unicode_ci NOT NULL,
  `subtotalRangeBegin` decimal(14,4) NOT NULL,
  `subtotalRangeEnd` decimal(14,4) NOT NULL,
  PRIMARY KEY (`id`),
  KEY `IDX_3959CFC81FB354CD` (`membership_id`),
  KEY `range` (`subtotalRangeBegin`,`subtotalRangeEnd`),
  CONSTRAINT `FK_3959CFC81FB354CD` FOREIGN KEY (`membership_id`) REFERENCES `xlite_memberships` (`membership_id`) ON DELETE CASCADE
) ENGINE=InnoDB DEFAULT CHARSET=utf8 COLLATE=utf8_unicode_ci;
/*!40101 SET character_set_client = @saved_cs_client */;

--
-- Dumping data for table `xlite_volume_discounts`
--

LOCK TABLES `xlite_volume_discounts` WRITE;
/*!40000 ALTER TABLE `xlite_volume_discounts` DISABLE KEYS */;
/*!40000 ALTER TABLE `xlite_volume_discounts` ENABLE KEYS */;
UNLOCK TABLES;

--
-- Table structure for table `xlite_xpc_payment_data_cells`
--

DROP TABLE IF EXISTS `xlite_xpc_payment_data_cells`;
/*!40101 SET @saved_cs_client     = @@character_set_client */;
/*!40101 SET character_set_client = utf8 */;
CREATE TABLE `xlite_xpc_payment_data_cells` (
  `data_id` int(11) NOT NULL AUTO_INCREMENT,
  `transaction_id` int(11) DEFAULT NULL,
  `name` varchar(128) COLLATE utf8_unicode_ci NOT NULL,
  `value` longtext COLLATE utf8_unicode_ci NOT NULL,
  PRIMARY KEY (`data_id`),
  KEY `IDX_CD89A76F2FC0CB0F` (`transaction_id`),
  KEY `tn` (`transaction_id`,`name`),
  CONSTRAINT `FK_CD89A76F2FC0CB0F` FOREIGN KEY (`transaction_id`) REFERENCES `xlite_payment_transactions` (`transaction_id`) ON DELETE CASCADE
) ENGINE=InnoDB DEFAULT CHARSET=utf8 COLLATE=utf8_unicode_ci;
/*!40101 SET character_set_client = @saved_cs_client */;

--
-- Dumping data for table `xlite_xpc_payment_data_cells`
--

LOCK TABLES `xlite_xpc_payment_data_cells` WRITE;
/*!40000 ALTER TABLE `xlite_xpc_payment_data_cells` DISABLE KEYS */;
/*!40000 ALTER TABLE `xlite_xpc_payment_data_cells` ENABLE KEYS */;
UNLOCK TABLES;

--
-- Table structure for table `xlite_xpc_payment_fraud_check_data`
--

DROP TABLE IF EXISTS `xlite_xpc_payment_fraud_check_data`;
/*!40101 SET @saved_cs_client     = @@character_set_client */;
/*!40101 SET character_set_client = utf8 */;
CREATE TABLE `xlite_xpc_payment_fraud_check_data` (
  `id` int(10) unsigned NOT NULL AUTO_INCREMENT,
  `transaction_id` int(11) DEFAULT NULL,
  `code` varchar(255) COLLATE utf8_unicode_ci NOT NULL,
  `service` varchar(255) COLLATE utf8_unicode_ci NOT NULL,
  `module` varchar(255) COLLATE utf8_unicode_ci NOT NULL,
  `result` int(11) NOT NULL,
  `status` varchar(255) COLLATE utf8_unicode_ci NOT NULL,
  `score` int(11) NOT NULL,
  `message` varchar(255) COLLATE utf8_unicode_ci NOT NULL,
  `serviceTransactionId` varchar(255) COLLATE utf8_unicode_ci NOT NULL,
  `url` varchar(255) COLLATE utf8_unicode_ci NOT NULL,
  `errors` varchar(255) COLLATE utf8_unicode_ci NOT NULL,
  `warnings` varchar(255) COLLATE utf8_unicode_ci NOT NULL,
  `rules` varchar(255) COLLATE utf8_unicode_ci NOT NULL,
  `data` varchar(255) COLLATE utf8_unicode_ci NOT NULL,
  PRIMARY KEY (`id`),
  KEY `IDX_FC3E8B932FC0CB0F` (`transaction_id`),
  CONSTRAINT `FK_FC3E8B932FC0CB0F` FOREIGN KEY (`transaction_id`) REFERENCES `xlite_payment_transactions` (`transaction_id`)
) ENGINE=InnoDB DEFAULT CHARSET=utf8 COLLATE=utf8_unicode_ci;
/*!40101 SET character_set_client = @saved_cs_client */;

--
-- Dumping data for table `xlite_xpc_payment_fraud_check_data`
--

LOCK TABLES `xlite_xpc_payment_fraud_check_data` WRITE;
/*!40000 ALTER TABLE `xlite_xpc_payment_fraud_check_data` DISABLE KEYS */;
/*!40000 ALTER TABLE `xlite_xpc_payment_fraud_check_data` ENABLE KEYS */;
UNLOCK TABLES;

--
-- Table structure for table `xlite_xpc_payment_transaction_data`
--

DROP TABLE IF EXISTS `xlite_xpc_payment_transaction_data`;
/*!40101 SET @saved_cs_client     = @@character_set_client */;
/*!40101 SET character_set_client = utf8 */;
CREATE TABLE `xlite_xpc_payment_transaction_data` (
  `id` int(10) unsigned NOT NULL AUTO_INCREMENT,
  `address_id` int(11) DEFAULT NULL,
  `transaction_id` int(11) DEFAULT NULL,
  `card_number` varchar(255) COLLATE utf8_unicode_ci NOT NULL,
  `card_type` varchar(255) COLLATE utf8_unicode_ci NOT NULL,
  `card_expire` varchar(255) COLLATE utf8_unicode_ci NOT NULL,
  `use_for_recharges` char(1) COLLATE utf8_unicode_ci NOT NULL,
  PRIMARY KEY (`id`),
  UNIQUE KEY `UNIQ_46DDB2932FC0CB0F` (`transaction_id`),
  KEY `IDX_46DDB293F5B7AF75` (`address_id`),
  CONSTRAINT `FK_46DDB2932FC0CB0F` FOREIGN KEY (`transaction_id`) REFERENCES `xlite_payment_transactions` (`transaction_id`) ON DELETE CASCADE,
  CONSTRAINT `FK_46DDB293F5B7AF75` FOREIGN KEY (`address_id`) REFERENCES `xlite_profile_addresses` (`address_id`) ON DELETE SET NULL
) ENGINE=InnoDB DEFAULT CHARSET=utf8 COLLATE=utf8_unicode_ci;
/*!40101 SET character_set_client = @saved_cs_client */;

--
-- Dumping data for table `xlite_xpc_payment_transaction_data`
--

LOCK TABLES `xlite_xpc_payment_transaction_data` WRITE;
/*!40000 ALTER TABLE `xlite_xpc_payment_transaction_data` DISABLE KEYS */;
/*!40000 ALTER TABLE `xlite_xpc_payment_transaction_data` ENABLE KEYS */;
UNLOCK TABLES;

--
-- Table structure for table `xlite_zone_elements`
--

DROP TABLE IF EXISTS `xlite_zone_elements`;
/*!40101 SET @saved_cs_client     = @@character_set_client */;
/*!40101 SET character_set_client = utf8 */;
CREATE TABLE `xlite_zone_elements` (
  `element_id` int(11) NOT NULL AUTO_INCREMENT,
  `zone_id` int(11) DEFAULT NULL,
  `element_value` varchar(255) COLLATE utf8_unicode_ci NOT NULL,
  `element_type` char(1) COLLATE utf8_unicode_ci NOT NULL,
  PRIMARY KEY (`element_id`),
  KEY `IDX_2AF5A18A9F2C3FAB` (`zone_id`),
  KEY `type_value` (`element_type`,`element_value`),
  KEY `id_type` (`zone_id`,`element_type`),
  CONSTRAINT `FK_2AF5A18A9F2C3FAB` FOREIGN KEY (`zone_id`) REFERENCES `xlite_zones` (`zone_id`) ON DELETE CASCADE
) ENGINE=InnoDB AUTO_INCREMENT=43 DEFAULT CHARSET=utf8 COLLATE=utf8_unicode_ci;
/*!40101 SET character_set_client = @saved_cs_client */;

--
-- Dumping data for table `xlite_zone_elements`
--

LOCK TABLES `xlite_zone_elements` WRITE;
/*!40000 ALTER TABLE `xlite_zone_elements` DISABLE KEYS */;
INSERT INTO `xlite_zone_elements` VALUES (1,2,'US','C'),(2,2,'VI','C'),(3,2,'UM','C'),(4,3,'US','C'),(5,3,'VI','C'),(6,3,'UM','C'),(7,3,'CA','C'),(8,3,'US_NY','S'),(9,3,'US_ME','S'),(10,3,'US_VT','S'),(11,3,'US_NH','S'),(12,3,'US_MI','S'),(13,3,'US_MN','S'),(14,3,'US_WI','S'),(15,4,'AT','C'),(16,4,'BE','C'),(17,4,'BG','C'),(18,4,'HR','C'),(19,4,'CY','C'),(20,4,'CZ','C'),(21,4,'DK','C'),(22,4,'EE','C'),(23,4,'FL','C'),(24,4,'FR','C'),(25,4,'DE','C'),(26,4,'GR','C'),(27,4,'HU','C'),(28,4,'IE','C'),(29,4,'IT','C'),(30,4,'LV','C'),(31,4,'LT','C'),(32,4,'LU','C'),(33,4,'MT','C'),(34,4,'NL','C'),(35,4,'PL','C'),(36,4,'PT','C'),(37,4,'RO','C'),(38,4,'SK','C'),(39,4,'SI','C'),(40,4,'ES','C'),(41,4,'SE','C'),(42,4,'GB','C');
/*!40000 ALTER TABLE `xlite_zone_elements` ENABLE KEYS */;
UNLOCK TABLES;

--
-- Table structure for table `xlite_zones`
--

DROP TABLE IF EXISTS `xlite_zones`;
/*!40101 SET @saved_cs_client     = @@character_set_client */;
/*!40101 SET character_set_client = utf8 */;
CREATE TABLE `xlite_zones` (
  `zone_id` int(11) NOT NULL AUTO_INCREMENT,
  `zone_name` varchar(64) COLLATE utf8_unicode_ci NOT NULL,
  `is_default` tinyint(1) NOT NULL,
  PRIMARY KEY (`zone_id`),
  KEY `zone_name` (`zone_name`),
  KEY `zone_default` (`is_default`)
) ENGINE=InnoDB AUTO_INCREMENT=5 DEFAULT CHARSET=utf8 COLLATE=utf8_unicode_ci;
/*!40101 SET character_set_client = @saved_cs_client */;

--
-- Dumping data for table `xlite_zones`
--

LOCK TABLES `xlite_zones` WRITE;
/*!40000 ALTER TABLE `xlite_zones` DISABLE KEYS */;
INSERT INTO `xlite_zones` VALUES (1,'All Addresses (default zone)',1),(2,'United States',0),(3,'North of United States & Canada',0),(4,'Europe',0);
/*!40000 ALTER TABLE `xlite_zones` ENABLE KEYS */;
UNLOCK TABLES;
/*!40103 SET TIME_ZONE=@OLD_TIME_ZONE */;

/*!40101 SET SQL_MODE=@OLD_SQL_MODE */;
/*!40014 SET FOREIGN_KEY_CHECKS=@OLD_FOREIGN_KEY_CHECKS */;
/*!40014 SET UNIQUE_CHECKS=@OLD_UNIQUE_CHECKS */;
/*!40101 SET CHARACTER_SET_CLIENT=@OLD_CHARACTER_SET_CLIENT */;
/*!40101 SET CHARACTER_SET_RESULTS=@OLD_CHARACTER_SET_RESULTS */;
/*!40101 SET COLLATION_CONNECTION=@OLD_COLLATION_CONNECTION */;
/*!40111 SET SQL_NOTES=@OLD_SQL_NOTES */;

-- Dump completed on 2019-07-04 11:18:17
